post_id,fecha,plataforma,tipo_contenido,formato,es_dia_partido,alcance,impresiones,likes,comentarios,compartidos,guardados,comentarios_positivos,comentarios_negativos,interacciones,engagement_rate,atipico
P00001,2024-08-05,Instagram,Entrenamiento,Vídeo corto,0,10352.0,16610.0,470.0,29,49,41.0,18,4,589.0,0.05689721792890263,False
P00002,2024-08-05,Instagram,Patrocinador,Imagen,0,12634.0,19037.0,196.0,14,14,13.0,8,2,237.0,0.01875890454329587,False
P00003,2024-08-05,X,Institucional,Imagen,0,28112.0,45544.0,122.0,6,6,21.0,3,1,155.0,0.005513659647125782,False
P00004,2024-08-05,Facebook,Patrocinador,Imagen,0,17709.0,22778.0,77.0,6,6,5.0,2,1,94.0,0.005308035462194364,False
P00005,2024-08-05,Facebook,Cantera,Vídeo corto,0,30518.0,36656.0,172.0,11,8,17.0,6,2,208.0,0.006815649780457435,False
P00006,2024-08-06,Instagram,Resumen,Imagen,0,46075.0,53079.0,3197.0,297,261,104.0,150,57,3859.0,0.08375474769397721,False
P00007,2024-08-06,Instagram,Entrenamiento,Imagen,0,22168.0,27740.0,833.0,81,91,52.0,46,18,1057.0,0.04768134247564056,False
P00008,2024-08-06,Instagram,Efeméride,Vídeo largo,0,26923.0,38123.0,1342.0,79,119,84.0,45,16,1624.0,0.060320172343349555,False
P00009,2024-08-06,X,Patrocinador,Vídeo corto,0,21169.0,24646.0,274.0,20,20,22.0,11,5,336.0,0.015872266049411877,False
P00010,2024-08-06,X,Fichajes,Vídeo largo,0,14533.0,22640.0,266.0,18,27,10.0,10,4,321.0,0.022087662561067915,False
P00011,2024-08-06,Facebook,Entrenamiento,Vídeo largo,0,14519.0,16789.0,74.0,7,5,8.0,3,1,94.0,0.006474275087815965,False
P00012,2024-08-06,Facebook,Entrenamiento,Vídeo corto,0,7852.0,9327.0,99.0,4,6,7.0,1,1,116.0,0.014773306164034642,False
P00013,2024-08-06,Facebook,Entrenamiento,Imagen,0,16197.0,19351.0,135.0,12,7,13.0,6,2,167.0,0.010310551336667284,False
P00014,2024-08-06,TikTok,Fichajes,Vídeo corto,0,10964.0,16916.0,1372.0,96,94,54.0,46,25,1616.0,0.14739146296971908,False
P00015,2024-08-07,Instagram,Afición,Vídeo corto,0,20360.0,26734.0,1605.0,89,153,75.0,48,24,1922.0,0.09440078585461689,False
P00016,2024-08-07,Instagram,Cantera,Carrusel,0,8165.0,12746.0,529.0,26,43,17.0,12,6,615.0,0.07532149418248622,False
P00017,2024-08-07,Instagram,Afición,Imagen,0,16209.0,21518.0,721.0,43,61,28.0,20,10,853.0,0.052625084829415754,False
P00018,2024-08-07,YouTube,Cantera,Vídeo largo,0,2577.0,3718.0,53.0,2,3,5.0,0,0,63.0,0.024447031431897557,False
P00019,2024-08-07,YouTube,Efeméride,Vídeo corto,0,4623.0,6682.0,127.0,10,8,15.0,5,2,160.0,0.03460956089119619,False
P00020,2024-08-07,YouTube,Efeméride,Vídeo largo,0,3353.0,5454.0,69.0,5,6,1.0,2,1,81.0,0.02415747092156278,False
P00021,2024-08-08,Instagram,Afición,Carrusel,0,44155.0,69828.0,2147.0,193,161,163.0,111,39,2664.0,0.06033291812931718,False
P00022,2024-08-08,Instagram,Previa,Imagen,0,16303.0,20913.0,562.0,32,58,63.0,16,8,715.0,0.043856958841930936,False
P00023,2024-08-08,X,Entrenamiento,Texto,0,15970.0,24290.0,90.0,7,5,4.0,4,1,106.0,0.006637445209768315,False
P00024,2024-08-08,X,Cantera,Vídeo corto,0,31690.0,39759.0,719.0,38,63,71.0,22,6,891.0,0.02811612496055538,False
P00025,2024-08-08,YouTube,Resumen,Vídeo corto,0,6351.0,10404.0,491.0,32,26,58.0,14,9,607.0,0.09557549992127225,False
P00026,2024-08-08,YouTube,Fichajes,Vídeo corto,0,4775.0,7606.0,261.0,15,13,18.0,8,3,307.0,0.06429319371727749,False
P00027,2024-08-08,YouTube,Entrenamiento,Vídeo largo,0,5763.0,7898.0,118.0,7,7,12.0,3,1,144.0,0.024986985944820406,False
P00028,2024-08-09,Instagram,Entrenamiento,Vídeo corto,0,23526.0,38595.0,1203.0,75,124,50.0,38,16,1452.0,0.06171894924764091,False
P00029,2024-08-09,Instagram,Resumen,Imagen,0,18208.0,28163.0,862.0,66,86,28.0,35,14,1042.0,0.05722759226713533,False
P00030,2024-08-09,Instagram,Entrenamiento,Carrusel,0,16855.0,23740.0,286.0,25,29,25.0,12,4,365.0,0.021655295164639574,False
P00031,2024-08-09,X,Resumen,Vídeo corto,0,14988.0,19301.0,627.0,56,41,51.0,24,13,775.0,0.05170803309314118,False
P00032,2024-08-09,X,Efeméride,Texto,0,18576.0,22868.0,169.0,8,15,14.0,4,1,206.0,0.011089577950043067,False
P00033,2024-08-09,Facebook,Afición,Carrusel,0,28377.0,36427.0,398.0,32,26,48.0,17,8,504.0,0.017760862670472565,False
P00034,2024-08-09,Facebook,Efeméride,Imagen,0,5523.0,7897.0,41.0,2,3,2.0,1,0,48.0,0.008690928843020097,False
P00035,2024-08-10,Instagram,Institucional,Carrusel,0,16082.0,25533.0,474.0,39,47,46.0,21,9,606.0,0.037681880363138916,False
P00036,2024-08-10,Instagram,Institucional,Carrusel,0,13341.0,15290.0,273.0,14,21,15.0,7,3,323.0,0.02421107862978787,False
P00037,2024-08-10,X,Efeméride,Imagen,0,12686.0,17448.0,177.0,16,9,10.0,7,4,212.0,0.016711335330285355,False
P00038,2024-08-10,X,Efeméride,Texto,0,18592.0,27527.0,248.0,17,14,24.0,9,2,303.0,0.0162973321858864,False
P00039,2024-08-10,X,Afición,Vídeo corto,0,19118.0,26026.0,299.0,16,20,40.0,7,3,375.0,0.019615022491892457,False
P00040,2024-08-10,X,Entrenamiento,Imagen,0,20731.0,25303.0,254.0,16,24,16.0,8,3,310.0,0.014953451353046163,False
P00041,2024-08-10,X,Entrenamiento,Imagen,0,14115.0,16148.0,255.0,16,19,10.0,7,4,300.0,0.021253985122210415,False
P00042,2024-08-10,Facebook,Efeméride,Vídeo corto,0,4969.0,6214.0,86.0,8,7,0.0,3,3,101.0,0.02032602133226001,False
P00043,2024-08-10,YouTube,Resumen,Vídeo largo,0,1555.0,7337.0,36.0,1,3,4.0,0,0,44.0,0.02829581993569132,False
P00044,2024-08-10,YouTube,Entrenamiento,Vídeo largo,0,5431.0,8213.0,114.0,6,9,13.0,3,1,142.0,0.02614619775363653,False
P00045,2024-08-11,Instagram,Afición,Vídeo largo,0,36004.0,55047.0,2164.0,120,177,160.0,58,21,2621.0,0.07279746694811688,False
P00046,2024-08-11,X,Patrocinador,Imagen,0,28419.0,34819.0,120.0,5,9,9.0,2,0,143.0,0.005031844892501495,False
P00047,2024-08-11,Facebook,Fichajes,Imagen,0,9052.0,13561.0,84.0,5,7,11.0,3,1,107.0,0.011820592134334954,False
P00048,2024-08-12,Instagram,Entrenamiento,Carrusel,0,8624.0,11326.0,361.0,24,34,18.0,12,4,437.0,0.05067254174397032,False
P00049,2024-08-12,X,Entrenamiento,Texto,0,18370.0,22070.0,237.0,21,22,16.0,12,3,296.0,0.016113228089275993,False
P00050,2024-08-12,Facebook,Entrenamiento,Vídeo largo,0,22544.0,26780.0,159.0,7,8,16.0,3,1,190.0,0.008427963094393186,False
P00051,2024-08-12,YouTube,Entrenamiento,Vídeo largo,0,7628.0,11893.0,91.0,6,9,9.0,3,1,115.0,0.015076035658101731,False
P00052,2024-08-13,Instagram,Entrenamiento,Texto,0,58635.0,91261.0,1750.0,126,87,168.0,76,21,2131.0,0.03634348085614394,False
P00053,2024-08-13,Instagram,Cantera,Imagen,0,24134.0,38280.0,465.0,37,23,52.0,18,8,577.0,0.02390817933206265,False
P00054,2024-08-13,Instagram,Previa,Vídeo corto,0,32958.0,43528.0,1790.0,121,130,77.0,68,22,2118.0,0.06426360822865465,False
P00055,2024-08-13,YouTube,Patrocinador,Vídeo corto,0,5773.0,8122.0,86.0,4,4,6.0,2,0,100.0,0.017322016282695307,False
P00056,2024-08-14,Instagram,Fichajes,Vídeo corto,0,10684.0,16002.0,981.0,85,85,70.0,39,15,1221.0,0.11428304005990265,False
P00057,2024-08-14,Instagram,Resumen,Imagen,0,29972.0,46864.0,2194.0,106,139,200.0,60,21,2639.0,0.0880488455892166,False
P00058,2024-08-14,Instagram,Efeméride,Imagen,0,19064.0,31086.0,598.0,34,34,59.0,18,9,725.0,0.03802979437683592,False
P00059,2024-08-15,Instagram,Institucional,Carrusel,0,66663.0,89255.0,2119.0,187,137,55.0,73,40,2498.0,0.03747206096335298,False
P00060,2024-08-15,X,Cantera,Texto,0,12828.0,15535.0,85.0,5,8,7.0,2,1,105.0,0.008185219831618335,False
P00061,2024-08-15,Facebook,Afición,Imagen,0,16033.0,22470.0,464.0,22,38,36.0,11,6,560.0,0.03492796108027194,False
P00062,2024-08-15,TikTok,Afición,Vídeo corto,0,5686.0,7205.0,664.0,49,62,41.0,29,10,816.0,0.14351037636299682,False
P00063,2024-08-15,YouTube,Entrenamiento,Vídeo corto,0,3761.0,5165.0,170.0,14,17,9.0,6,3,210.0,0.05583621377293273,False
P00064,2024-08-16,Facebook,Entrenamiento,Vídeo corto,0,10510.0,14950.0,212.0,19,10,10.0,11,3,251.0,0.023882017126546147,False
P00065,2024-08-16,Facebook,Entrenamiento,Vídeo corto,0,20264.0,24864.0,706.0,39,51,10.0,23,6,806.0,0.0397749703908409,False
P00066,2024-08-16,YouTube,Previa,Vídeo largo,0,4295.0,4924.0,102.0,7,11,11.0,4,1,131.0,0.03050058207217695,False
P00067,2024-08-17,Instagram,Afición,Vídeo largo,1,24249.0,27346.0,883.0,64,88,0.0,29,19,1035.0,0.04268217246072003,False
P00068,2024-08-17,Instagram,Directo,Carrusel,1,20673.0,26479.0,1589.0,98,149,16.0,50,28,1852.0,0.08958544962027766,False
P00069,2024-08-17,X,Previa,Imagen,1,16984.0,21807.0,153.0,10,15,8.0,6,1,186.0,0.01095148374941121,False
P00070,2024-08-17,X,Resumen,Vídeo corto,1,19024.0,22495.0,439.0,33,38,26.0,16,8,536.0,0.028174936921783012,False
P00071,2024-08-17,Facebook,Resumen,Imagen,1,17880.0,21797.0,312.0,21,33,31.0,13,4,397.0,0.02220357941834452,False
P00072,2024-08-17,Facebook,Patrocinador,Vídeo corto,1,48391.0,68276.0,380.0,22,27,14.0,10,5,443.0,0.009154594862681078,False
P00073,2024-08-17,Facebook,Afición,Imagen,1,29187.0,42661.0,312.0,22,27,19.0,10,5,380.0,0.013019494980642067,False
P00074,2024-08-17,Facebook,Institucional,Imagen,1,26155.0,32101.0,153.0,8,15,6.0,4,1,182.0,0.006958516536035175,False
P00075,2024-08-17,TikTok,Resumen,Vídeo corto,1,11598.0,14547.0,1754.0,163,152,179.0,88,30,2248.0,0.19382652181410587,False
P00076,2024-08-17,TikTok,Afición,Vídeo corto,1,6846.0,8334.0,886.0,50,73,110.0,25,11,1119.0,0.16345311130587203,False
P00077,2024-08-17,TikTok,Resumen,Vídeo corto,1,4333.0,4941.0,1172.0,93,90,79.0,40,27,1434.0,0.33094853450265405,False
P00078,2024-08-17,YouTube,Previa,Vídeo corto,1,8582.0,12972.0,279.0,22,17,37.0,11,4,355.0,0.041365649032859476,False
P00079,2024-08-17,YouTube,Resumen,Vídeo largo,1,16046.0,19867.0,1147.0,100,86,67.0,51,18,1400.0,0.08724915866882713,False
P00080,2024-08-17,YouTube,Resumen,Vídeo largo,1,2530.0,3988.0,83.0,7,4,5.0,4,1,99.0,0.0391304347826087,False
P00081,2024-08-18,Instagram,Efeméride,Imagen,0,13172.0,16759.0,508.0,44,55,37.0,22,7,644.0,0.04889158821743091,False
P00082,2024-08-18,Instagram,Previa,Vídeo largo,0,19465.0,21865.0,398.0,32,31,12.0,15,6,473.0,0.024300025687130748,False
P00083,2024-08-18,Instagram,Institucional,Carrusel,0,31532.0,40881.0,1127.0,84,81,91.0,40,18,1383.0,0.0438602055055182,False
P00084,2024-08-18,X,Entrenamiento,Vídeo corto,0,23148.0,33325.0,267.0,22,23,22.0,11,4,334.0,0.014428892344911008,False
P00085,2024-08-18,X,Previa,Texto,0,19148.0,28657.0,88.0,5,7,9.0,2,1,109.0,0.005692500522247754,False
P00086,2024-08-18,Facebook,Directo,Imagen,0,23051.0,33845.0,282.0,18,17,32.0,8,4,349.0,0.015140340983037612,False
P00087,2024-08-19,Instagram,Entrenamiento,Carrusel,0,21050.0,26163.0,779.0,39,60,107.0,22,7,985.0,0.04679334916864608,False
P00088,2024-08-19,Instagram,Efeméride,Vídeo corto,0,28290.0,39021.0,2105.0,142,230,217.0,67,41,2694.0,0.09522799575821846,False
P00089,2024-08-19,YouTube,Entrenamiento,Vídeo largo,0,4668.0,6789.0,54.0,2,3,8.0,1,0,67.0,0.014353041988003428,False
P00090,2024-08-20,Facebook,Entrenamiento,Vídeo largo,0,16714.0,22502.0,100.0,8,9,4.0,4,1,121.0,0.007239439990427187,False
P00091,2024-08-21,Instagram,Entrenamiento,Imagen,0,11208.0,16099.0,350.0,22,26,22.0,11,6,420.0,0.03747323340471092,False
P00092,2024-08-21,Instagram,Efeméride,Vídeo corto,0,16197.0,26649.0,888.0,75,86,42.0,40,18,1091.0,0.06735815274433538,False
P00093,2024-08-21,X,Efeméride,Carrusel,0,12390.0,15634.0,324.0,21,26,9.0,13,3,380.0,0.03066989507667474,False
P00094,2024-08-21,X,Patrocinador,Texto,0,28251.0,46130.0,123.0,7,12,7.0,3,1,149.0,0.005274149587625216,False
P00095,2024-08-21,TikTok,Entrenamiento,Vídeo corto,0,5021.0,6848.0,284.0,24,29,11.0,13,6,348.0,0.06930890260904202,False
P00096,2024-08-22,Instagram,Afición,Imagen,0,17469.0,28757.0,1097.0,67,84,35.0,40,14,1283.0,0.07344438720018318,False
P00097,2024-08-22,Instagram,Entrenamiento,Carrusel,0,39193.0,59970.0,811.0,65,73,67.0,32,19,1016.0,0.02592299645344832,False
P00098,2024-08-22,Facebook,Cantera,Imagen,0,11474.0,17165.0,73.0,3,5,4.0,1,0,85.0,0.007408052989367265,False
P00099,2024-08-22,Facebook,Patrocinador,Vídeo corto,0,18973.0,27939.0,139.0,11,8,17.0,5,2,175.0,0.009223633584567544,False
P00100,2024-08-22,Facebook,Patrocinador,Vídeo corto,0,12137.0,19771.0,96.0,7,4,11.0,3,1,118.0,0.009722336656504902,False
P00101,2024-08-22,Facebook,Cantera,Imagen,0,9724.0,15321.0,55.0,4,3,8.0,2,0,70.0,0.007198683669271904,False
P00102,2024-08-22,Facebook,Entrenamiento,Imagen,0,22995.0,28905.0,331.0,19,18,26.0,8,6,394.0,0.017134159599913025,False
P00103,2024-08-22,Facebook,Previa,Carrusel,0,5257.0,7209.0,51.0,4,3,5.0,2,0,63.0,0.011984021304926764,False
P00104,2024-08-22,TikTok,Patrocinador,Vídeo corto,0,5854.0,9658.0,233.0,22,16,22.0,12,4,293.0,0.05005124701059105,False
P00105,2024-08-23,Instagram,Cantera,Vídeo corto,0,28764.0,44667.0,1357.0,134,153,80.0,69,26,1724.0,0.05993603115004867,False
P00106,2024-08-23,Instagram,Fichajes,Carrusel,0,23478.0,27264.0,2150.0,176,228,44.0,92,37,2598.0,0.11065678507538973,False
P00107,2024-08-23,X,Patrocinador,Imagen,0,7115.0,11104.0,29.0,2,2,4.0,0,0,37.0,0.005200281096275475,False
P00108,2024-08-23,X,Entrenamiento,Vídeo largo,0,29760.0,47683.0,439.0,26,23,46.0,14,5,534.0,0.017943548387096775,False
P00109,2024-08-23,Facebook,Previa,Vídeo corto,0,13275.0,18463.0,278.0,16,24,13.0,8,3,331.0,0.024934086629001883,False
P00110,2024-08-24,X,Institucional,Vídeo corto,1,40560.0,66342.0,726.0,48,39,36.0,32,5,849.0,0.020931952662721895,False
P00111,2024-08-24,X,Previa,Texto,1,48831.0,67724.0,509.0,41,36,34.0,26,9,620.0,0.012696852409330139,False
P00112,2024-08-24,Facebook,Directo,Vídeo corto,1,7935.0,11372.0,179.0,14,11,10.0,10,1,214.0,0.026969124133585383,False
P00113,2024-08-24,Facebook,Resumen,Vídeo corto,1,17255.0,28374.0,556.0,42,52,62.0,30,5,712.0,0.04126340191248913,False
P00114,2024-08-24,TikTok,Directo,Vídeo corto,1,7451.0,9241.0,858.0,55,63,69.0,42,5,1045.0,0.1402496309220239,False
P00115,2024-08-24,TikTok,Resumen,Vídeo corto,1,8710.0,11669.0,1864.0,143,204,92.0,96,28,2303.0,0.26440872560275547,False
P00116,2024-08-24,YouTube,Patrocinador,Vídeo largo,1,4058.0,5627.0,42.0,2,4,3.0,1,0,51.0,0.012567767373090193,False
P00117,2024-08-24,YouTube,Resumen,Vídeo corto,1,5376.0,10673.0,525.0,45,39,57.0,30,8,666.0,0.12388392857142858,True
P00118,2024-08-24,YouTube,Previa,Vídeo corto,1,6147.0,9345.0,256.0,19,27,26.0,13,2,328.0,0.05335936229054823,False
P00119,2024-08-25,Instagram,Resumen,Imagen,0,23611.0,29110.0,1319.0,99,89,50.0,55,26,1557.0,0.06594383973571641,False
P00120,2024-08-25,X,Fichajes,Imagen,0,22937.0,32258.0,549.0,51,57,21.0,26,8,678.0,0.02955922744909971,False
P00121,2024-08-25,Facebook,Efeméride,Imagen,0,9666.0,11151.0,41.0,2,3,3.0,1,0,49.0,0.0050693151251810465,False
P00122,2024-08-25,TikTok,Patrocinador,Vídeo corto,0,8306.0,2975.0,115.0,10,8,11.0,5,2,144.0,0.017336864916927524,False
P00123,2024-08-25,TikTok,Efeméride,Vídeo corto,0,7097.0,7966.0,493.0,43,36,29.0,21,10,601.0,0.0846836691559814,False
P00124,2024-08-26,X,Entrenamiento,Vídeo corto,0,10042.0,14312.0,170.0,14,8,22.0,5,3,214.0,0.021310495917147978,False
P00125,2024-08-26,X,Previa,Vídeo corto,0,18476.0,25908.0,265.0,20,20,21.0,9,5,326.0,0.017644511799090712,False
P00126,2024-08-26,TikTok,Cantera,Vídeo corto,0,11568.0,17595.0,941.0,89,57,42.0,52,21,1129.0,0.09759681881051176,False
P00127,2024-08-27,Facebook,Efeméride,Carrusel,0,14017.0,20063.0,156.0,14,12,5.0,5,3,187.0,0.013340943140472284,False
P00128,2024-08-27,Facebook,Entrenamiento,Texto,0,12844.0,18518.0,113.0,6,12,5.0,2,1,136.0,0.01058860168171909,False
P00129,2024-08-27,Facebook,Fichajes,Vídeo corto,0,13209.0,16408.0,224.0,17,11,23.0,10,2,275.0,0.02081913846619729,False
P00130,2024-08-27,Facebook,Efeméride,Carrusel,0,6082.0,8494.0,60.0,4,5,6.0,1,1,75.0,0.012331469911213417,False
P00131,2024-08-27,Facebook,Patrocinador,Vídeo corto,0,11501.0,16822.0,97.0,7,5,8.0,4,1,117.0,0.010173028432310233,False
P00132,2024-08-28,X,Entrenamiento,Texto,0,32981.0,43886.0,383.0,30,37,25.0,16,8,475.0,0.014402231587883934,False
P00133,2024-08-28,X,Efeméride,Texto,0,22794.0,36812.0,171.0,11,10,18.0,6,2,210.0,0.009212950776520137,False
P00134,2024-08-28,Facebook,Efeméride,Vídeo largo,0,6821.0,8520.0,52.0,3,4,6.0,1,0,65.0,0.009529394516933002,False
P00135,2024-08-28,TikTok,Entrenamiento,Vídeo corto,0,5449.0,6270.0,483.0,34,45,45.0,20,5,607.0,0.11139658652963846,False
P00136,2024-08-28,TikTok,Afición,Vídeo corto,0,5837.0,6787.0,847.0,53,55,87.0,27,16,1042.0,0.1785163611444235,False
P00137,2024-08-28,TikTok,Patrocinador,Vídeo corto,0,2915.0,4537.0,201.0,17,18,0.0,9,3,236.0,0.08096054888507719,False
P00138,2024-08-28,TikTok,Afición,Vídeo corto,0,7108.0,8417.0,732.0,49,71,24.0,27,13,876.0,0.12324141812042769,False
P00139,2024-08-28,YouTube,Cantera,Vídeo largo,0,4944.0,6709.0,101.0,7,11,7.0,4,1,126.0,0.025485436893203883,False
P00140,2024-08-29,X,Institucional,Imagen,0,26408.0,32079.0,179.0,11,13,14.0,5,3,217.0,0.008217206906997879,False
P00141,2024-08-29,X,Afición,Texto,0,14956.0,18838.0,169.0,9,15,22.5,5,2,215.5,0.01440893286975127,False
P00142,2024-08-29,X,Institucional,Vídeo corto,0,22531.0,28424.0,265.0,15,21,36.0,8,3,337.0,0.014957170121166393,False
P00143,2024-08-29,YouTube,Cantera,Vídeo largo,0,8946.0,10664.0,110.0,9,9,6.0,5,1,134.0,0.014978761457634698,False
P00144,2024-08-30,Instagram,Institucional,Texto,0,33703.0,53691.0,612.0,53,33,64.0,28,10,762.0,0.022609263270332018,False
P00145,2024-08-30,X,Efeméride,Carrusel,0,17676.0,21616.0,323.0,26,18,14.0,14,7,381.0,0.021554650373387645,False
P00146,2024-08-30,Facebook,Entrenamiento,Imagen,0,18877.0,27483.0,163.0,11,12,18.0,6,1,204.0,0.0108068019282725,False
P00147,2024-08-31,Instagram,Afición,Vídeo corto,1,51962.0,66418.0,5894.0,360,592,340.0,253,49,7186.0,0.13829336823063007,False
P00148,2024-08-31,Instagram,Cantera,Imagen,1,72492.0,117303.0,1797.0,114,188,110.0,77,23,2209.0,0.030472327981018597,False
P00149,2024-08-31,X,Directo,Imagen,1,22964.0,34331.0,795.0,58,65,16.0,42,8,934.0,0.04067235673227661,False
P00150,2024-08-31,X,Previa,Vídeo corto,1,46287.0,74800.0,1080.0,58,103,17.0,35,11,1258.0,0.02717825739408473,False
P00151,2024-08-31,X,Resumen,Imagen,1,17580.0,26433.0,415.0,32,42,40.0,19,5,529.0,0.030091012514220705,False
P00152,2024-08-31,Facebook,Previa,Vídeo corto,1,28416.0,38441.0,562.0,41,28,30.0,27,6,661.0,0.023261542792792793,False
P00153,2024-08-31,TikTok,Previa,Vídeo corto,1,7103.0,9490.0,1231.0,71,76,74.0,48,10,1452.0,0.20442066732366607,False
P00154,2024-08-31,TikTok,Resumen,Vídeo corto,1,13609.0,21553.0,2988.0,259,189,163.0,181,27,3599.0,0.26445734440443824,False
P00155,2024-08-31,YouTube,Patrocinador,Vídeo corto,1,3967.0,5848.0,82.0,4,8,10.0,3,0,104.0,0.02621628434585329,False
P00156,2024-08-31,YouTube,Directo,Vídeo largo,1,8196.0,9511.0,352.0,30,29,8.0,20,4,419.0,0.05112249877989263,False
P00157,2024-08-31,YouTube,Resumen,Vídeo largo,1,5749.0,9357.0,186.0,9,13,8.0,5,2,216.0,0.037571751608975475,False
P00158,2024-09-01,Instagram,Patrocinador,Imagen,0,19375.0,29077.0,308.0,27,29,21.0,14,6,385.0,0.019870967741935485,False
P00159,2024-09-01,Instagram,Fichajes,Imagen,0,26015.0,29263.0,1227.0,65,128,84.0,31,19,1504.0,0.05781280030751489,False
P00160,2024-09-01,X,Fichajes,Vídeo corto,0,13822.0,21190.0,621.0,55,44,15.0,30,9,735.0,0.05317609607871509,False
P00161,2024-09-01,Facebook,Entrenamiento,Vídeo corto,0,17052.0,19365.0,149.0,13,12,7.0,8,2,181.0,0.010614590663851748,False
P00162,2024-09-01,Facebook,Entrenamiento,Vídeo corto,0,11149.0,17523.0,182.0,16,18,0.0,7,5,216.0,0.0193739348820522,False
P00163,2024-09-01,YouTube,Institucional,Vídeo largo,0,4768.0,6937.0,37.0,2,3,3.0,0,0,45.0,0.009437919463087249,False
P00164,2024-09-02,Instagram,Efeméride,Vídeo largo,0,18822.0,23892.0,808.0,45,49,46.0,27,10,948.0,0.05036659228562321,False
P00165,2024-09-02,Instagram,Fichajes,Vídeo corto,0,23656.0,35401.0,2871.0,172,254,234.0,89,39,3531.0,0.14926445722015555,False
P00166,2024-09-02,Instagram,Entrenamiento,Imagen,0,16716.0,18897.0,510.0,37,49,5.0,19,10,601.0,0.03595357741086384,False
P00167,2024-09-02,X,Cantera,Carrusel,0,30223.0,48018.0,286.0,26,19,6.0,13,6,337.0,0.011150448334050227,False
P00168,2024-09-02,X,Patrocinador,Vídeo largo,0,37245.0,54331.0,233.0,19,21,8.0,8,3,281.0,0.007544636864008592,False
P00169,2024-09-03,Instagram,Institucional,Imagen,0,25530.0,40102.0,522.0,40,52,2.0,20,7,616.0,0.024128476302389346,False
P00170,2024-09-03,Instagram,Entrenamiento,Vídeo corto,0,20325.0,24733.0,1647.0,155,85,111.0,93,34,1998.0,0.09830258302583025,False
P00171,2024-09-03,Instagram,Afición,Vídeo corto,0,72858.0,113850.0,9616.0,797,825,295.0,393,236,11533.0,0.1582942161464767,False
P00172,2024-09-03,X,Cantera,Imagen,0,14225.0,17436.0,258.0,15,26,31.0,8,3,330.0,0.023198594024604568,False
P00173,2024-09-03,Facebook,Fichajes,Vídeo corto,0,8191.0,12396.0,246.0,19,18,24.0,11,4,307.0,0.03748016115248443,False
P00174,2024-09-03,TikTok,Institucional,Vídeo corto,0,3886.0,4921.0,234.0,18,22,2.0,9,4,276.0,0.07102418939783839,False
P00175,2024-09-04,X,Afición,Imagen,0,15961.0,23928.0,163.0,8,12,11.0,4,1,194.0,0.01215462690307625,False
P00176,2024-09-04,Facebook,Previa,Imagen,0,11226.0,12742.0,96.0,5,6,6.0,2,1,113.0,0.010065918403705684,False
P00177,2024-09-04,Facebook,Afición,Imagen,0,12796.0,14840.0,130.0,7,11,5.0,2,1,153.0,0.011956861519224758,False
P00178,2024-09-05,X,Patrocinador,Vídeo corto,0,26665.0,32448.0,333.0,27,22,13.0,16,4,395.0,0.014813425839114944,False
P00179,2024-09-05,Facebook,Fichajes,Imagen,0,14564.0,23939.0,134.0,9,9,10.0,5,1,162.0,0.01112331776984345,False
P00180,2024-09-05,Facebook,Previa,Vídeo corto,0,21957.0,30622.0,236.0,15,11,20.0,8,4,282.0,0.012843284601721546,False
P00181,2024-09-06,Instagram,Entrenamiento,Imagen,0,13839.0,20145.0,345.0,32,30,29.0,15,7,436.0,0.031505166558277335,False
P00182,2024-09-06,Instagram,Efeméride,Imagen,0,9634.0,15424.0,416.0,30,33,7.0,15,9,486.0,0.050446335893709775,False
P00183,2024-09-06,X,Cantera,Texto,0,18516.0,21083.0,144.0,11,15,0.0,5,3,170.0,0.009181248649816376,False
P00184,2024-09-06,YouTube,Patrocinador,Vídeo corto,0,4187.0,4945.0,69.0,4,4,5.0,2,0,82.0,0.01958442799140196,False
P00185,2024-09-06,YouTube,Resumen,Vídeo corto,0,4790.0,5506.0,461.0,27,46,4.0,14,7,538.0,0.11231732776617954,True
P00186,2024-09-07,Instagram,Efeméride,Imagen,1,37175.0,55914.0,922.0,49,57,134.0,16,12,1162.0,0.03125756556825824,False
P00187,2024-09-07,Instagram,Resumen,Vídeo corto,1,28048.0,31768.0,1925.0,174,124,60.0,81,34,2283.0,0.08139617798060468,False
P00188,2024-09-07,Instagram,Previa,Imagen,1,28899.0,44512.0,1231.0,109,96,80.0,47,25,1516.0,0.05245856258002007,False
P00189,2024-09-07,Instagram,Previa,Carrusel,1,23624.0,37914.0,789.0,74,66,76.0,23,26,1005.0,0.042541483237385706,False
P00190,2024-09-07,Facebook,Afición,Carrusel,1,22756.0,37500.0,406.0,31,31,26.0,8,8,494.0,0.021708560379680084,False
P00191,2024-09-07,Facebook,Directo,Vídeo corto,1,30437.0,35563.0,621.0,33,57,17.0,12,9,728.0,0.02391825738410487,False
P00192,2024-09-07,Facebook,Directo,Imagen,1,15989.0,21414.0,155.0,13,7,16.0,5,3,191.0,0.011945712677465758,False
P00193,2024-09-07,Facebook,Institucional,Vídeo largo,1,33794.0,44553.0,89.0,8,6,6.0,3,2,109.0,0.003225424631591407,False
P00194,2024-09-07,TikTok,Directo,Vídeo corto,1,6280.0,9217.0,515.0,32,49,68.5,9,9,664.5,0.10581210191082803,False
P00195,2024-09-07,YouTube,Patrocinador,Vídeo corto,1,4899.0,8031.0,54.0,3,5,1.0,1,0,63.0,0.012859767299448868,False
P00196,2024-09-07,YouTube,Efeméride,Vídeo corto,1,3150.0,4496.0,79.0,6,6,8.0,2,1,99.0,0.03142857142857143,False
P00197,2024-09-07,YouTube,Resumen,Vídeo largo,1,9295.0,13619.0,196.0,19,14,15.0,6,4,244.0,0.026250672404518557,False
P00198,2024-09-08,Instagram,Institucional,Imagen,0,36587.0,41812.0,714.0,41,57,59.0,22,8,871.0,0.023806269986607266,False
P00199,2024-09-08,Instagram,Entrenamiento,Texto,0,25758.0,36688.0,358.0,30,35,32.0,16,7,455.0,0.01766441493904806,False
P00200,2024-09-08,Instagram,Afición,Imagen,0,23821.0,31571.0,1171.0,91,108,108.0,48,16,1478.0,0.06204609378279669,False
P00201,2024-09-08,X,Efeméride,Vídeo corto,0,47306.0,65207.0,610.0,50,41,32.0,35,9,733.0,0.015494863230879804,False
P00202,2024-09-08,X,Efeméride,Texto,0,26042.0,37496.0,183.0,14,20,14.0,6,3,231.0,0.008870286460333308,False
P00203,2024-09-08,X,Afición,Texto,0,23890.0,34774.0,250.0,15,19,18.0,8,4,302.0,0.012641272498953537,False
P00204,2024-09-08,X,Entrenamiento,Carrusel,0,12636.0,20303.0,207.0,15,14,21.0,8,4,257.0,0.02033871478315923,False
P00205,2024-09-08,Facebook,Entrenamiento,Vídeo largo,0,8991.0,10890.0,91.0,7,6,3.0,3,2,107.0,0.011900789678567456,False
P00206,2024-09-09,Instagram,Entrenamiento,Texto,0,33131.0,45527.0,936.0,51,95,83.0,26,10,1165.0,0.035163442093507594,False
P00207,2024-09-09,Instagram,Fichajes,Vídeo corto,0,36481.0,46488.0,2148.0,106,186,159.0,57,23,2599.0,0.0712425646226803,False
P00208,2024-09-09,Instagram,Institucional,Imagen,0,11578.0,17520.0,289.0,18,26,35.0,9,5,368.0,0.03178441872516842,False
P00209,2024-09-09,Instagram,Afición,Vídeo corto,0,22825.0,37404.0,1264.0,119,90,80.0,69,28,1553.0,0.068039430449069,False
P00210,2024-09-09,X,Institucional,Vídeo corto,0,18696.0,24790.0,95.0,5,6,5.0,2,0,111.0,0.005937098844672657,False
P00211,2024-09-09,Facebook,Previa,Imagen,0,16157.0,18387.0,253.0,18,14,37.0,11,3,322.0,0.019929442346970354,False
P00212,2024-09-09,Facebook,Entrenamiento,Carrusel,0,18586.0,29209.0,149.0,11,15,13.0,5,2,188.0,0.01011514042827935,False
P00213,2024-09-10,Instagram,Afición,Carrusel,0,19894.0,24527.0,710.0,60,47,35.0,30,18,852.0,0.04282698300995275,False
P00214,2024-09-10,Instagram,Efeméride,Imagen,0,15842.0,26109.0,728.0,68,43,51.0,29,20,890.0,0.056179775280898875,False
P00215,2024-09-10,Facebook,Institucional,Carrusel,0,10791.0,13896.0,53.0,3,3,8.0,1,0,67.0,0.0062088777685107965,False
P00216,2024-09-10,Facebook,Efeméride,Carrusel,0,9561.0,14689.0,72.0,4,7,5.0,1,0,88.0,0.009204058152912874,False
P00217,2024-09-10,YouTube,Patrocinador,Vídeo largo,0,6726.0,8339.0,62.0,4,6,2.0,2,0,74.0,0.011002081474873625,False
P00218,2024-09-11,Instagram,Cantera,Imagen,0,30380.0,38465.0,775.0,53,83,69.0,23,14,980.0,0.03225806451612903,False
P00219,2024-09-11,X,Entrenamiento,Texto,0,21158.0,26849.0,152.0,14,15,11.0,7,3,192.0,0.009074581718498913,False
P00220,2024-09-11,Facebook,Resumen,Imagen,0,50340.0,74958.0,530.0,27,54,6.0,15,4,617.0,0.012256654747715534,False
P00221,2024-09-11,Facebook,Afición,Carrusel,0,9301.0,14300.0,91.0,6,4,17.0,3,1,118.0,0.012686807870121492,False
P00222,2024-09-11,TikTok,Patrocinador,Vídeo corto,0,5188.0,6415.0,192.0,12,16,23.0,6,3,243.0,0.046838858905165766,False
P00223,2024-09-11,TikTok,Institucional,Vídeo corto,0,7005.0,11443.0,274.0,24,17,7.0,13,5,322.0,0.04596716630977873,False
P00224,2024-09-11,YouTube,Efeméride,Vídeo largo,0,3693.0,4184.0,88.0,6,4,5.0,3,1,103.0,0.027890603845112376,False
P00225,2024-09-12,Instagram,Cantera,Imagen,0,17486.0,26108.0,279.0,19,16,39.0,10,4,353.0,0.02018757863433604,False
P00226,2024-09-12,Instagram,Previa,Imagen,0,28598.0,39097.0,1086.0,92,102,64.0,60,13,1344.0,0.0469962934470942,False
P00227,2024-09-12,Instagram,Patrocinador,Imagen,0,21534.0,32862.0,420.0,30,43,44.0,16,6,537.0,0.024937308442463082,False
P00228,2024-09-12,X,Entrenamiento,Carrusel,0,11235.0,14318.0,191.0,12,13,22.0,6,2,238.0,0.02118380062305296,False
P00229,2024-09-12,Facebook,Directo,Imagen,0,9681.0,12730.0,179.0,10,16,11.0,5,2,216.0,0.022311744654477845,False
P00230,2024-09-12,Facebook,Fichajes,Vídeo corto,0,6441.0,7842.0,125.0,12,7,16.0,6,3,160.0,0.024840863219996893,False
P00231,2024-09-12,TikTok,Institucional,Vídeo corto,0,6303.0,8943.0,377.0,19,33,26.0,9,4,455.0,0.07218784705695701,False
P00232,2024-09-12,YouTube,Cantera,Vídeo largo,0,5626.0,7738.0,69.0,6,4,8.0,2,1,87.0,0.015463917525773196,False
P00233,2024-09-12,YouTube,Fichajes,Vídeo corto,0,4411.0,6217.0,472.0,33,22,27.0,15,9,554.0,0.1255951031512129,True
P00234,2024-09-13,Instagram,Efeméride,Vídeo corto,0,14596.0,17197.0,606.0,38,36,44.0,21,8,724.0,0.04960263085776925,False
P00235,2024-09-13,X,Entrenamiento,Texto,0,10736.0,17075.0,87.0,8,7,9.0,3,2,111.0,0.010339046199701937,False
P00236,2024-09-13,X,Entrenamiento,Carrusel,0,15770.0,20429.0,226.0,21,13,8.0,11,5,268.0,0.01699429296131896,False
P00237,2024-09-13,Facebook,Fichajes,Imagen,0,13805.0,19670.0,233.0,16,13,24.0,8,3,286.0,0.020717131474103586,False
P00238,2024-09-13,YouTube,Patrocinador,Vídeo corto,0,4285.0,6033.0,44.0,3,3,3.0,1,0,53.0,0.012368728121353558,False
P00239,2024-09-14,Instagram,Resumen,Imagen,1,35668.0,52303.0,1389.0,124,113,41.0,39,34,1667.0,0.04673657059549176,False
P00240,2024-09-14,Instagram,Previa,Carrusel,1,47336.0,70628.0,1123.0,86,57,60.0,28,23,1326.0,0.028012506337671116,False
P00241,2024-09-14,Instagram,Afición,Vídeo corto,1,21377.0,24584.0,1255.0,101,86,107.0,35,30,1549.0,0.07246105627543621,False
P00242,2024-09-14,Instagram,Institucional,Vídeo largo,1,30692.0,50242.0,354.0,32,25,36.0,11,8,447.0,0.01456405578000782,False
P00243,2024-09-14,Instagram,Directo,Vídeo corto,1,29070.0,39927.0,1758.0,150,104,96.0,37,53,2108.0,0.07251461988304093,False
P00244,2024-09-14,X,Resumen,Vídeo corto,1,18197.0,21981.0,357.0,27,21,35.0,9,10,440.0,0.02417980985876793,False
P00245,2024-09-14,X,Previa,Texto,1,26360.0,37134.0,169.0,11,18,11.0,3,4,209.0,0.007928679817905918,False
P00246,2024-09-14,X,Directo,Carrusel,1,23171.0,29341.0,295.0,15,27,26.0,4,5,363.0,0.015666134392128092,False
P00247,2024-09-14,X,Previa,Texto,1,47125.0,61483.0,296.0,21,14,16.0,5,7,347.0,0.007363395225464191,False
P00248,2024-09-14,X,Patrocinador,Texto,1,14846.0,19754.0,35.0,2,3,1.0,0,0,41.0,0.0027616866496025867,False
P00249,2024-09-14,Facebook,Directo,Imagen,1,10575.0,15230.0,105.0,10,9,8.0,3,2,132.0,0.0124822695035461,False
P00250,2024-09-14,Facebook,Efeméride,Carrusel,1,26699.0,31748.0,172.0,14,13,20.0,4,6,219.0,0.00820255440278662,False
P00251,2024-09-14,Facebook,Previa,Texto,1,20806.0,26307.0,185.0,16,13,9.0,4,4,223.0,0.010718062097471883,False
P00252,2024-09-14,TikTok,Efeméride,Vídeo corto,1,10653.0,14749.0,868.0,62,80,73.0,24,23,1083.0,0.10166150380174599,False
P00253,2024-09-14,TikTok,Directo,Vídeo corto,1,8066.0,10272.0,608.0,45,30,67.0,9,16,750.0,0.09298289114802877,False
P00254,2024-09-14,TikTok,Previa,Vídeo corto,1,6635.0,9654.0,515.0,32,46,31.0,15,8,624.0,0.09404672192916352,False
P00255,2024-09-14,YouTube,Entrenamiento,Vídeo corto,1,17852.0,23944.0,391.0,22,37,32.0,4,6,482.0,0.026999775935469414,False
P00256,2024-09-14,YouTube,Fichajes,Vídeo largo,1,2762.0,3975.0,66.0,5,5,1.0,1,1,77.0,0.027878349022447502,False
P00257,2024-09-15,Instagram,Afición,Texto,0,12944.0,14521.0,658.0,42,58,27.0,24,7,785.0,0.06064585908529048,False
P00258,2024-09-15,Facebook,Cantera,Vídeo corto,0,16861.0,23971.0,197.0,13,18,19.0,6,3,247.0,0.014649190439475714,False
P00259,2024-09-15,Facebook,Entrenamiento,Vídeo corto,0,7731.0,11755.0,69.0,5,5,3.0,3,1,82.0,0.010606648557754495,False
P00260,2024-09-15,Facebook,Resumen,Imagen,0,13993.0,21752.0,288.0,15,29,17.0,6,4,349.0,0.024941041949546203,False
P00261,2024-09-15,Facebook,Afición,Carrusel,0,7990.0,11394.0,115.0,8,8,6.0,4,1,137.0,0.017146433041301628,False
P00262,2024-09-15,TikTok,Afición,Vídeo corto,0,7888.0,10157.0,981.0,69,59,149.0,32,21,1258.0,0.15948275862068967,False
P00263,2024-09-15,YouTube,Entrenamiento,Vídeo corto,0,7740.0,12121.0,218.0,17,20,16.0,9,3,271.0,0.03501291989664083,False
P00264,2024-09-16,Instagram,Institucional,Vídeo corto,0,42715.0,54666.0,1781.0,164,132,11.0,78,48,2088.0,0.04888212571696125,False
P00265,2024-09-16,Instagram,Resumen,Imagen,0,12311.0,20072.0,639.0,58,34,20.0,33,15,751.0,0.06100235561692795,False
P00266,2024-09-16,Instagram,Entrenamiento,Imagen,0,37773.0,57889.0,1594.0,104,110,78.0,46,35,1886.0,0.04992984406851455,False
P00267,2024-09-16,Instagram,Patrocinador,Vídeo corto,0,41466.0,55115.0,862.0,70,42,83.0,36,12,1057.0,0.025490763517098346,False
P00268,2024-09-16,X,Afición,Texto,0,11560.0,17761.0,162.0,14,13,0.0,7,2,189.0,0.016349480968858132,False
P00269,2024-09-16,Facebook,Fichajes,Vídeo corto,0,12637.0,19114.0,319.0,18,18,21.0,10,3,376.0,0.0297538972857482,False
P00270,2024-09-16,TikTok,Afición,Vídeo corto,0,11242.0,16916.0,913.0,69,92,24.0,43,11,1098.0,0.09766945383383739,False
P00271,2024-09-16,YouTube,Resumen,Vídeo corto,0,3112.0,3889.0,198.0,14,15,16.0,7,3,243.0,0.07808483290488431,False
P00272,2024-09-16,YouTube,Cantera,Vídeo largo,0,3827.0,6184.0,42.0,2,2,4.0,1,0,50.0,0.013065064018813691,False
P00273,2024-09-17,X,Fichajes,Imagen,0,14728.0,20060.0,258.0,22,28,14.0,11,5,322.0,0.021863117870722433,False
P00274,2024-09-17,Facebook,Cantera,Imagen,0,17816.0,27626.0,110.0,9,9,2.0,4,2,130.0,0.007296811854512798,False
P00275,2024-09-17,TikTok,Fichajes,Vídeo corto,0,6047.0,7631.0,654.0,60,36,45.0,29,14,795.0,0.13147015048784522,False
P00276,2024-09-17,TikTok,Patrocinador,Vídeo corto,0,4137.0,6630.0,252.0,17,17,9.0,8,3,295.0,0.07130771090161953,False
P00277,2024-09-18,Instagram,Entrenamiento,Carrusel,0,16961.0,22439.0,864.0,57,80,94.0,27,17,1095.0,0.06455987264901833,False
P00278,2024-09-18,X,Institucional,Texto,0,33440.0,50451.0,137.0,8,7,22.0,4,2,174.0,0.005203349282296651,False
P00279,2024-09-18,X,Entrenamiento,Imagen,0,19624.0,27532.0,330.0,25,19,19.0,13,5,393.0,0.02002649816551162,False
P00280,2024-09-18,X,Resumen,Texto,0,20116.0,23222.0,161.0,10,16,10.0,5,2,197.0,0.00979319944322927,False
P00281,2024-09-18,Facebook,Fichajes,Imagen,0,19976.0,25138.0,348.0,27,23,32.0,16,6,430.0,0.021525830997196637,False
P00282,2024-09-18,Facebook,Resumen,Carrusel,0,26119.0,38287.0,284.0,22,16,36.0,13,3,358.0,0.013706497185956583,False
P00283,2024-09-18,Facebook,Patrocinador,Carrusel,0,6370.0,8952.0,21.0,1,1,4.0,0,0,27.0,0.00423861852433281,False
P00284,2024-09-18,Facebook,Entrenamiento,Imagen,0,18347.0,24182.0,172.0,8,12,12.0,3,2,204.0,0.011118984030086662,False
P00285,2024-09-18,Facebook,Fichajes,Vídeo largo,0,7416.0,10990.0,110.0,10,8,12.0,5,2,140.0,0.018878101402373247,False
P00286,2024-09-18,Facebook,Afición,Imagen,0,24829.0,36835.0,309.0,25,32,0.0,13,6,366.0,0.014740827258447782,False
P00287,2024-09-18,YouTube,Directo,Vídeo largo,0,3924.0,4439.0,118.0,6,6,12.0,3,1,142.0,0.03618756371049949,False
P00288,2024-09-19,X,Directo,Texto,0,22746.0,31130.0,189.0,14,11,10.0,7,2,224.0,0.009847885342477799,False
P00289,2024-09-19,X,Directo,Imagen,0,36593.0,46215.0,812.0,59,41,33.0,26,12,945.0,0.025824611264449484,False
P00290,2024-09-19,Facebook,Fichajes,Vídeo corto,0,13389.0,15051.0,240.0,16,14,17.0,9,4,287.0,0.021435506759280007,False
P00291,2024-09-19,YouTube,Cantera,Vídeo largo,0,3975.0,5541.0,56.0,3,6,7.0,1,0,72.0,0.018113207547169812,False
P00292,2024-09-20,Instagram,Entrenamiento,Imagen,0,18105.0,25164.0,870.0,76,48,92.0,46,16,1086.0,0.05998342999171499,False
P00293,2024-09-20,Instagram,Entrenamiento,Carrusel,0,21980.0,28983.0,920.0,50,53,64.0,23,14,1087.0,0.0494540491355778,False
P00294,2024-09-20,Facebook,Entrenamiento,Vídeo corto,0,6636.0,10421.0,100.0,6,11,11.0,3,1,128.0,0.019288728149487643,False
P00295,2024-09-21,Instagram,Entrenamiento,Imagen,0,15611.0,20384.0,550.0,40,57,7.0,21,11,654.0,0.041893536608801484,False
P00296,2024-09-22,Instagram,Directo,Vídeo corto,0,27816.0,44406.0,2132.0,110,194,120.0,55,29,2556.0,0.09188955996548749,False
P00297,2024-09-22,X,Efeméride,Imagen,0,23936.0,37886.0,402.0,20,37,35.0,10,5,494.0,0.02063836898395722,False
P00298,2024-09-22,TikTok,Patrocinador,Vídeo corto,0,6519.0,8052.0,222.0,13,11,38.0,7,2,284.0,0.04356496395152631,False
P00299,2024-09-23,Instagram,Fichajes,Imagen,0,32041.0,48288.0,2036.0,155,207,107.0,68,39,2505.0,0.07818108049062139,False
P00300,2024-09-23,Instagram,Afición,Texto,0,17033.0,26364.0,393.0,23,34,54.0,15,4,504.0,0.02958962014912229,False
P00301,2024-09-23,Facebook,Cantera,Imagen,0,17733.0,28947.0,113.0,9,8,9.0,4,2,139.0,0.007838493204759487,False
P00302,2024-09-23,TikTok,Entrenamiento,Vídeo corto,0,5785.0,7068.0,670.0,39,43,95.0,19,12,847.0,0.14641313742437337,False
P00303,2024-09-23,TikTok,Cantera,Vídeo corto,0,7071.0,9501.0,541.0,27,40,28.0,14,5,636.0,0.08994484514212983,False
P00304,2024-09-23,YouTube,Previa,Vídeo largo,0,3391.0,5502.0,62.0,3,5,5.0,1,0,75.0,0.022117369507519906,False
P00305,2024-09-23,YouTube,Efeméride,Vídeo largo,0,9909.0,14524.0,306.0,14,17,25.0,7,2,362.0,0.0365324452517913,False
P00306,2024-09-23,YouTube,Patrocinador,Vídeo corto,0,3891.0,4454.0,61.0,3,4,9.0,1,0,77.0,0.019789257260344386,False
P00307,2024-09-24,Facebook,Institucional,Carrusel,0,22475.0,36377.0,130.0,7,8,8.0,3,1,153.0,0.006807563959955506,False
P00308,2024-09-25,Instagram,Patrocinador,Texto,0,20695.0,32757.0,324.0,20,21,50.0,10,5,415.0,0.020053152935491664,False
P00309,2024-09-25,X,Cantera,Imagen,0,18676.0,21884.0,172.0,14,13,2.0,8,3,201.0,0.01076247590490469,False
P00310,2024-09-25,X,Resumen,Vídeo largo,0,20225.0,22700.0,273.0,26,27,21.0,15,6,347.0,0.01715698393077874,False
P00311,2024-09-25,Facebook,Fichajes,Vídeo corto,0,25182.0,36057.0,443.0,31,39,49.0,16,5,562.0,0.022317528393296798,False
P00312,2024-09-25,Facebook,Efeméride,Imagen,0,39182.0,45889.0,336.0,21,15,27.0,13,3,399.0,0.010183247409524782,False
P00313,2024-09-25,Facebook,Patrocinador,Imagen,0,11062.0,13887.0,66.0,4,6,5.0,1,0,81.0,0.007322364852648707,False
P00314,2024-09-25,Facebook,Efeméride,Carrusel,0,6693.0,7930.0,67.0,3,5,4.0,1,0,79.0,0.011803376662184372,False
P00315,2024-09-25,Facebook,Resumen,Vídeo corto,0,20701.0,25364.0,492.0,44,24,32.0,21,12,592.0,0.028597652287329113,False
P00316,2024-09-25,Facebook,Entrenamiento,Vídeo largo,0,9474.0,12802.0,89.0,4,4,11.0,1,1,108.0,0.011399620012666244,False
P00317,2024-09-25,TikTok,Resumen,Vídeo corto,0,21508.0,32661.0,2846.0,181,157,297.0,83,51,3481.0,0.1618467546959271,False
P00318,2024-09-25,TikTok,Institucional,Vídeo corto,0,7580.0,11071.0,390.0,20,24,35.0,11,3,469.0,0.061873350923482846,False
P00319,2024-09-26,Instagram,Patrocinador,Imagen,0,14471.0,21966.0,152.0,13,7,18.0,7,2,190.0,0.013129707691244557,False
P00320,2024-09-26,Facebook,Resumen,Vídeo corto,0,27808.0,32236.0,477.0,27,46,16.0,14,4,566.0,0.02035385500575374,False
P00321,2024-09-26,TikTok,Fichajes,Vídeo corto,0,7402.0,8668.0,920.0,52,91,78.0,24,11,1141.0,0.1541475276952175,False
P00322,2024-09-27,YouTube,Resumen,Vídeo corto,0,7054.0,10323.0,426.0,21,45,23.0,10,5,515.0,0.07300822228522824,False
P00323,2024-09-28,Instagram,Resumen,Carrusel,1,24181.0,37672.0,1937.0,115,134,145.0,55,31,2331.0,0.09639799842851826,False
P00324,2024-09-28,Instagram,Directo,Vídeo largo,1,34689.0,52667.0,2825.0,259,265,84.0,126,81,3433.0,0.09896508979791865,False
P00325,2024-09-28,Instagram,Directo,Carrusel,1,16963.0,22726.0,971.0,61,75,51.0,31,14,1158.0,0.06826622649295526,False
P00326,2024-09-28,X,Resumen,Imagen,1,14641.0,17365.0,331.0,30,33,11.0,15,6,405.0,0.027662044942285365,False
P00327,2024-09-28,X,Fichajes,Imagen,1,18453.0,27650.0,364.0,18,36,39.0,8,5,457.0,0.024765620766271066,False
P00328,2024-09-28,Facebook,Previa,Imagen,1,15834.0,19355.0,146.0,7,9,9.0,3,2,171.0,0.010799545282303903,False
P00329,2024-09-28,Facebook,Afición,Imagen,1,18411.0,25159.0,248.0,13,22,17.0,6,3,300.0,0.016294606485253382,False
P00330,2024-09-28,TikTok,Afición,Vídeo corto,1,11993.0,18963.0,537.0,44,45,29.0,21,9,655.0,0.054615192195447346,False
P00331,2024-09-28,TikTok,Resumen,Vídeo corto,1,7599.0,8870.0,1297.0,119,114,62.0,59,36,1592.0,0.20950125016449533,False
P00332,2024-09-29,Instagram,Patrocinador,Imagen,0,23113.0,34001.0,279.0,19,22,20.0,9,4,340.0,0.01471033617444728,False
P00333,2024-09-29,Instagram,Efeméride,Imagen,0,21270.0,32509.0,602.0,42,61,11.0,22,7,716.0,0.03366243535496004,False
P00334,2024-09-29,Instagram,Resumen,Vídeo corto,0,16033.0,26207.0,1683.0,105,85,117.0,62,20,1990.0,0.12411900455310922,False
P00335,2024-09-29,X,Patrocinador,Imagen,0,22164.0,31340.0,89.0,4,7,10.0,1,1,110.0,0.0049630030680382605,False
P00336,2024-09-29,Facebook,Entrenamiento,Imagen,0,14573.0,16969.0,135.0,7,14,15.0,3,1,171.0,0.011734028683181226,False
P00337,2024-09-29,TikTok,Resumen,Vídeo corto,0,5123.0,7067.0,500.0,37,49,16.0,22,8,602.0,0.11750927191098966,False
P00338,2024-09-29,YouTube,Entrenamiento,Vídeo largo,0,3886.0,4935.0,74.0,4,3,13.0,2,0,94.0,0.024189397838394237,False
P00339,2024-09-29,YouTube,Resumen,Vídeo largo,0,1309.0,2043.0,36.0,1,1,8.0,0,0,46.0,0.03514132925897632,False
P00340,2024-09-30,Instagram,Institucional,Imagen,0,58893.0,79015.0,1382.0,126,102,102.0,74,23,1712.0,0.029069668721240217,False
P00341,2024-09-30,Facebook,Institucional,Carrusel,0,10660.0,15591.0,50.0,4,4,1.0,2,0,59.0,0.005534709193245778,False
P00342,2024-09-30,Facebook,Cantera,Imagen,0,15726.0,20128.0,166.0,11,16,9.0,5,2,202.0,0.01284497011318835,False
P00343,2024-09-30,Facebook,Afición,Imagen,0,13782.0,19407.0,169.0,16,15,12.0,8,3,212.0,0.015382382818168627,False
P00344,2024-10-01,Instagram,Previa,Vídeo corto,0,35930.0,56378.0,2183.0,140,170,277.0,55,38,2770.0,0.07709435012524353,False
P00345,2024-10-01,Instagram,Fichajes,Texto,0,21320.0,30067.0,1052.0,101,85,90.0,51,24,1328.0,0.06228893058161351,False
P00346,2024-10-01,Instagram,Cantera,Vídeo corto,0,21974.0,27813.0,880.0,50,98,88.0,25,10,1116.0,0.05078729407481569,False
P00347,2024-10-01,X,Previa,Texto,0,10547.0,13133.0,73.0,5,5,4.0,2,1,87.0,0.008248791125438514,False
P00348,2024-10-01,Facebook,Institucional,Imagen,0,7799.0,11984.0,28.0,1,2,3.0,0,0,34.0,0.004359533273496602,False
P00349,2024-10-01,Facebook,Institucional,Vídeo corto,0,12483.0,16291.0,107.0,8,9,5.0,4,1,129.0,0.010334054313866858,False
P00350,2024-10-02,Instagram,Previa,Imagen,0,25620.0,39486.0,693.0,40,48,60.0,22,7,841.0,0.03282591725214676,False
P00351,2024-10-02,Facebook,Patrocinador,Vídeo corto,0,19216.0,25031.0,121.0,7,8,14.0,4,1,150.0,0.007805995004163197,False
P00352,2024-10-02,Facebook,Entrenamiento,Vídeo corto,0,10956.0,17624.0,93.0,6,7,7.0,2,1,113.0,0.01031398320554947,False
P00353,2024-10-03,Instagram,Patrocinador,Carrusel,0,19101.0,26884.0,598.0,34,51,46.0,12,10,729.0,0.038165541071148106,False
P00354,2024-10-03,Instagram,Institucional,Imagen,0,44121.0,61148.0,723.0,51,37,55.0,29,12,866.0,0.019627841617370412,False
P00355,2024-10-03,X,Entrenamiento,Imagen,0,36319.0,47108.0,524.0,35,41,38.0,19,10,638.0,0.017566562956028525,False
P00356,2024-10-03,TikTok,Resumen,Vídeo corto,0,12265.0,19759.0,1107.0,60,85,44.0,26,19,1296.0,0.1056665307786384,False
P00357,2024-10-03,TikTok,Directo,Vídeo corto,0,10815.0,16724.0,1458.0,79,143,96.0,35,20,1776.0,0.16421636615811372,False
P00358,2024-10-03,TikTok,Resumen,Vídeo corto,0,5823.0,8712.0,791.0,78,78,38.0,42,13,985.0,0.16915679203159883,False
P00359,2024-10-03,TikTok,Cantera,Vídeo corto,0,4261.0,5539.0,337.0,27,26,7.0,15,4,397.0,0.09317061722600328,False
P00360,2024-10-03,YouTube,Institucional,Vídeo largo,0,9503.0,13568.0,92.0,8,5,6.0,4,1,111.0,0.01168052194043986,False
P00361,2024-10-04,Instagram,Efeméride,Imagen,0,25733.0,31563.0,612.0,41,70,57.0,20,8,780.0,0.03031127346209148,False
P00362,2024-10-04,Instagram,Patrocinador,Vídeo corto,0,77714.0,120143.0,2855.0,207,214,200.0,112,53,3476.0,0.04472810561803536,False
P00363,2024-10-04,Instagram,Entrenamiento,Imagen,0,12412.0,18150.0,354.0,17,18,41.0,10,3,430.0,0.034643893006767644,False
P00364,2024-10-04,Instagram,Afición,Carrusel,0,6760.0,8398.0,310.0,21,26,10.0,10,5,367.0,0.05428994082840237,False
P00365,2024-10-04,X,Cantera,Imagen,0,28268.0,33685.0,247.0,16,22,17.0,6,5,302.0,0.010683458327437384,False
P00366,2024-10-04,X,Efeméride,Texto,0,12495.0,14355.0,114.0,6,8,8.0,3,1,136.0,0.010884353741496598,False
P00367,2024-10-04,YouTube,Afición,Vídeo largo,0,2098.0,2667.0,39.0,2,2,3.0,1,0,46.0,0.0219256434699714,False
P00368,2024-10-05,Instagram,Resumen,Imagen,1,24679.0,30375.0,1552.0,114,136,33.0,79,12,1835.0,0.07435471453462458,False
P00369,2024-10-05,Instagram,Directo,Texto,1,16165.0,23483.0,630.0,40,50,65.0,29,3,785.0,0.04856170739251469,False
P00370,2024-10-05,X,Entrenamiento,Carrusel,1,18706.0,21584.0,231.0,11,20,12.0,7,1,274.0,0.01464770661819737,False
P00371,2024-10-05,X,Resumen,Imagen,1,29283.0,46031.0,351.0,25,22,50.0,19,3,448.0,0.015298978929754466,False
P00372,2024-10-05,X,Resumen,Vídeo corto,1,14601.0,21001.0,477.0,38,34,22.0,23,7,571.0,0.03910691048558318,False
P00373,2024-10-05,X,Directo,Imagen,1,36033.0,56235.0,981.0,74,50,122.0,51,14,1227.0,0.034052118891016565,False
P00374,2024-10-05,Facebook,Afición,Imagen,1,41216.0,56810.0,696.0,57,71,9.0,35,7,833.0,0.020210597826086956,False
P00375,2024-10-05,TikTok,Directo,Vídeo corto,1,9950.0,14326.0,1420.0,85,80,117.0,56,16,1702.0,0.17105527638190954,False
P00376,2024-10-05,TikTok,Fichajes,Vídeo corto,1,9977.0,10777.0,1104.0,99,55,43.0,62,20,1301.0,0.13039991981557583,False
P00377,2024-10-05,TikTok,Resumen,Vídeo corto,1,5553.0,6301.0,1110.0,78,81,102.0,52,14,1371.0,0.24689357104267964,False
P00378,2024-10-05,TikTok,Resumen,Vídeo corto,1,10971.0,13747.0,2131.0,142,144,240.0,93,17,2657.0,0.24218393947680247,False
P00379,2024-10-05,YouTube,Directo,Vídeo largo,1,1581.0,2251.0,48.0,4,4,1.0,2,0,57.0,0.036053130929791274,False
P00380,2024-10-06,Instagram,Patrocinador,Carrusel,0,31354.0,36905.0,704.0,45,49,102.0,27,9,900.0,0.028704471518785482,False
P00381,2024-10-06,Instagram,Patrocinador,Imagen,0,47073.0,69898.0,786.0,60,77,17.0,32,14,940.0,0.01996898434346653,False
P00382,2024-10-06,TikTok,Institucional,Vídeo corto,0,12071.0,14004.0,654.0,59,46,27.0,25,20,786.0,0.06511473780134205,False
P00383,2024-10-06,YouTube,Entrenamiento,Vídeo largo,0,3280.0,4942.0,88.0,5,4,11.0,3,0,108.0,0.032926829268292684,False
P00384,2024-10-07,Instagram,Fichajes,Vídeo corto,0,22878.0,36082.0,1850.0,152,154,39.0,97,23,2195.0,0.0959437013724976,False
P00385,2024-10-07,Instagram,Cantera,Vídeo corto,0,12315.0,18281.0,870.0,62,58,115.0,31,18,1105.0,0.08972797401542834,False
P00386,2024-10-07,Instagram,Previa,Vídeo corto,0,39553.0,58052.0,1684.0,100,82,199.0,61,24,2065.0,0.0522084291962683,False
P00387,2024-10-07,Facebook,Entrenamiento,Carrusel,0,10834.0,12805.0,118.0,6,9,9.0,2,1,142.0,0.013106885730108916,False
P00388,2024-10-07,Facebook,Resumen,Vídeo largo,0,34622.0,56720.0,448.0,25,35,51.0,11,6,559.0,0.016145803246490672,False
P00389,2024-10-07,TikTok,Previa,Vídeo corto,0,4807.0,6653.0,448.0,22,47,38.0,10,5,555.0,0.11545662575410859,False
P00390,2024-10-08,Instagram,Efeméride,Vídeo largo,0,46330.0,51920.0,2126.0,198,183,182.0,107,38,2689.0,0.05804014677314915,False
P00391,2024-10-08,Instagram,Previa,Vídeo corto,0,31347.0,48759.0,1244.0,107,114,55.0,57,29,1520.0,0.04848948862730086,False
P00392,2024-10-08,Instagram,Patrocinador,Vídeo corto,0,32752.0,52919.0,938.0,47,53,78.0,24,14,1116.0,0.034074255007327796,False
P00393,2024-10-08,Instagram,Entrenamiento,Vídeo corto,0,22750.0,34630.0,1330.0,64,140,83.0,30,12,1617.0,0.07107692307692308,False
P00394,2024-10-08,X,Efeméride,Vídeo corto,0,42830.0,55551.0,805.0,67,64,54.0,39,13,990.0,0.02311463927153864,False
P00395,2024-10-08,Facebook,Cantera,Imagen,0,15797.0,23886.0,82.0,6,8,5.0,3,1,101.0,0.0063936190415901754,False
P00396,2024-10-08,YouTube,Patrocinador,Vídeo corto,0,1764.0,2048.0,30.0,2,2,1.0,1,0,35.0,0.01984126984126984,False
P00397,2024-10-08,YouTube,Efeméride,Vídeo corto,0,3003.0,3397.0,99.0,8,5,11.0,5,1,123.0,0.04095904095904096,False
P00398,2024-10-09,X,Entrenamiento,Vídeo largo,0,44836.0,68804.0,632.0,59,62,26.0,34,15,779.0,0.017374431260594167,False
P00399,2024-10-09,Facebook,Entrenamiento,Carrusel,0,15737.0,23350.0,75.0,3,5,9.0,1,0,92.0,0.005846095189680371,False
P00400,2024-10-10,Instagram,Institucional,Carrusel,0,46354.0,53918.0,1061.0,66,55,157.0,29,21,1339.0,0.02888639599603055,False
P00401,2024-10-10,Instagram,Fichajes,Vídeo corto,0,14434.0,20056.0,1156.0,109,101,91.0,50,25,1457.0,0.1009422197589026,False
P00402,2024-10-10,Instagram,Efeméride,Vídeo corto,0,36436.0,54181.0,2618.0,139,251,247.0,68,29,3255.0,0.08933472389944011,False
P00403,2024-10-10,Instagram,Entrenamiento,Vídeo corto,0,63132.0,86329.0,2546.0,197,184,69.0,106,39,2996.0,0.04745612367737439,False
P00404,2024-10-10,X,Cantera,Vídeo corto,0,22135.0,28277.0,305.0,21,18,35.0,12,3,379.0,0.017122204653264063,False
P00405,2024-10-10,X,Entrenamiento,Texto,0,16520.0,22064.0,90.0,6,4,13.0,3,1,113.0,0.006840193704600484,False
P00406,2024-10-10,X,Efeméride,Imagen,0,18795.0,27540.0,221.0,16,18,25.0,9,3,280.0,0.0148975791433892,False
P00407,2024-10-10,Facebook,Resumen,Carrusel,0,14849.0,22222.0,288.0,21,26,12.0,10,4,347.0,0.023368577008552764,False
P00408,2024-10-10,Facebook,Institucional,Imagen,0,6427.0,8532.0,32.0,3,1,3.0,1,0,39.0,0.006068149992220321,False
P00409,2024-10-10,TikTok,Entrenamiento,Vídeo corto,0,10563.0,16522.0,1037.0,73,83,90.0,41,11,1283.0,0.1214617059547477,False
P00410,2024-10-11,X,Patrocinador,Imagen,0,10646.0,12880.0,71.0,4,5,11.0,1,1,91.0,0.008547811384557581,False
P00411,2024-10-11,X,Directo,Imagen,0,18592.0,25157.0,350.0,23,31,15.0,10,7,419.0,0.02253657487091222,False
P00412,2024-10-11,X,Efeméride,Carrusel,0,21580.0,32826.0,247.0,17,15,19.0,7,4,298.0,0.01380908248378128,False
P00413,2024-10-11,Facebook,Previa,Vídeo corto,0,22107.0,27401.0,387.0,20,26,57.0,8,5,490.0,0.022164925136834487,False
P00414,2024-10-11,Facebook,Fichajes,Carrusel,0,9483.0,11651.0,121.0,10,12,0.0,5,2,143.0,0.01507961615522514,False
P00415,2024-10-11,Facebook,Cantera,Vídeo corto,0,21552.0,29919.0,219.0,12,16,24.0,6,3,271.0,0.012574239049740163,False
P00416,2024-10-11,TikTok,Cantera,Vídeo corto,0,6633.0,8564.0,394.0,34,19,42.0,17,9,489.0,0.07372229760289462,False
P00417,2024-10-11,TikTok,Cantera,Vídeo corto,0,8811.0,13440.0,461.0,42,46,35.0,21,7,584.0,0.06628078538190897,False
P00418,2024-10-12,Instagram,Previa,Vídeo corto,1,17071.0,20256.0,605.0,56,41,18.0,21,13,720.0,0.04217679104914768,False
P00419,2024-10-12,Instagram,Directo,Vídeo largo,1,33672.0,48519.0,1607.0,110,135,93.5,40,37,1945.5,0.05777797576621525,False
P00420,2024-10-12,Instagram,Patrocinador,Vídeo corto,1,15676.0,23826.0,337.0,27,24,31.0,11,7,419.0,0.026728757336055117,False
P00421,2024-10-12,X,Patrocinador,Texto,1,35605.0,56645.0,56.0,3,4,7.0,0,1,70.0,0.001966016008987502,False
P00422,2024-10-12,X,Fichajes,Texto,1,15090.0,20357.0,203.0,15,12,13.0,5,5,243.0,0.01610337972166998,False
P00423,2024-10-12,X,Resumen,Texto,1,16589.0,22288.0,178.0,16,10,5.0,4,6,209.0,0.012598709988546628,False
P00424,2024-10-12,X,Afición,Imagen,1,21183.0,31775.0,241.0,16,13,23.0,4,6,293.0,0.013831846291837795,False
P00425,2024-10-12,X,Afición,Vídeo corto,1,27350.0,39516.0,642.0,36,35,37.0,10,16,750.0,0.027422303473491772,False
P00426,2024-10-12,X,Afición,Imagen,1,12747.0,14415.0,184.0,14,11,14.0,3,4,223.0,0.01749431238722837,False
P00427,2024-10-12,Facebook,Entrenamiento,Imagen,1,9588.0,14307.0,51.0,2,4,4.0,0,0,61.0,0.006362119315811431,False
P00428,2024-10-12,Facebook,Resumen,Imagen,1,37789.0,50515.0,383.0,33,38,0.0,13,9,454.0,0.012014078170896293,False
P00429,2024-10-12,Facebook,Directo,Vídeo corto,1,23346.0,27817.0,323.0,22,31,33.0,5,5,409.0,0.01751906108112739,False
P00430,2024-10-12,Facebook,Patrocinador,Carrusel,1,41184.0,61161.0,206.0,18,14,6.0,7,5,244.0,0.005924630924630925,False
P00431,2024-10-12,TikTok,Patrocinador,Vídeo corto,1,7991.0,10476.0,248.0,21,13,26.0,7,8,308.0,0.038543361281441625,False
P00432,2024-10-13,Instagram,Entrenamiento,Texto,0,24124.0,29376.0,527.0,51,39,58.0,28,12,675.0,0.027980434422152214,False
P00433,2024-10-13,Instagram,Institucional,Vídeo largo,0,36583.0,57879.0,401.0,29,21,35.0,18,5,486.0,0.013284859087554328,False
P00434,2024-10-13,YouTube,Resumen,Vídeo largo,0,6331.0,8649.0,321.0,20,32,7.0,13,3,380.0,0.06002211341020376,False
P00435,2024-10-14,Instagram,Patrocinador,Vídeo corto,0,17177.0,23788.0,525.0,43,45,14.0,24,7,627.0,0.03650229958665657,False
P00436,2024-10-14,Instagram,Institucional,Imagen,0,27539.0,40222.0,573.0,43,49,10.0,26,9,675.0,0.02451069392497912,False
P00437,2024-10-14,Instagram,Previa,Vídeo corto,0,22109.0,34000.0,1237.0,107,101,23.0,52,25,1468.0,0.0663982993351124,False
P00438,2024-10-14,X,Patrocinador,Imagen,0,43433.0,67097.0,174.0,12,8,20.0,5,2,214.0,0.004927129141436235,False
P00439,2024-10-14,Facebook,Institucional,Imagen,0,7377.0,9835.0,31.0,1,2,3.0,0,0,37.0,0.005015588992815507,False
P00440,2024-10-14,YouTube,Resumen,Vídeo largo,0,4615.0,7009.0,127.0,10,6,8.0,4,2,151.0,0.03271939328277357,False
P00441,2024-10-15,Instagram,Previa,Vídeo largo,0,29099.0,40912.0,464.0,25,52,41.0,14,4,582.0,0.02000068730884223,False
P00442,2024-10-15,Instagram,Entrenamiento,Vídeo corto,0,33120.0,46311.0,1364.0,106,151,120.0,55,22,1741.0,0.05256642512077295,False
P00443,2024-10-15,X,Patrocinador,Texto,0,9566.0,14185.0,64.0,5,4,4.0,2,1,77.0,0.008049341417520384,False
P00444,2024-10-15,Facebook,Afición,Carrusel,0,7751.0,11156.0,81.0,4,8,10.0,2,0,103.0,0.01328860792155851,False
P00445,2024-10-15,Facebook,Cantera,Vídeo corto,0,11852.0,15747.0,176.0,13,19,8.0,7,2,216.0,0.01822477219034762,False
P00446,2024-10-15,YouTube,Institucional,Vídeo largo,0,8445.0,12595.0,76.0,6,8,5.0,3,1,95.0,0.011249259917110717,False
P00447,2024-10-16,Instagram,Institucional,Vídeo corto,0,13413.0,18860.0,492.0,34,28,65.0,19,6,619.0,0.046149258182360396,False
P00448,2024-10-16,X,Entrenamiento,Vídeo corto,0,30253.0,43465.0,669.0,39,60,71.0,21,8,839.0,0.027732786831058075,False
P00449,2024-10-16,Facebook,Resumen,Imagen,0,57188.0,68507.0,758.0,47,40,93.0,27,9,938.0,0.016402042386514652,False
P00450,2024-10-16,TikTok,Cantera,Vídeo corto,0,6181.0,9276.0,352.0,31,17,34.0,16,8,434.0,0.07021517553793885,False
P00451,2024-10-16,YouTube,Efeméride,Vídeo corto,0,5873.0,3607.0,123.0,8,7,14.0,3,1,152.0,0.025881151030137918,False
P00452,2024-10-16,YouTube,Previa,Vídeo largo,0,1228.0,1882.0,23.0,1,2,3.0,0,0,29.0,0.023615635179153095,False
P00453,2024-10-16,YouTube,Previa,Vídeo largo,0,4008.0,5093.0,108.0,8,9,9.0,4,1,134.0,0.03343313373253493,False
P00454,2024-10-17,Instagram,Fichajes,Texto,0,20869.0,26524.0,1614.0,119,158,0.0,66,28,1891.0,0.09061287076524989,False
P00455,2024-10-17,Instagram,Efeméride,Carrusel,0,33882.0,42494.0,2185.0,178,114,90.0,108,27,2567.0,0.07576294197509002,False
P00456,2024-10-17,Facebook,Patrocinador,Imagen,0,29429.0,45124.0,78.0,5,7,7.0,2,1,97.0,0.00329606850385674,False
P00457,2024-10-17,TikTok,Efeméride,Vídeo corto,0,9369.0,12211.0,1038.0,62,87,27.0,32,14,1214.0,0.12957626214110363,False
P00458,2024-10-18,Instagram,Institucional,Imagen,0,13198.0,15483.0,358.0,26,32,20.0,15,6,436.0,0.03303530838005758,False
P00459,2024-10-18,Instagram,Entrenamiento,Vídeo corto,0,35974.0,50368.0,2454.0,188,167,108.0,80,46,2917.0,0.0810863401345416,False
P00460,2024-10-18,Instagram,Efeméride,Texto,0,37036.0,46307.0,945.0,55,84,92.0,32,10,1176.0,0.03175288908089426,False
P00461,2024-10-18,X,Resumen,Carrusel,0,38192.0,56180.0,1036.0,63,98,126.0,29,17,1323.0,0.034640762463343105,False
P00462,2024-10-18,X,Cantera,Texto,0,16041.0,22566.0,78.0,4,5,7.0,2,0,94.0,0.005859983791534193,False
P00463,2024-10-18,X,Cantera,Vídeo corto,0,20770.0,28467.0,265.0,15,16,20.0,8,3,316.0,0.015214251324025036,False
P00464,2024-10-18,YouTube,Patrocinador,Vídeo corto,0,7189.0,10183.0,87.0,7,4,5.0,4,1,103.0,0.014327444707191543,False
P00465,2024-10-19,Instagram,Resumen,Imagen,1,10730.0,15142.0,569.0,47,38,59.0,36,4,713.0,0.06644920782851817,False
P00466,2024-10-19,X,Efeméride,Vídeo corto,1,14724.0,17255.0,261.0,20,22,15.0,12,4,318.0,0.021597392013039934,False
P00467,2024-10-19,X,Previa,Imagen,1,29622.0,36557.0,440.0,31,22,39.0,22,3,532.0,0.017959624603335358,False
P00468,2024-10-19,X,Resumen,Vídeo largo,1,10312.0,15889.0,278.0,14,28,14.0,9,2,334.0,0.03238944918541505,False
P00469,2024-10-19,Facebook,Directo,Imagen,1,32702.0,49380.0,469.0,28,36,43.0,13,5,576.0,0.017613601614580147,False
P00470,2024-10-19,Facebook,Previa,Vídeo corto,1,10900.0,16252.0,256.0,23,17,17.0,14,3,313.0,0.02871559633027523,False
P00471,2024-10-19,Facebook,Directo,Vídeo corto,1,17422.0,22402.0,368.0,30,37,1.0,17,6,436.0,0.025025829411089426,False
P00472,2024-10-19,Facebook,Resumen,Vídeo corto,1,24032.0,31558.0,463.0,34,28,32.0,22,5,557.0,0.023177430093209054,False
P00473,2024-10-19,TikTok,Directo,Vídeo corto,1,12189.0,17599.0,1514.0,114,107,32.0,81,19,1767.0,0.14496677332020674,False
P00474,2024-10-19,TikTok,Directo,Vídeo corto,1,12041.0,14582.0,1271.0,73,74,74.0,55,6,1492.0,0.12390997425463002,False
P00475,2024-10-20,Instagram,Resumen,Carrusel,0,55399.0,64159.0,3167.0,261,242,91.0,131,81,3761.0,0.06788931208144551,False
P00476,2024-10-20,X,Afición,Texto,0,8353.0,10346.0,63.0,5,4,4.0,1,1,76.0,0.009098527475158626,False
P00477,2024-10-20,X,Cantera,Texto,0,17273.0,20609.0,110.0,6,11,4.0,3,1,131.0,0.007584090777514039,False
P00478,2024-10-20,X,Institucional,Vídeo largo,0,12065.0,19549.0,90.0,5,8,11.0,2,1,114.0,0.009448818897637795,False
P00479,2024-10-20,X,Patrocinador,Vídeo corto,0,41927.0,58762.0,413.0,31,27,39.0,14,6,510.0,0.012163999332172586,False
P00480,2024-10-20,Facebook,Fichajes,Vídeo corto,0,3751.0,4717.0,80.0,6,4,8.0,3,1,98.0,0.026126366302319383,False
P00481,2024-10-20,Facebook,Cantera,Imagen,0,15525.0,20075.0,99.0,7,9,1.0,3,1,116.0,0.007471819645732689,False
P00482,2024-10-20,Facebook,Entrenamiento,Carrusel,0,15886.0,22806.0,169.0,16,12,18.0,10,2,215.0,0.013533929245876873,False
P00483,2024-10-20,TikTok,Cantera,Vídeo corto,0,14231.0,21302.0,883.0,48,52,80.0,26,12,1063.0,0.07469608600941606,False
P00484,2024-10-20,TikTok,Resumen,Vídeo corto,0,9754.0,4721.0,450.0,35,47,0.0,18,6,532.0,0.05454172647119131,False
P00485,2024-10-20,TikTok,Patrocinador,Vídeo corto,0,9876.0,10476.0,299.0,25,19,35.0,12,6,378.0,0.03827460510328068,False
P00486,2024-10-20,YouTube,Institucional,Vídeo largo,0,9545.0,12438.0,134.0,8,13,6.0,3,2,161.0,0.016867469879518072,False
P00487,2024-10-20,YouTube,Patrocinador,Vídeo corto,0,7252.0,8699.0,160.0,9,13,22.0,6,1,204.0,0.028130170987313845,False
P00488,2024-10-21,X,Resumen,Texto,0,20056.0,22807.0,329.0,20,26,17.0,11,4,392.0,0.01954527323494216,False
P00489,2024-10-21,YouTube,Entrenamiento,Vídeo largo,0,1608.0,2342.0,28.0,1,1,3.0,0,0,33.0,0.020522388059701493,False
P00490,2024-10-22,Instagram,Previa,Imagen,0,571800.0,643320.0,20832.0,1896,1296,66.0,34,19,24090.0,0.04213011542497377,False
P00491,2024-10-22,Instagram,Afición,Carrusel,0,12390.0,18878.0,704.0,62,62,69.0,29,17,897.0,0.07239709443099274,False
P00492,2024-10-22,Instagram,Patrocinador,Imagen,0,16311.0,23851.0,258.0,21,13,37.0,10,3,329.0,0.020170437128318314,False
P00493,2024-10-22,X,Patrocinador,Texto,0,75245.0,98146.0,110.0,9,7,14.0,5,1,140.0,0.0018605887434381021,False
P00494,2024-10-22,Facebook,Cantera,Carrusel,0,6009.0,6974.0,52.0,4,3,2.0,2,0,61.0,0.010151439507405558,False
P00495,2024-10-22,Facebook,Patrocinador,Vídeo corto,0,25017.0,29371.0,384.0,30,20,44.0,15,7,478.0,0.019107007235080145,False
P00496,2024-10-22,Facebook,Fichajes,Imagen,0,19284.0,31224.0,215.0,15,24,17.0,8,3,271.0,0.014053101016386642,False
P00497,2024-10-22,Facebook,Entrenamiento,Carrusel,0,32701.0,44949.0,339.0,20,26,45.0,11,3,430.0,0.013149444971101801,False
P00498,2024-10-23,Instagram,Directo,Imagen,0,41055.0,59180.0,1931.0,107,158,78.0,67,15,2274.0,0.055389112166605775,False
P00499,2024-10-23,Facebook,Entrenamiento,Carrusel,0,17326.0,20485.0,177.0,10,16,10.0,5,2,213.0,0.01229366270345146,False
P00500,2024-10-23,Facebook,Patrocinador,Vídeo corto,0,25443.0,40741.0,193.0,12,16,10.0,6,2,231.0,0.009079118028534372,False
P00501,2024-10-23,Facebook,Fichajes,Carrusel,0,13199.0,17341.0,283.0,19,27,32.0,10,3,361.0,0.02735055686036821,False
P00502,2024-10-23,TikTok,Afición,Vídeo corto,0,7361.0,10762.0,812.0,78,76,61.0,49,13,1027.0,0.1395190870805597,False
P00503,2024-10-23,TikTok,Patrocinador,Vídeo corto,0,4178.0,5041.0,188.0,15,16,11.0,7,4,230.0,0.05505026328386788,False
P00504,2024-10-23,YouTube,Entrenamiento,Vídeo corto,0,4326.0,5142.0,87.0,8,9,7.0,3,1,111.0,0.02565880721220527,False
P00505,2024-10-24,X,Previa,Vídeo largo,0,39389.0,50523.0,539.0,49,54,0.0,26,8,642.0,0.016298966716596003,False
P00506,2024-10-24,X,Efeméride,Texto,0,8546.0,9882.0,87.0,5,5,10.0,2,0,107.0,0.012520477416335128,False
P00507,2024-10-24,Facebook,Cantera,Carrusel,0,10354.0,12724.0,97.0,7,8,2.0,2,1,114.0,0.011010237589337455,False
P00508,2024-10-25,Instagram,Cantera,Vídeo corto,0,27511.0,32072.0,1002.0,81,85,110.0,44,20,1278.0,0.04645414561448148,False
P00509,2024-10-25,Facebook,Afición,Imagen,0,29753.0,48812.0,406.0,29,38,35.0,16,6,508.0,0.017073908513427216,False
P00510,2024-10-25,TikTok,Patrocinador,Vídeo corto,0,5072.0,6321.0,237.0,19,14,21.0,9,3,291.0,0.05737381703470031,False
P00511,2024-10-26,Instagram,Previa,Imagen,1,18273.0,25842.0,411.0,41,29,37.0,11,16,518.0,0.028347835604443716,False
P00512,2024-10-26,Instagram,Previa,Carrusel,1,34791.0,54418.0,1305.0,72,76,182.0,20,22,1635.0,0.046994912477364835,False
P00513,2024-10-26,X,Institucional,Carrusel,1,25036.0,38713.0,189.0,12,15,21.0,4,3,237.0,0.009466368429461575,False
P00514,2024-10-26,X,Institucional,Texto,1,31658.0,42458.0,89.0,6,8,8.0,1,2,111.0,0.0035062227557015606,False
P00515,2024-10-26,X,Previa,Vídeo corto,1,15056.0,19965.0,199.0,13,20,21.0,4,4,253.0,0.016803931987247608,False
P00516,2024-10-26,X,Directo,Imagen,1,14190.0,16319.0,342.0,23,21,18.0,5,8,404.0,0.0284707540521494,False
P00517,2024-10-26,Facebook,Directo,Vídeo largo,1,18616.0,30557.0,134.0,9,7,12.0,3,2,162.0,0.008702191663085519,False
P00518,2024-10-26,Facebook,Resumen,Vídeo largo,1,17855.0,29208.0,98.0,8,6,4.0,2,3,116.0,0.006496779613553627,False
P00519,2024-10-26,Facebook,Directo,Carrusel,1,28877.0,33577.0,218.0,20,21,4.0,7,7,263.0,0.009107594279184126,False
P00520,2024-10-26,Facebook,Fichajes,Vídeo corto,1,14218.0,19591.0,222.0,19,16,8.0,6,5,265.0,0.01863834575889717,False
P00521,2024-10-26,Facebook,Entrenamiento,Carrusel,1,25092.0,31334.0,178.0,14,18,0.0,3,4,210.0,0.008369201339072214,False
P00522,2024-10-26,Facebook,Fichajes,Imagen,1,28190.0,35518.0,434.0,22,33,27.0,6,5,516.0,0.018304363249379212,False
P00523,2024-10-26,TikTok,Entrenamiento,Vídeo corto,1,10304.0,15602.0,468.0,22,47,16.0,8,5,553.0,0.05366847826086957,False
P00524,2024-10-26,TikTok,Fichajes,Vídeo corto,1,8244.0,9565.0,1763.0,163,141,35.0,59,46,2102.0,0.254973313925279,False
P00525,2024-10-26,YouTube,Efeméride,Vídeo corto,1,17934.0,25213.0,569.0,39,42,27.0,10,11,677.0,0.03774952603992417,False
P00526,2024-10-27,X,Fichajes,Texto,0,27809.0,42768.0,391.0,29,41,34.0,15,7,495.0,0.017799992808083715,False
P00527,2024-10-27,X,Cantera,Texto,0,16480.0,22732.0,113.0,10,7,4.0,5,2,134.0,0.008131067961165049,False
P00528,2024-10-27,Facebook,Fichajes,Imagen,0,26438.0,38517.0,413.0,32,27,17.0,20,5,489.0,0.018496104092593994,False
P00529,2024-10-27,Facebook,Fichajes,Imagen,0,10658.0,14248.0,199.0,11,20,17.0,5,3,247.0,0.023175079752298742,False
P00530,2024-10-27,TikTok,Entrenamiento,Vídeo corto,0,7340.0,9074.0,732.0,49,55,46.0,25,11,882.0,0.12016348773841962,False
P00531,2024-10-27,YouTube,Resumen,Vídeo corto,0,3268.0,3704.0,248.0,19,18,6.0,9,4,291.0,0.0890452876376989,False
P00532,2024-10-28,Instagram,Efeméride,Vídeo corto,0,23649.0,33084.0,1745.0,130,113,107.0,86,23,2095.0,0.08858725527506449,False
P00533,2024-10-28,Instagram,Resumen,Imagen,0,33510.0,49407.0,1320.0,92,92,53.0,48,27,1557.0,0.046463742166517455,False
P00534,2024-10-28,Instagram,Institucional,Imagen,0,17428.0,21017.0,192.0,15,10,18.0,7,4,235.0,0.013484048657333027,False
P00535,2024-10-28,X,Cantera,Vídeo corto,0,24510.0,36708.0,294.0,15,25,35.0,8,3,369.0,0.015055079559363525,False
P00536,2024-10-28,Facebook,Entrenamiento,Carrusel,0,16850.0,26152.0,144.0,11,14,11.0,6,2,180.0,0.010682492581602374,False
P00537,2024-10-28,Facebook,Efeméride,Carrusel,0,16897.0,19110.0,213.0,19,22,7.0,9,4,261.0,0.015446528969639581,False
P00538,2024-10-28,Facebook,Entrenamiento,Texto,0,26010.0,41346.0,248.0,14,18,39.0,7,2,319.0,0.012264513648596693,False
P00539,2024-10-28,YouTube,Efeméride,Vídeo largo,0,3755.0,5406.0,98.0,6,5,7.0,2,1,116.0,0.03089214380825566,False
P00540,2024-10-28,YouTube,Resumen,Vídeo corto,0,3856.0,5500.0,214.0,11,13,13.0,6,2,251.0,0.06509336099585063,False
P00541,2024-10-29,Instagram,Entrenamiento,Imagen,0,31999.0,38716.0,1148.0,94,64,63.0,60,13,1369.0,0.04278258695584237,False
P00542,2024-10-29,Instagram,Patrocinador,Imagen,0,25055.0,34410.0,457.0,27,40,48.0,14,5,572.0,0.02282977449610856,False
P00543,2024-10-29,X,Patrocinador,Texto,0,14053.0,21546.0,84.0,6,8,2.0,2,1,100.0,0.00711591830925781,False
P00544,2024-10-29,X,Afición,Vídeo corto,0,44156.0,62981.0,1024.0,65,98,107.0,33,15,1294.0,0.02930519068756228,False
P00545,2024-10-29,Facebook,Entrenamiento,Imagen,0,16415.0,18909.0,141.0,13,15,12.0,7,2,181.0,0.011026500152299726,False
P00546,2024-10-29,TikTok,Patrocinador,Vídeo corto,0,3607.0,4620.0,207.0,10,10,31.0,5,2,258.0,0.07152758525090103,False
P00547,2024-10-29,TikTok,Fichajes,Vídeo corto,0,6176.0,7551.0,884.0,63,53,58.0,32,15,1058.0,0.1713082901554404,False
P00548,2024-10-30,Instagram,Entrenamiento,Texto,0,50735.0,83186.0,1181.0,117,66,125.0,62,23,1489.0,0.02934857593377353,False
P00549,2024-10-30,Instagram,Cantera,Vídeo corto,0,55274.0,62393.0,3693.0,177,346,193.0,95,31,4409.0,0.07976625538227738,False
P00550,2024-10-30,X,Patrocinador,Vídeo corto,0,19405.0,30717.0,147.0,7,14,10.0,4,1,178.0,0.009172893584127801,False
P00551,2024-10-30,X,Efeméride,Texto,0,17549.0,24193.0,148.0,9,8,14.0,5,1,179.0,0.010200011396660779,False
P00552,2024-10-30,Facebook,Cantera,Vídeo corto,0,13423.0,15807.0,118.0,7,9,10.0,4,1,144.0,0.010727855173955152,False
P00553,2024-10-31,Instagram,Patrocinador,Vídeo corto,0,12018.0,16064.0,287.0,24,28,1.0,12,5,340.0,0.028290896987851557,False
P00554,2024-10-31,X,Entrenamiento,Vídeo corto,0,18677.0,23662.0,290.0,23,25,17.0,11,5,355.0,0.019007335225143224,False
P00555,2024-10-31,Facebook,Patrocinador,Imagen,0,11406.0,13030.0,40.0,2,3,5.0,1,0,50.0,0.00438365772400491,False
P00556,2024-10-31,Facebook,Entrenamiento,Vídeo corto,0,7185.0,10901.0,100.0,5,7,6.0,2,1,118.0,0.016423103688239387,False
P00557,2024-10-31,Facebook,Cantera,Imagen,0,10171.0,21428.0,53.0,2,5,4.0,1,0,64.0,0.0062923999606725005,False
P00558,2024-10-31,TikTok,Efeméride,Vídeo corto,0,8865.0,13630.0,708.0,62,38,25.0,35,13,833.0,0.09396503102086859,False
P00559,2024-11-01,Instagram,Cantera,Imagen,0,21252.0,26905.0,445.0,37,45,44.0,22,7,571.0,0.026868059476755128,False
P00560,2024-11-01,X,Patrocinador,Vídeo corto,0,25643.0,34805.0,195.0,13,17,23.0,6,3,248.0,0.009671255313340872,False
P00561,2024-11-01,Facebook,Patrocinador,Imagen,0,17267.0,21646.0,83.0,5,4,11.0,2,1,103.0,0.005965135808189031,False
P00562,2024-11-01,TikTok,Patrocinador,Vídeo corto,0,6773.0,10543.0,328.0,25,26,17.0,13,5,396.0,0.05846744426398937,False
P00563,2024-11-02,Instagram,Institucional,Imagen,0,27499.0,44905.0,569.0,38,28,31.0,22,6,666.0,0.02421906251136405,False
P00564,2024-11-02,Instagram,Entrenamiento,Imagen,0,51425.0,63608.0,1134.0,67,76,125.0,36,16,1402.0,0.02726300437530384,False
P00565,2024-11-02,Facebook,Resumen,Vídeo corto,0,13721.0,21455.0,332.0,29,29,8.0,18,5,398.0,0.029006632169666934,False
P00566,2024-11-02,Facebook,Entrenamiento,Vídeo largo,0,19029.0,25157.0,156.0,13,8,15.0,7,3,192.0,0.010089862840927007,False
P00567,2024-11-02,YouTube,Efeméride,Vídeo largo,0,5782.0,6570.0,141.0,10,9,14.0,5,1,174.0,0.030093393289519196,False
P00568,2024-11-03,Instagram,Efeméride,Vídeo corto,0,18498.0,30077.0,925.0,54,96,104.0,30,14,1179.0,0.06373662017515407,False
P00569,2024-11-03,Instagram,Entrenamiento,Imagen,0,47549.0,60714.0,1794.0,96,192,103.0,55,15,2185.0,0.04595259626911186,False
P00570,2024-11-03,Instagram,Entrenamiento,Vídeo corto,0,15037.0,17754.0,609.0,58,64,28.0,31,10,759.0,0.05047549378200439,False
P00571,2024-11-03,X,Entrenamiento,Vídeo corto,0,29820.0,39882.0,604.0,54,48,57.0,32,11,763.0,0.025586854460093896,False
P00572,2024-11-03,X,Institucional,Imagen,0,24105.0,34301.0,214.0,14,13,16.0,6,2,257.0,0.01066168844638042,False
P00573,2024-11-03,X,Entrenamiento,Imagen,0,18783.0,22918.0,177.0,17,12,20.0,7,4,226.0,0.012032156737475376,False
P00574,2024-11-03,Facebook,Entrenamiento,Imagen,0,13461.0,19704.0,122.0,10,13,11.0,5,2,156.0,0.011589034989971027,False
P00575,2024-11-03,Facebook,Directo,Imagen,0,13810.0,16497.0,143.0,8,10,19.0,4,1,180.0,0.013034033309196235,False
P00576,2024-11-03,Facebook,Entrenamiento,Vídeo corto,0,23806.0,29573.0,361.0,28,33,22.0,16,5,444.0,0.018650760312526254,False
P00577,2024-11-03,Facebook,Patrocinador,Imagen,0,17211.0,26919.0,55.0,4,4,5.0,2,1,68.0,0.0039509615943292085,False
P00578,2024-11-03,TikTok,Resumen,Vídeo corto,0,11197.0,18417.0,1386.0,129,144,0.0,58,43,1659.0,0.14816468696972404,False
P00579,2024-11-04,Instagram,Previa,Carrusel,0,25288.0,40161.0,655.0,36,49,72.0,18,9,812.0,0.03211009174311927,False
P00580,2024-11-04,Instagram,Patrocinador,Vídeo corto,0,50861.0,60449.0,1918.0,117,198,153.0,60,21,2386.0,0.04691217239141975,False
P00581,2024-11-04,X,Efeméride,Imagen,0,9845.0,14852.0,122.0,11,6,5.0,6,1,144.0,0.01462671406805485,False
P00582,2024-11-04,X,Previa,Texto,0,23649.0,35448.0,211.0,17,15,22.0,8,3,265.0,0.01120554780328978,False
P00583,2024-11-04,X,Cantera,Imagen,0,12735.0,16815.0,122.0,8,9,10.0,4,1,149.0,0.011700039261876717,False
P00584,2024-11-04,X,Cantera,Imagen,0,14769.0,16919.0,107.0,9,6,11.0,4,3,133.0,0.009005349041912114,False
P00585,2024-11-04,Facebook,Institucional,Carrusel,0,12754.0,16671.0,80.0,7,4,7.0,4,1,98.0,0.007683863885839737,False
P00586,2024-11-04,Facebook,Cantera,Texto,0,8744.0,10301.0,42.0,2,3,6.0,1,0,53.0,0.006061299176578225,False
P00587,2024-11-05,Instagram,Resumen,Vídeo corto,0,18349.0,27730.0,1079.0,90,106,0.0,53,13,1275.0,0.06948607553545152,False
P00588,2024-11-05,X,Institucional,Texto,0,16641.0,20960.0,137.0,9,9,2.0,4,2,157.0,0.009434529174929391,False
P00589,2024-11-05,X,Entrenamiento,Texto,0,14814.0,23375.0,110.0,5,7,14.0,2,1,136.0,0.009180504927771027,False
P00590,2024-11-05,YouTube,Patrocinador,Vídeo corto,0,6919.0,7996.0,100.0,5,6,10.0,2,0,121.0,0.017488076311605722,False
P00591,2024-11-06,X,Entrenamiento,Texto,0,25108.0,37039.0,174.0,14,16,15.0,7,3,219.0,0.008722319579416918,False
P00592,2024-11-06,X,Institucional,Imagen,0,27098.0,41192.0,99.0,8,6,2.0,3,1,115.0,0.004243855635102221,False
P00593,2024-11-06,X,Entrenamiento,Vídeo largo,0,29076.0,35872.0,259.0,21,23,8.0,11,3,311.0,0.01069610675471179,False
P00594,2024-11-06,X,Previa,Vídeo corto,0,27888.0,37725.0,640.0,36,41,65.0,26,3,782.0,0.02804073436603557,False
P00595,2024-11-06,X,Afición,Imagen,0,25207.0,37267.0,294.0,25,24,0.0,13,4,343.0,0.013607331296861983,False
P00596,2024-11-06,Facebook,Efeméride,Carrusel,0,8231.0,13179.0,114.0,7,6,8.0,3,1,135.0,0.01640140930628113,False
P00597,2024-11-07,Instagram,Cantera,Imagen,0,16067.0,18706.0,346.0,19,32,43.0,11,4,440.0,0.027385323955934526,False
P00598,2024-11-07,Instagram,Cantera,Carrusel,0,39753.0,64486.0,970.0,88,49,87.0,45,16,1194.0,0.030035469021205945,False
P00599,2024-11-07,Instagram,Entrenamiento,Carrusel,0,35667.0,44802.0,1343.0,69,114,102.0,46,13,1628.0,0.045644433229595986,False
P00600,2024-11-07,Instagram,Previa,Vídeo corto,0,15442.0,23607.0,1266.0,61,86,82.0,33,11,1495.0,0.09681388421188965,False
P00601,2024-11-07,X,Entrenamiento,Imagen,0,9435.0,11427.0,115.0,5,9,8.0,2,1,137.0,0.014520402755696873,False
P00602,2024-11-07,X,Efeméride,Imagen,0,18576.0,44836.0,311.0,21,25,37.0,10,5,394.0,0.021210163652024116,False
P00603,2024-11-07,YouTube,Entrenamiento,Vídeo corto,0,2117.0,2587.0,69.0,5,6,9.0,2,1,89.0,0.042040623523854515,False
P00604,2024-11-08,X,Cantera,Texto,0,29643.0,37561.0,259.0,15,21,21.0,8,3,316.0,0.010660189589447762,False
P00605,2024-11-08,X,Institucional,Texto,0,15463.0,21172.0,113.0,6,11,5.0,3,1,135.0,0.008730518010735303,False
P00606,2024-11-08,X,Resumen,Vídeo corto,0,18560.0,20834.0,456.0,35,34,27.0,15,10,552.0,0.029741379310344828,False
P00607,2024-11-08,X,Institucional,Texto,0,17620.0,24424.0,149.0,8,11,17.0,4,1,185.0,0.010499432463110102,False
P00608,2024-11-08,YouTube,Afición,Vídeo largo,0,7693.0,10369.0,187.0,11,18,11.0,5,2,227.0,0.02950734433900949,False
P00609,2024-11-08,YouTube,Entrenamiento,Vídeo largo,0,8365.0,13002.0,131.0,11,6,15.0,6,2,163.0,0.019485953377166767,False
P00610,2024-11-09,Instagram,Directo,Carrusel,1,44399.0,59342.0,1502.0,83,108,55.0,23,23,1748.0,0.039370256086848805,False
P00611,2024-11-09,Instagram,Resumen,Vídeo corto,1,10952.0,12401.0,880.0,65,87,0.0,31,19,1032.0,0.09422936449963477,False
P00612,2024-11-09,Instagram,Directo,Vídeo corto,1,35166.0,50616.0,2794.0,194,212,160.0,63,63,3360.0,0.09554683501109026,False
P00613,2024-11-09,Instagram,Directo,Texto,1,28860.0,46347.0,860.0,67,57,45.0,23,27,1029.0,0.03565488565488566,False
P00614,2024-11-09,Instagram,Previa,Vídeo corto,1,31304.0,39347.0,1079.0,96,99,79.0,11,45,1353.0,0.04322131357015078,False
P00615,2024-11-09,Instagram,Previa,Imagen,1,41600.0,57896.0,1380.0,103,153,131.0,24,28,1767.0,0.04247596153846154,False
P00616,2024-11-09,Instagram,Resumen,Carrusel,1,30170.0,37985.0,1049.0,96,65,104.0,33,22,1314.0,0.043553198541597615,False
P00617,2024-11-09,X,Directo,Imagen,1,10026.0,12994.0,106.0,6,9,12.0,1,2,133.0,0.013265509674845402,False
P00618,2024-11-09,X,Institucional,Carrusel,1,39559.0,58563.0,196.0,10,10,27.0,2,2,243.0,0.006142723526883895,False
P00619,2024-11-09,X,Directo,Vídeo corto,1,19717.0,23860.0,298.0,25,17,7.0,7,10,347.0,0.01759902622102754,False
P00620,2024-11-09,X,Afición,Texto,1,37758.0,44609.0,200.0,13,21,13.0,3,3,247.0,0.00654166004555326,False
P00621,2024-11-09,Facebook,Resumen,Imagen,1,37373.0,42184.0,455.0,35,24,16.0,10,9,530.0,0.014181360875498355,False
P00622,2024-11-09,Facebook,Institucional,Carrusel,1,21486.0,26858.0,97.0,8,8,3.0,2,3,116.0,0.0053988643768035,False
P00623,2024-11-09,Facebook,Directo,Texto,1,15129.0,23168.0,91.0,8,7,4.0,2,2,110.0,0.007270804415361227,False
P00624,2024-11-09,Facebook,Patrocinador,Vídeo corto,1,9567.0,15120.0,41.0,2,3,6.0,0,0,52.0,0.005435350684645134,False
P00625,2024-11-09,TikTok,Institucional,Vídeo corto,1,8302.0,12629.0,247.0,14,21,30.0,4,5,312.0,0.0375813057094676,False
P00626,2024-11-09,TikTok,Afición,Vídeo corto,1,13722.0,16923.0,1225.0,80,75,116.0,28,18,1496.0,0.10902200845357819,False
P00627,2024-11-09,YouTube,Directo,Vídeo largo,1,4530.0,5589.0,109.0,5,11,7.0,1,1,132.0,0.02913907284768212,False
P00628,2024-11-10,X,Entrenamiento,Imagen,0,26209.0,39053.0,323.0,16,17,20.0,10,3,376.0,0.014346216948376511,False
P00629,2024-11-10,X,Entrenamiento,Texto,0,31994.0,40527.0,385.0,26,23,47.0,14,5,481.0,0.015034068887916485,False
P00630,2024-11-10,Facebook,Entrenamiento,Imagen,0,9925.0,15460.0,55.0,5,5,0.0,2,0,65.0,0.00654911838790932,False
P00631,2024-11-11,Instagram,Entrenamiento,Imagen,0,49740.0,66245.0,2015.0,127,200,29.0,60,23,2371.0,0.047667872939284275,False
P00632,2024-11-11,X,Patrocinador,Texto,0,31810.0,37226.0,102.0,8,5,8.0,3,1,123.0,0.003866708582206853,False
P00633,2024-11-11,TikTok,Cantera,Vídeo corto,0,3885.0,5913.0,312.0,23,22,12.0,13,5,369.0,0.09498069498069497,False
P00634,2024-11-11,TikTok,Cantera,Vídeo corto,0,10234.0,15511.0,768.0,68,51,77.0,36,14,964.0,0.09419581786202853,False
P00635,2024-11-12,Instagram,Directo,Carrusel,0,40254.0,63987.0,1943.0,171,175,33.0,118,31,2322.0,0.057683708451334026,False
P00636,2024-11-12,X,Fichajes,Vídeo corto,0,10742.0,13316.0,206.0,14,16,8.0,8,3,244.0,0.022714578290821075,False
P00637,2024-11-12,Facebook,Patrocinador,Texto,0,13649.0,17556.0,40.0,3,2,3.0,1,0,48.0,0.0035167411531980366,False
P00638,2024-11-12,Facebook,Entrenamiento,Vídeo corto,0,11361.0,15883.0,130.0,10,11,6.0,5,2,157.0,0.013819206055804946,False
P00639,2024-11-12,TikTok,Institucional,Vídeo corto,0,8302.5,11724.0,606.0,49,39,41.0,27,8,735.0,0.08852755194218609,False
P00640,2024-11-12,TikTok,Patrocinador,Vídeo corto,0,16509.0,22148.0,788.0,50,46,68.0,25,12,952.0,0.05766551577927191,False
P00641,2024-11-13,Instagram,Afición,Carrusel,0,24732.0,29937.0,1211.0,108,134,55.0,57,23,1508.0,0.06097363739285137,False
P00642,2024-11-13,X,Entrenamiento,Carrusel,0,8737.0,12596.0,126.0,9,10,4.0,4,2,149.0,0.01705390866430125,False
P00643,2024-11-13,Facebook,Entrenamiento,Imagen,0,15725.0,24299.0,89.0,4,8,6.0,2,0,107.0,0.006804451510333863,False
P00644,2024-11-13,Facebook,Efeméride,Imagen,0,9329.0,14592.0,53.0,3,3,6.0,1,0,65.0,0.006967520634580341,False
P00645,2024-11-13,YouTube,Patrocinador,Vídeo largo,0,3004.0,3748.0,52.0,4,5,5.0,1,1,66.0,0.021970705725699067,False
P00646,2024-11-14,Facebook,Patrocinador,Imagen,0,7053.0,9017.0,33.0,2,3,1.0,1,0,39.0,0.00552956188855806,False
P00647,2024-11-14,Facebook,Resumen,Carrusel,0,13102.0,16269.0,113.0,10,6,9.0,5,1,138.0,0.01053274309265761,False
P00648,2024-11-14,Facebook,Entrenamiento,Vídeo corto,0,16629.0,27404.0,169.0,9,10,24.0,5,1,212.0,0.012748812315833784,False
P00649,2024-11-14,TikTok,Entrenamiento,Vídeo corto,0,6873.0,10740.0,601.0,45,32,59.0,29,8,737.0,0.10723119452931762,False
P00650,2024-11-15,X,Entrenamiento,Vídeo corto,0,29346.0,35581.0,579.0,42,47,12.0,19,8,680.0,0.02317181217201663,False
P00651,2024-11-15,X,Resumen,Vídeo largo,0,17389.0,21461.0,335.0,24,19,20.0,14,4,398.0,0.022888032664328022,False
P00652,2024-11-15,Facebook,Cantera,Vídeo corto,0,9905.0,11373.0,94.0,6,8,8.0,3,1,116.0,0.01171125694093892,False
P00653,2024-11-15,TikTok,Institucional,Vídeo corto,0,7334.0,9487.0,280.0,27,25,20.0,13,6,352.0,0.047995636760294516,False
P00654,2024-11-15,TikTok,Patrocinador,Vídeo corto,0,15445.0,20348.0,873.0,72,45,75.0,39,16,1065.0,0.06895435415992231,False
P00655,2024-11-15,TikTok,Institucional,Vídeo corto,0,8303.0,12985.0,411.0,37,24,32.0,19,9,504.0,0.060700951463326505,False
P00656,2024-11-15,YouTube,Institucional,Vídeo largo,0,4724.0,5400.0,45.0,4,3,6.0,2,1,58.0,0.012277730736663843,False
P00657,2024-11-15,YouTube,Directo,Vídeo corto,0,2986.0,4555.0,133.0,9,9,7.0,4,1,158.0,0.05291359678499665,False
P00658,2024-11-16,Instagram,Resumen,Carrusel,1,59857.0,67642.0,4076.0,254,424,18.0,100,78,4772.0,0.07972334062849792,False
P00659,2024-11-16,Instagram,Previa,Vídeo corto,1,16617.0,25981.0,904.0,69,46,51.0,26,27,1070.0,0.06439188782572065,False
P00660,2024-11-16,X,Directo,Imagen,1,15839.0,22752.0,212.0,18,10,17.5,7,5,257.5,0.01625733947850243,False
P00661,2024-11-16,X,Resumen,Imagen,1,20831.0,24654.0,305.0,27,28,21.0,10,10,381.0,0.01829004848543037,False
P00662,2024-11-16,X,Cantera,Vídeo corto,1,12864.0,20909.0,130.0,8,8,19.0,2,3,165.0,0.012826492537313433,False
P00663,2024-11-16,X,Afición,Imagen,1,21648.0,32909.0,367.0,29,40,27.0,11,7,463.0,0.021387657058388767,False
P00664,2024-11-16,X,Afición,Imagen,1,19355.0,25988.0,220.0,12,16,11.0,5,2,259.0,0.013381555153707052,False
P00665,2024-11-16,Facebook,Institucional,Carrusel,1,13846.0,17712.0,86.0,7,6,2.0,2,1,101.0,0.007294525494727719,False
P00666,2024-11-16,Facebook,Efeméride,Imagen,1,19414.0,24502.0,164.0,16,11,13.0,4,6,204.0,0.010507880910683012,False
P00667,2024-11-16,Facebook,Fichajes,Imagen,1,36492.0,54625.0,513.0,27,45,39.0,10,6,624.0,0.017099638276882604,False
P00668,2024-11-16,TikTok,Directo,Vídeo corto,1,7550.0,12332.0,573.0,41,44,27.0,12,15,685.0,0.09072847682119205,False
P00669,2024-11-16,YouTube,Afición,Vídeo largo,1,5583.0,8287.0,94.0,7,7,10.0,2,2,118.0,0.021135590184488625,False
P00670,2024-11-17,X,Cantera,Imagen,0,22431.0,26873.0,272.0,24,17,27.0,15,3,340.0,0.015157594400606303,False
P00671,2024-11-17,X,Entrenamiento,Imagen,0,16457.0,26001.0,255.0,22,14,31.0,12,4,322.0,0.019566142067205444,False
P00672,2024-11-17,X,Cantera,Texto,0,36421.0,56159.0,203.0,10,19,15.0,5,2,247.0,0.006781801707805936,False
P00673,2024-11-17,X,Patrocinador,Imagen,0,23703.0,32941.0,113.0,8,8,14.0,4,1,143.0,0.006032991604438257,False
P00674,2024-11-17,Facebook,Patrocinador,Vídeo corto,0,16379.0,19432.0,91.0,7,7,4.0,3,1,109.0,0.00665486293424507,False
P00675,2024-11-17,Facebook,Efeméride,Texto,0,16487.0,24453.0,101.0,6,6,16.0,3,1,129.0,0.007824346454782556,False
P00676,2024-11-17,Facebook,Afición,Imagen,0,17003.5,29984.0,182.0,11,11,14.0,6,2,218.0,0.012820889816802423,False
P00677,2024-11-17,TikTok,Cantera,Vídeo corto,0,4386.0,5185.0,242.0,24,18,24.0,14,5,308.0,0.0702234382124943,False
P00678,2024-11-18,Instagram,Patrocinador,Vídeo corto,0,19908.0,23038.0,581.0,54,36,71.0,24,18,742.0,0.03727144866385373,False
P00679,2024-11-18,Instagram,Afición,Vídeo corto,0,22318.0,33005.0,1446.0,78,108,62.0,43,21,1694.0,0.0759028586790931,False
P00680,2024-11-18,X,Efeméride,Imagen,0,47460.0,55930.0,1000.0,86,50,54.0,44,24,1190.0,0.025073746312684365,False
P00681,2024-11-18,X,Patrocinador,Vídeo corto,0,13114.0,17244.0,136.0,11,12,0.0,5,2,159.0,0.012124447155711454,False
P00682,2024-11-18,Facebook,Efeméride,Imagen,0,13249.0,19129.0,80.0,3,7,4.0,1,0,94.0,0.007094875084912069,False
P00683,2024-11-18,Facebook,Resumen,Vídeo corto,0,8661.0,9979.0,145.0,13,13,4.0,6,2,175.0,0.020205518993187854,False
P00684,2024-11-18,TikTok,Fichajes,Vídeo corto,0,7781.0,9125.0,831.0,50,86,89.0,28,11,1056.0,0.13571520370132373,False
P00685,2024-11-18,TikTok,Previa,Vídeo corto,0,5375.0,7488.0,519.0,46,54,0.0,24,9,619.0,0.11516279069767442,False
P00686,2024-11-19,X,Resumen,Texto,0,9450.0,12386.0,163.0,11,11,13.0,5,2,198.0,0.02095238095238095,False
P00687,2024-11-19,Facebook,Institucional,Vídeo corto,0,29018.0,38047.0,154.0,8,12,15.0,5,1,189.0,0.006513198704252533,False
P00688,2024-11-19,Facebook,Fichajes,Imagen,0,22397.0,34908.0,479.0,38,51,18.5,20,8,586.5,0.026186542840559004,False
P00689,2024-11-19,TikTok,Cantera,Vídeo corto,0,5074.0,5797.0,404.0,19,20,43.0,9,3,486.0,0.09578242018131651,False
P00690,2024-11-19,TikTok,Resumen,Vídeo corto,0,13503.0,20810.0,2046.0,139,178,56.0,66,46,2419.0,0.17914537510182924,False
P00691,2024-11-20,Instagram,Resumen,Carrusel,0,27836.0,33414.0,1757.0,101,179,143.0,44,35,2180.0,0.07831584997844518,False
P00692,2024-11-20,Facebook,Cantera,Vídeo corto,0,15103.0,17906.0,105.0,10,8,10.0,5,2,133.0,0.00880619744421638,False
P00693,2024-11-20,Facebook,Entrenamiento,Imagen,0,21448.0,26071.0,101.0,8,7,5.0,3,1,121.0,0.005641551659828423,False
P00694,2024-11-20,TikTok,Patrocinador,Vídeo corto,0,14230.0,20214.0,634.0,61,68,41.0,32,12,804.0,0.05650035137034434,False
P00695,2024-11-20,TikTok,Entrenamiento,Vídeo corto,0,10294.0,14437.0,759.0,56,49,70.0,22,12,934.0,0.0907324655138916,False
P00696,2024-11-20,YouTube,Efeméride,Vídeo corto,0,6062.0,9837.0,242.0,15,17,33.0,7,3,307.0,0.05064335202903332,False
P00697,2024-11-21,Instagram,Entrenamiento,Carrusel,0,21227.0,26362.0,896.0,75,52,98.0,38,15,1121.0,0.052810100343901635,False
P00698,2024-11-21,Instagram,Fichajes,Carrusel,0,18323.0,23072.0,1082.0,79,94,110.0,36,17,1365.0,0.07449653441030399,False
P00699,2024-11-21,Facebook,Cantera,Imagen,0,20904.0,33492.0,179.0,12,18,9.0,5,2,218.0,0.010428626100267891,False
P00700,2024-11-21,YouTube,Cantera,Vídeo largo,0,6197.0,9619.0,98.0,8,9,6.0,4,2,121.0,0.01952557689204454,False
P00701,2024-11-21,YouTube,Fichajes,Vídeo corto,0,4240.0,6709.0,424.0,37,35,8.0,19,7,504.0,0.11886792452830189,True
P00702,2024-11-22,Instagram,Entrenamiento,Imagen,0,41518.0,60303.0,1735.0,126,172,30.0,68,26,2063.0,0.049689291391685535,False
P00703,2024-11-22,Instagram,Efeméride,Imagen,0,37010.0,55326.0,1074.0,67,107,108.0,40,11,1356.0,0.036638746284787894,False
P00704,2024-11-22,X,Patrocinador,Imagen,0,39952.0,50270.0,180.0,15,12,17.0,8,3,224.0,0.005606728073688426,False
P00705,2024-11-22,X,Efeméride,Carrusel,0,15935.0,19537.0,212.0,14,16,15.0,6,3,257.0,0.016128020081581425,False
P00706,2024-11-22,TikTok,Institucional,Vídeo corto,0,8302.5,10883.0,383.0,27,24,44.0,9,8,478.0,0.05757302017464619,False
P00707,2024-11-22,TikTok,Efeméride,Vídeo corto,0,6423.0,10155.0,544.0,41,51,31.0,24,6,667.0,0.10384555503658727,False
P00708,2024-11-23,Instagram,Resumen,Vídeo corto,1,15215.0,24263.0,2702.0,200,212,218.0,148,22,3332.0,0.21899441340782122,True
P00709,2024-11-23,Instagram,Directo,Vídeo largo,1,85466.0,109633.0,3411.0,185,345,93.5,122,28,4034.5,0.047205906442327944,False
P00710,2024-11-23,X,Entrenamiento,Imagen,1,21966.0,34504.0,374.0,23,39,17.0,16,3,453.0,0.020622780661021578,False
P00711,2024-11-23,X,Cantera,Vídeo largo,1,25676.0,40562.0,317.0,16,33,36.0,10,2,402.0,0.015656644337124163,False
P00712,2024-11-23,X,Previa,Texto,1,50913.0,57752.0,509.0,37,55,36.0,30,2,637.0,0.01251153929251861,False
P00713,2024-11-23,X,Resumen,Vídeo corto,1,23369.0,26908.0,663.0,54,47,27.0,39,5,791.0,0.0338482605160683,False
P00714,2024-11-23,Facebook,Resumen,Vídeo largo,1,19748.0,25364.0,406.0,36,38,31.0,22,7,511.0,0.02587603807980555,False
P00715,2024-11-23,Facebook,Directo,Vídeo largo,1,90132.0,147451.0,1745.0,166,147,126.0,128,22,2184.0,0.024231127679403542,False
P00716,2024-11-23,Facebook,Previa,Vídeo largo,1,14720.0,17513.0,123.0,8,7,16.0,4,1,154.0,0.01046195652173913,False
P00717,2024-11-23,YouTube,Cantera,Vídeo largo,1,5628.0,6553.0,164.0,14,12,5.0,9,2,195.0,0.03464818763326226,False
P00718,2024-11-24,Instagram,Resumen,Vídeo corto,0,14719.0,18954.0,1172.0,72,118,116.0,36,16,1478.0,0.10041443032814729,False
P00719,2024-11-24,Instagram,Entrenamiento,Imagen,0,18231.0,21545.0,338.0,31,22,19.0,17,6,410.0,0.022489166803795733,False
P00720,2024-11-24,X,Previa,Carrusel,0,28666.0,43418.0,478.0,45,29,15.0,30,9,567.0,0.019779529756505966,False
P00721,2024-11-24,Facebook,Cantera,Imagen,0,44148.0,60165.0,380.0,34,38,34.0,20,8,486.0,0.011008426202772493,False
P00722,2024-11-24,Facebook,Patrocinador,Vídeo corto,0,21064.0,32292.0,156.0,9,14,5.0,4,2,184.0,0.008735282947208508,False
P00723,2024-11-24,Facebook,Institucional,Imagen,0,7645.0,12592.0,44.0,3,2,6.0,1,0,55.0,0.007194244604316547,False
P00724,2024-11-24,Facebook,Patrocinador,Texto,0,8767.0,11588.0,20.0,1,1,2.0,0,0,24.0,0.0027375384966351088,False
P00725,2024-11-25,Instagram,Fichajes,Imagen,0,21388.0,35176.0,1408.0,89,126,141.0,43,18,1764.0,0.08247615485318871,False
P00726,2024-11-25,X,Entrenamiento,Texto,0,12596.0,17254.0,129.0,8,7,11.0,5,1,155.0,0.012305493807557955,False
P00727,2024-11-25,Facebook,Patrocinador,Vídeo corto,0,5389.0,6750.0,47.0,3,3,7.0,1,0,60.0,0.011133791055854518,False
P00728,2024-11-25,Facebook,Institucional,Imagen,0,22609.0,36761.0,162.0,8,14,15.0,3,2,199.0,0.008801804591092043,False
P00729,2024-11-25,Facebook,Entrenamiento,Imagen,0,21987.0,27012.0,194.0,12,10,18.0,6,3,234.0,0.010642652476463364,False
P00730,2024-11-25,Facebook,Efeméride,Vídeo corto,0,12938.0,15721.0,182.0,13,18,1.0,6,3,214.0,0.016540423558509817,False
P00731,2024-11-25,YouTube,Efeméride,Vídeo largo,0,6911.0,8987.0,95.0,7,5,7.0,3,1,114.0,0.01649544204890754,False
P00732,2024-11-25,YouTube,Efeméride,Vídeo corto,0,4473.0,7101.0,100.0,6,9,9.0,3,1,124.0,0.027721886876816454,False
P00733,2024-11-25,YouTube,Patrocinador,Vídeo largo,0,3868.0,5296.0,46.0,2,4,3.0,1,0,55.0,0.01421923474663909,False
P00734,2024-11-26,Instagram,Institucional,Carrusel,0,17014.0,27466.0,659.0,59,56,56.0,27,15,830.0,0.048783354884213,False
P00735,2024-11-26,Instagram,Cantera,Vídeo largo,0,14353.0,19692.0,283.0,25,20,7.0,12,4,335.0,0.023340068278408694,False
P00736,2024-11-26,Instagram,Cantera,Imagen,0,35349.0,52226.0,1283.0,124,112,93.0,73,23,1612.0,0.04560242156779541,False
P00737,2024-11-26,X,Institucional,Imagen,0,34418.0,52665.0,487.0,40,32,37.0,21,10,596.0,0.017316520425358823,False
P00738,2024-11-26,X,Entrenamiento,Texto,0,29979.0,47500.0,308.0,25,23,39.0,10,7,395.0,0.01317588978951933,False
P00739,2024-11-26,X,Resumen,Imagen,0,18692.0,28747.0,311.0,20,28,7.0,10,5,366.0,0.019580569227476995,False
P00740,2024-11-26,Facebook,Patrocinador,Vídeo corto,0,16722.0,20520.0,116.0,10,6,11.0,5,2,143.0,0.008551608659251286,False
P00741,2024-11-26,Facebook,Entrenamiento,Vídeo corto,0,22789.0,25613.0,300.0,25,15,36.0,12,5,376.0,0.016499188204835667,False
P00742,2024-11-26,Facebook,Previa,Vídeo corto,0,30012.0,22474.0,391.0,31,40,20.0,16,8,482.0,0.01606024256963881,False
P00743,2024-11-26,Facebook,Institucional,Vídeo corto,0,18723.0,30120.0,86.0,8,8,7.0,4,2,109.0,0.005821716605244886,False
P00744,2024-11-26,YouTube,Entrenamiento,Vídeo largo,0,2895.0,3413.0,54.0,3,5,2.0,1,0,64.0,0.022107081174438686,False
P00745,2024-11-27,Instagram,Entrenamiento,Imagen,0,36888.0,55819.0,1746.0,148,114,136.0,78,36,2144.0,0.05812188245499891,False
P00746,2024-11-27,X,Afición,Vídeo corto,0,35233.0,54912.0,754.0,72,68,32.0,38,14,926.0,0.026282178639343796,False
P00747,2024-11-27,X,Fichajes,Texto,0,24039.0,38877.0,469.0,40,42,0.0,23,8,551.0,0.022921086567660884,False
P00748,2024-11-27,Facebook,Efeméride,Imagen,0,10246.0,14450.0,71.0,4,5,3.0,2,0,83.0,0.008100722233066562,False
P00749,2024-11-28,Instagram,Entrenamiento,Imagen,0,47994.0,73920.0,1939.0,178,97,184.0,96,32,2398.0,0.04996457890569655,False
P00750,2024-11-28,X,Fichajes,Imagen,0,16196.0,19469.0,363.0,18,33,21.0,9,5,435.0,0.026858483576191652,False
P00751,2024-11-28,X,Previa,Texto,0,15715.0,20652.0,139.0,13,9,14.0,7,3,175.0,0.011135857461024499,False
P00752,2024-11-28,X,Entrenamiento,Imagen,0,14451.0,17878.0,229.0,11,12,25.0,6,2,277.0,0.019168223652342397,False
P00753,2024-11-28,X,Afición,Texto,0,12698.0,20637.0,259.0,15,18,23.0,9,3,315.0,0.024807056229327454,False
P00754,2024-11-28,Facebook,Cantera,Vídeo largo,0,14850.0,19901.0,85.0,6,8,7.0,3,1,106.0,0.007138047138047138,False
P00755,2024-11-28,Facebook,Patrocinador,Carrusel,0,21533.0,26490.0,110.0,9,11,5.0,5,1,135.0,0.006269446895462778,False
P00756,2024-11-28,Facebook,Cantera,Imagen,0,42468.0,57784.0,279.0,18,22,21.0,8,5,340.0,0.008006028068192521,False
P00757,2024-11-28,YouTube,Institucional,Vídeo largo,0,13269.0,17954.0,215.0,12,12,17.0,7,1,256.0,0.019293089155173714,False
P00758,2024-11-29,Instagram,Previa,Texto,0,34588.0,50753.0,1053.0,77,76,135.0,39,19,1341.0,0.03877067190933272,False
P00759,2024-11-29,Instagram,Cantera,Imagen,0,9440.0,11380.0,179.0,13,18,18.0,7,3,228.0,0.024152542372881357,False
P00760,2024-11-29,Instagram,Entrenamiento,Imagen,0,22995.0,34682.0,584.0,37,61,61.0,18,8,743.0,0.032311372037399436,False
P00761,2024-11-29,X,Previa,Imagen,0,33119.0,43358.0,330.0,23,19,35.0,13,3,407.0,0.01228901838823636,False
P00762,2024-11-29,X,Cantera,Texto,0,10749.0,15159.0,76.0,6,8,3.0,3,1,93.0,0.008651967624895339,False
P00763,2024-11-29,Facebook,Institucional,Vídeo corto,0,20107.0,33099.0,275.0,19,21,6.0,10,3,321.0,0.01596458944646143,False
P00764,2024-11-29,Facebook,Directo,Imagen,0,15524.0,25404.0,175.0,15,10,9.0,7,3,209.0,0.013463024993558361,False
P00765,2024-11-29,Facebook,Entrenamiento,Carrusel,0,10159.0,16362.0,108.0,6,7,12.0,3,1,133.0,0.013091839748006694,False
P00766,2024-11-30,Instagram,Resumen,Carrusel,1,50178.0,69830.0,4947.0,240,454,168.0,155,31,5809.0,0.11576786639563155,False
P00767,2024-11-30,Instagram,Institucional,Vídeo corto,1,43952.0,55271.0,1823.0,91,150,134.0,56,13,2198.0,0.050009100837277026,False
P00768,2024-11-30,Instagram,Entrenamiento,Vídeo corto,1,35350.0,40949.0,1858.0,143,204,71.0,98,23,2276.0,0.06438472418670438,False
P00769,2024-11-30,X,Resumen,Imagen,1,11727.0,18332.0,256.0,21,13,13.0,16,1,303.0,0.025837810181632132,False
P00770,2024-11-30,X,Resumen,Carrusel,1,21497.0,34860.0,613.0,36,39,45.0,23,5,733.0,0.034097781085732894,False
P00771,2024-11-30,X,Afición,Imagen,1,24820.0,30680.0,648.0,44,50,62.0,29,6,804.0,0.032393231265108784,False
P00772,2024-11-30,X,Previa,Imagen,1,8666.0,9889.0,100.0,5,10,1.0,3,0,116.0,0.013385645049619201,False
P00773,2024-11-30,Facebook,Directo,Imagen,1,15220.0,20411.0,325.0,28,20,8.0,16,4,381.0,0.025032851511169515,False
P00774,2024-11-30,Facebook,Directo,Vídeo corto,1,26941.0,30552.0,647.0,32,38,44.0,21,5,761.0,0.02824690991425708,False
P00775,2024-11-30,TikTok,Resumen,Vídeo corto,1,35464.0,43830.0,8579.0,432,685,441.0,263,105,10137.0,0.28583916083916083,False
P00776,2024-11-30,TikTok,Resumen,Vídeo corto,1,6958.0,10424.0,1087.0,90,104,38.0,58,13,1319.0,0.1895659672319632,False
P00777,2024-11-30,TikTok,Afición,Vídeo corto,1,6787.0,10678.0,1578.0,89,91,153.0,62,13,1911.0,0.28156770296154415,False
P00778,2024-11-30,TikTok,Resumen,Vídeo corto,1,6457.0,10641.0,1748.0,101,186,162.0,67,13,2197.0,0.34025089050642715,False
P00779,2024-11-30,YouTube,Cantera,Vídeo largo,1,3645.0,6495.5,68.0,4,3,10.0,2,0,85.0,0.023319615912208505,False
P00780,2024-11-30,YouTube,Directo,Vídeo largo,1,5346.0,7295.0,178.0,9,14,26.0,5,2,227.0,0.042461653572764685,False
P00781,2024-12-01,Instagram,Cantera,Imagen,0,31119.0,35627.0,1035.0,82,92,0.0,44,15,1209.0,0.038850862816928566,False
P00782,2024-12-01,Facebook,Afición,Imagen,0,30506.0,50163.0,481.0,23,23,52.0,14,4,579.0,0.018979872811905853,False
P00783,2024-12-02,Instagram,Entrenamiento,Carrusel,0,39543.0,62347.0,1258.0,92,92,109.0,51,22,1551.0,0.039223124193915486,False
P00784,2024-12-02,X,Entrenamiento,Vídeo corto,0,12828.0,16006.0,230.0,18,12,17.0,9,4,277.0,0.021593389460555036,False
P00785,2024-12-02,Facebook,Efeméride,Carrusel,0,13008.0,20332.0,113.0,6,6,18.0,2,1,143.0,0.010993234932349324,False
P00786,2024-12-02,TikTok,Afición,Vídeo corto,0,9063.0,11737.0,870.0,63,51,41.0,32,19,1025.0,0.11309720842987973,False
P00787,2024-12-03,Instagram,Institucional,Imagen,0,40484.0,49748.0,1391.0,99,102,38.0,48,26,1630.0,0.04026281987945855,False
P00788,2024-12-03,Instagram,Afición,Imagen,0,25224.0,31578.0,1091.0,103,93,112.0,50,18,1399.0,0.05546305106248018,False
P00789,2024-12-03,X,Previa,Imagen,0,19628.0,30566.0,335.0,20,31,42.0,10,3,428.0,0.021805583859792133,False
P00790,2024-12-03,Facebook,Resumen,Carrusel,0,20266.0,24954.0,362.0,21,29,24.0,11,3,436.0,0.021513865587683804,False
P00791,2024-12-03,TikTok,Directo,Vídeo corto,0,8820.0,12748.0,782.0,78,51,90.0,43,21,1001.0,0.11349206349206349,False
P00792,2024-12-03,YouTube,Previa,Vídeo largo,0,9081.0,13318.0,114.0,9,6,8.0,4,2,137.0,0.015086444224204383,False
P00793,2024-12-03,YouTube,Cantera,Vídeo corto,0,3466.0,4517.0,125.0,11,10,2.0,6,2,148.0,0.04270051933064051,False
P00794,2024-12-04,Instagram,Cantera,Texto,0,19445.0,24903.0,374.0,36,20,32.0,18,10,462.0,0.023759321162252506,False
P00795,2024-12-04,Instagram,Resumen,Vídeo corto,0,9328.0,15274.0,1465.0,92,74,183.0,60,17,1814.0,0.19446826758147512,True
P00796,2024-12-04,X,Entrenamiento,Vídeo corto,0,28178.0,45949.0,377.0,27,42,37.0,13,8,483.0,0.017141032010788558,False
P00797,2024-12-04,X,Patrocinador,Vídeo corto,0,10544.0,14750.0,139.0,7,7,22.0,3,1,175.0,0.01659711684370258,False
P00798,2024-12-04,Facebook,Efeméride,Imagen,0,13574.0,19848.0,82.0,7,5,10.0,3,1,104.0,0.007661706203035214,False
P00799,2024-12-04,Facebook,Institucional,Imagen,0,11619.0,14915.0,58.0,2,6,2.0,0,0,68.0,0.005852483001979517,False
P00800,2024-12-04,TikTok,Entrenamiento,Vídeo corto,0,7167.0,8837.0,533.0,40,27,34.0,19,8,634.0,0.08846100181386912,False
P00801,2024-12-04,YouTube,Institucional,Vídeo largo,0,6192.0,7924.0,65.0,6,6,3.0,3,1,80.0,0.012919896640826873,False
P00802,2024-12-05,Instagram,Resumen,Carrusel,0,41290.0,49009.0,2858.0,157,175,322.0,88,32,3512.0,0.08505691450714459,False
P00803,2024-12-05,Instagram,Entrenamiento,Vídeo corto,0,31307.0,40418.0,1549.0,138,167,104.0,83,22,1958.0,0.06254192353147858,False
P00804,2024-12-05,Instagram,Institucional,Carrusel,0,598944.0,700488.0,17664.0,1032,1800,88.0,19,10,20584.0,0.03436715285569269,False
P00805,2024-12-05,Instagram,Cantera,Texto,0,61657.0,82560.0,1050.0,54,114,91.0,29,10,1309.0,0.021230355028626108,False
P00806,2024-12-05,Facebook,Entrenamiento,Imagen,0,20758.0,33663.0,166.0,12,9,17.0,6,2,204.0,0.009827536371519414,False
P00807,2024-12-06,Instagram,Entrenamiento,Carrusel,0,18218.0,23022.0,744.0,45,66,66.0,21,11,921.0,0.05055439675046657,False
P00808,2024-12-06,Facebook,Institucional,Texto,0,14448.0,22027.0,44.0,2,3,3.0,1,0,52.0,0.0035991140642303433,False
P00809,2024-12-06,TikTok,Entrenamiento,Vídeo corto,0,15863.0,26127.0,1331.0,85,140,33.0,35,24,1589.0,0.10017020740086995,False
P00810,2024-12-07,Instagram,Resumen,Vídeo corto,1,35854.0,45131.0,1701.0,85,179,131.0,29,32,2096.0,0.058459307190271655,False
P00811,2024-12-07,Instagram,Afición,Vídeo corto,1,25052.0,36465.0,1087.0,82,62,116.0,29,31,1347.0,0.05376816222257704,False
P00812,2024-12-07,Instagram,Previa,Imagen,1,18768.0,30512.0,643.0,45,66,71.0,14,11,825.0,0.04395780051150895,False
P00813,2024-12-07,X,Resumen,Vídeo corto,1,22746.0,27284.0,308.0,23,29,3.0,7,6,363.0,0.015958849907676074,False
P00814,2024-12-07,X,Previa,Vídeo largo,1,53356.0,70048.0,707.0,59,70,0.0,21,22,836.0,0.015668340955094087,False
P00815,2024-12-07,X,Afición,Imagen,1,48593.0,69876.0,710.0,62,45,58.0,23,18,875.0,0.01800670878521598,False
P00816,2024-12-07,X,Resumen,Texto,1,21888.0,31002.0,268.0,23,26,0.0,7,7,317.0,0.014482821637426901,False
P00817,2024-12-07,X,Directo,Texto,1,40173.0,56518.0,479.0,40,32,25.0,10,16,576.0,0.014337988201030542,False
P00818,2024-12-07,X,Efeméride,Imagen,1,17770.0,28915.0,112.0,8,11,12.0,1,2,143.0,0.008047270680922904,False
P00819,2024-12-07,Facebook,Resumen,Vídeo corto,1,7463.0,11872.0,90.0,4,9,7.0,1,1,110.0,0.014739380946000268,False
P00820,2024-12-07,Facebook,Cantera,Vídeo corto,1,14791.0,23020.0,109.0,10,11,0.0,3,3,130.0,0.008789128524102494,False
P00821,2024-12-07,TikTok,Afición,Vídeo corto,1,13704.0,19392.0,1335.0,77,109,93.0,27,29,1614.0,0.11777583187390543,False
P00822,2024-12-07,TikTok,Resumen,Vídeo corto,1,6939.0,9082.0,870.0,46,74,78.0,18,15,1068.0,0.15391266753134458,False
P00823,2024-12-07,YouTube,Resumen,Vídeo largo,1,7054.0,10443.0,151.0,12,12,6.0,5,2,181.0,0.025659200453643324,False
P00824,2024-12-07,YouTube,Institucional,Vídeo largo,1,13310.0,16573.0,112.0,10,5,9.0,3,4,136.0,0.010217881292261458,False
P00825,2024-12-07,YouTube,Previa,Vídeo largo,1,4223.0,4982.0,62.0,4,5,4.0,1,1,75.0,0.017759886336727444,False
P00826,2024-12-08,Instagram,Efeméride,Imagen,0,28989.0,35182.0,1814.0,166,87,82.0,87,28,2149.0,0.07413156714615889,False
P00827,2024-12-08,Instagram,Institucional,Imagen,0,22276.0,33997.0,471.0,30,35,25.0,16,4,561.0,0.025184054587897287,False
P00828,2024-12-08,X,Institucional,Imagen,0,9110.0,12616.0,65.0,4,3,8.0,2,0,80.0,0.008781558726673985,False
P00829,2024-12-08,X,Afición,Imagen,0,29955.0,42369.0,682.0,48,66,21.0,27,9,817.0,0.02727424470038391,False
P00830,2024-12-08,Facebook,Patrocinador,Imagen,0,18423.0,26490.0,64.0,5,5,3.0,3,0,77.0,0.0041795581609944095,False
P00831,2024-12-08,Facebook,Institucional,Vídeo corto,0,34956.0,44454.0,516.0,29,45,52.0,16,5,642.0,0.018365945760384483,False
P00832,2024-12-08,YouTube,Entrenamiento,Vídeo largo,0,7386.0,10378.0,166.0,13,12,9.0,8,2,200.0,0.027078256160303276,False
P00833,2024-12-09,Instagram,Institucional,Imagen,0,22314.0,32553.0,467.0,29,39,35.0,15,5,570.0,0.02554450121000269,False
P00834,2024-12-10,X,Institucional,Imagen,0,19142.0,26693.0,137.0,10,7,7.0,5,2,161.0,0.008410824365270088,False
P00835,2024-12-11,Instagram,Entrenamiento,Imagen,0,14693.0,20806.0,379.0,31,41,13.0,17,7,464.0,0.031579663785476074,False
P00836,2024-12-11,X,Fichajes,Imagen,0,13999.0,20313.0,224.0,18,15,8.0,10,3,265.0,0.018929923565969,False
P00837,2024-12-11,X,Fichajes,Imagen,0,13806.0,20969.0,233.0,15,12,17.0,7,3,277.0,0.020063740402723452,False
P00838,2024-12-11,X,Entrenamiento,Texto,0,18143.0,26576.0,132.0,6,11,6.0,2,1,155.0,0.008543239817009315,False
P00839,2024-12-11,Facebook,Fichajes,Carrusel,0,12314.0,19305.0,329.0,28,16,11.0,15,6,384.0,0.031184018190677277,False
P00840,2024-12-11,Facebook,Efeméride,Carrusel,0,7422.0,10996.0,56.0,3,5,2.0,1,0,66.0,0.00889248181083266,False
P00841,2024-12-12,Facebook,Institucional,Texto,0,10313.0,14334.0,56.0,4,3,7.0,2,0,70.0,0.006787549694560264,False
P00842,2024-12-12,Facebook,Cantera,Vídeo corto,0,19923.0,30660.0,429.0,30,42,19.0,13,8,520.0,0.026100486874466696,False
P00843,2024-12-12,YouTube,Patrocinador,Vídeo corto,0,1724.0,2326.0,35.0,2,2,2.0,0,0,41.0,0.023781902552204175,False
P00844,2024-12-13,Instagram,Efeméride,Imagen,0,27326.0,31702.0,1282.0,108,127,50.0,56,32,1567.0,0.05734465344360682,False
P00845,2024-12-13,X,Cantera,Imagen,0,13403.0,20071.0,142.0,10,9,10.0,6,1,171.0,0.012758337685592779,False
P00846,2024-12-13,X,Resumen,Imagen,0,16135.0,21247.0,349.0,31,37,9.0,16,7,426.0,0.026402231174465447,False
P00847,2024-12-13,X,Institucional,Imagen,0,30084.0,46423.0,233.0,22,16,14.0,10,5,285.0,0.009473474272038292,False
P00848,2024-12-13,X,Institucional,Imagen,0,25676.0,36481.0,142.0,8,12,5.0,4,1,167.0,0.0065041283689048135,False
P00849,2024-12-13,YouTube,Efeméride,Vídeo largo,0,4384.0,5152.0,85.0,5,6,13.0,2,1,109.0,0.024863138686131388,False
P00850,2024-12-14,Instagram,Directo,Carrusel,0,21069.0,31654.0,1395.0,90,108,186.0,45,24,1779.0,0.08443685034885377,False
P00851,2024-12-14,X,Patrocinador,Texto,0,17919.0,25923.0,105.0,7,5,9.0,3,1,126.0,0.007031642390758413,False
P00852,2024-12-14,Facebook,Afición,Vídeo corto,0,17003.5,23217.0,206.0,17,20,1.0,9,3,244.0,0.014349986767430234,False
P00853,2024-12-14,Facebook,Entrenamiento,Imagen,0,39261.0,51200.0,501.0,49,55,31.0,28,11,636.0,0.01619928172996103,False
P00854,2024-12-14,Facebook,Fichajes,Imagen,0,10834.0,17817.0,232.0,17,24,6.0,12,2,279.0,0.025752261399298506,False
P00855,2024-12-14,TikTok,Fichajes,Vídeo corto,0,5980.0,8143.0,903.0,56,75,59.0,35,11,1093.0,0.18277591973244148,False
P00856,2024-12-14,TikTok,Patrocinador,Vídeo corto,0,14816.0,23022.0,1118.0,62,122,71.0,35,13,1373.0,0.09267008639308855,False
P00857,2024-12-15,X,Efeméride,Vídeo corto,0,16990.0,25584.0,341.0,33,26,29.0,17,8,429.0,0.025250147145379636,False
P00858,2024-12-15,X,Fichajes,Imagen,0,14017.0,20171.0,288.0,25,25,0.0,14,5,338.0,0.024113576371548835,False
P00859,2024-12-15,Facebook,Efeméride,Imagen,0,13598.0,15235.0,80.0,6,4,7.0,3,1,97.0,0.00713340197087807,False
P00860,2024-12-15,Facebook,Entrenamiento,Imagen,0,23666.0,32597.0,145.0,9,10,6.0,4,1,170.0,0.007183300938054593,False
P00861,2024-12-15,TikTok,Previa,Vídeo corto,0,8095.0,11019.0,632.0,33,39,36.0,16,6,740.0,0.09141445336627547,False
P00862,2024-12-15,YouTube,Cantera,Vídeo corto,0,3995.0,4875.0,111.0,9,8,6.0,4,2,134.0,0.033541927409261575,False
P00863,2024-12-17,Instagram,Cantera,Imagen,0,17226.0,28000.0,502.0,45,26,52.0,21,13,625.0,0.03628236386857076,False
P00864,2024-12-17,Instagram,Fichajes,Imagen,0,26927.0,38575.0,1714.0,124,172,3.0,71,24,2013.0,0.07475767816689569,False
P00865,2024-12-17,Instagram,Previa,Carrusel,0,40620.0,50650.0,1226.0,105,69,133.0,70,11,1533.0,0.037740029542097486,False
P00866,2024-12-17,Facebook,Entrenamiento,Vídeo corto,0,11979.0,13906.0,120.0,10,9,6.0,6,1,145.0,0.012104516236747642,False
P00867,2024-12-17,Facebook,Institucional,Carrusel,0,16598.0,23454.0,149.0,10,8,21.0,6,1,188.0,0.011326665863357031,False
P00868,2024-12-17,Facebook,Entrenamiento,Vídeo corto,0,13964.0,19566.0,231.0,20,22,5.0,10,5,278.0,0.01990833572042395,False
P00869,2024-12-17,YouTube,Entrenamiento,Vídeo largo,0,8710.0,12535.0,185.0,9,9,13.0,4,2,216.0,0.024799081515499425,False
P00870,2024-12-18,Instagram,Resumen,Imagen,0,35431.0,41173.0,1360.0,113,129,31.0,54,32,1633.0,0.046089582568936804,False
P00871,2024-12-18,Instagram,Efeméride,Vídeo corto,0,23104.0,26182.0,1325.0,76,83,178.0,39,18,1662.0,0.07193559556786704,False
P00872,2024-12-18,Facebook,Fichajes,Carrusel,0,6116.0,7280.0,138.0,11,12,5.0,7,1,166.0,0.02714192282537606,False
P00873,2024-12-18,YouTube,Fichajes,Vídeo corto,0,4521.0,6501.0,350.0,35,21,40.0,19,8,446.0,0.0986507409865074,True
P00874,2024-12-18,YouTube,Previa,Vídeo largo,0,5608.0,6565.0,156.0,9,15,8.0,4,1,188.0,0.033523537803138374,False
P00875,2024-12-19,Instagram,Entrenamiento,Texto,0,26355.0,32931.0,816.0,57,50,32.0,28,13,955.0,0.03623600834756213,False
P00876,2024-12-19,Facebook,Patrocinador,Vídeo corto,0,18118.0,21361.0,138.0,13,9,5.0,7,2,165.0,0.009106965448725024,False
P00877,2024-12-19,TikTok,Previa,Vídeo corto,0,2677.0,3357.0,248.0,16,25,14.0,10,1,303.0,0.11318640268957789,False
P00878,2024-12-19,YouTube,Cantera,Vídeo corto,0,5159.0,8230.0,89.5,8,5,13.0,4,1,115.5,0.022388059701492536,False
P00879,2024-12-20,Instagram,Entrenamiento,Vídeo corto,0,26482.0,31745.0,980.0,81,67,86.0,48,14,1214.0,0.04584245902877426,False
P00880,2024-12-20,Instagram,Cantera,Texto,0,15858.0,22217.0,294.0,18,30,6.0,9,4,348.0,0.02194475974271661,False
P00881,2024-12-20,X,Cantera,Imagen,0,10758.0,27575.0,78.0,4,5,8.0,2,0,95.0,0.008830637664993493,False
P00882,2024-12-20,X,Entrenamiento,Imagen,0,7566.0,12057.0,78.0,7,4,9.0,3,2,98.0,0.01295268305577584,False
P00883,2024-12-20,X,Patrocinador,Texto,0,7054.0,9844.0,32.0,2,2,3.0,0,0,39.0,0.005528777998298837,False
P00884,2024-12-20,X,Patrocinador,Imagen,0,35984.0,49289.0,190.0,12,17,17.0,5,3,236.0,0.006558470431302801,False
P00885,2024-12-20,YouTube,Previa,Vídeo largo,0,9798.0,15637.0,268.0,22,26,27.0,12,3,343.0,0.03500714431516636,False
P00886,2024-12-21,Instagram,Fichajes,Carrusel,1,31195.0,40376.0,1852.0,118,105,147.0,93,10,2222.0,0.07122936368007693,False
P00887,2024-12-21,Instagram,Previa,Imagen,1,32473.0,53563.0,1849.0,92,129,217.0,62,12,2287.0,0.0704277399685893,False
P00888,2024-12-21,X,Directo,Imagen,1,22955.0,31754.0,581.0,53,51,11.0,44,5,696.0,0.030320191679372686,False
P00889,2024-12-21,X,Resumen,Vídeo corto,1,25186.0,26908.0,594.0,36,51,54.0,25,6,735.0,0.029182879377431907,False
P00890,2024-12-21,X,Directo,Texto,1,19677.0,27457.0,220.0,16,13,16.0,10,2,265.0,0.013467500127051888,False
P00891,2024-12-21,X,Directo,Vídeo corto,1,54063.0,82103.0,2651.0,185,264,270.0,141,17,3370.0,0.062334683609862565,True
P00892,2024-12-21,Facebook,Efeméride,Vídeo corto,1,20432.0,32902.0,373.0,26,23,19.0,16,4,441.0,0.02158379013312451,False
P00893,2024-12-21,Facebook,Previa,Imagen,1,25453.0,29165.0,328.0,29,23,16.0,22,2,396.0,0.015558087455309786,False
P00894,2024-12-21,Facebook,Directo,Imagen,1,40915.0,46738.0,796.0,67,55,31.0,49,6,949.0,0.023194427471587436,False
P00895,2024-12-21,TikTok,Directo,Vídeo corto,1,10496.0,14136.0,2002.0,172,148,68.0,111,36,2390.0,0.22770579268292682,False
P00896,2024-12-21,TikTok,Directo,Vídeo corto,1,5965.0,9024.0,1336.0,121,70,57.0,79,21,1584.0,0.2655490360435876,False
P00897,2024-12-22,Instagram,Resumen,Vídeo corto,0,24814.0,31123.0,2244.0,153,233,173.0,82,25,2803.0,0.11296042556621262,False
P00898,2024-12-22,Instagram,Patrocinador,Imagen,0,49695.0,69378.0,879.0,76,69,14.0,42,21,1038.0,0.02088741322064594,False
P00899,2024-12-22,X,Entrenamiento,Texto,0,24649.0,31510.0,137.0,7,10,13.0,3,1,167.0,0.00677512272303136,False
P00900,2024-12-22,X,Entrenamiento,Texto,0,10807.0,15149.0,59.0,4,6,1.0,2,0,70.0,0.006477283242342926,False
P00901,2024-12-22,Facebook,Cantera,Imagen,0,6718.0,9672.0,29.0,2,3,0.0,0,0,34.0,0.00506103006847276,False
P00902,2024-12-22,Facebook,Cantera,Vídeo corto,0,20080.0,24151.0,156.0,7,9,12.0,3,1,184.0,0.009163346613545816,False
P00903,2024-12-22,TikTok,Cantera,Vídeo corto,0,10969.0,12856.0,1276.0,92,80,113.0,54,17,1561.0,0.14231014677728143,False
P00904,2024-12-23,Instagram,Entrenamiento,Imagen,0,20026.0,29447.0,610.0,52,38,80.0,26,16,780.0,0.03894936582442824,False
P00905,2024-12-23,Instagram,Cantera,Vídeo corto,0,26058.0,38411.0,971.0,79,103,4.0,31,24,1157.0,0.044400951723079285,False
P00906,2024-12-23,Facebook,Cantera,Texto,0,11109.0,15028.0,47.0,3,3,7.0,1,0,60.0,0.0054010261949770455,False
P00907,2024-12-23,Facebook,Patrocinador,Imagen,0,16114.0,23650.0,97.0,7,8,4.0,3,1,116.0,0.007198709196971577,False
P00908,2024-12-23,Facebook,Resumen,Imagen,0,33436.0,45549.0,433.0,35,21,19.0,17,8,508.0,0.015193204928819237,False
P00909,2024-12-23,TikTok,Cantera,Vídeo corto,0,5967.0,7106.0,467.0,26,29,49.0,14,5,571.0,0.09569297804591922,False
P00910,2024-12-23,YouTube,Fichajes,Vídeo largo,0,4360.0,6437.0,243.0,16,16,9.0,8,3,284.0,0.06513761467889909,False
P00911,2024-12-24,Instagram,Previa,Vídeo corto,0,21953.0,35555.0,1863.0,88,92,137.0,47,15,2180.0,0.09930305652985924,False
P00912,2024-12-24,Instagram,Previa,Carrusel,0,19463.0,22540.0,991.0,63,90,111.0,25,21,1255.0,0.06448132353696757,False
P00913,2024-12-24,Instagram,Institucional,Carrusel,0,15331.0,19865.0,468.0,28,32,35.0,14,5,563.0,0.036722979583849714,False
P00914,2024-12-24,Instagram,Previa,Vídeo largo,0,18344.0,22041.0,566.0,30,54,67.0,15,8,717.0,0.039086349760139555,False
P00915,2024-12-24,X,Patrocinador,Imagen,0,22164.0,19272.0,43.0,2,3,4.0,1,0,52.0,0.002346146904890814,False
P00916,2024-12-24,X,Entrenamiento,Imagen,0,17654.0,25718.0,213.0,12,13,23.0,6,1,261.0,0.01478418488727767,False
P00917,2024-12-24,X,Fichajes,Vídeo corto,0,41947.0,63681.0,1835.0,131,107,138.0,74,35,2211.0,0.052709371349560157,False
P00918,2024-12-24,Facebook,Institucional,Carrusel,0,22355.0,33154.0,107.0,9,9,11.0,4,1,136.0,0.006083650190114068,False
P00919,2024-12-24,Facebook,Institucional,Imagen,0,22046.0,27116.0,135.0,10,9,18.0,5,1,172.0,0.007801868819740543,False
P00920,2024-12-24,TikTok,Entrenamiento,Vídeo corto,0,8065.0,11435.0,711.0,36,73,46.0,21,8,866.0,0.10737755734655921,False
P00921,2024-12-24,YouTube,Cantera,Vídeo corto,0,4294.0,6063.0,78.0,5,8,8.0,2,1,99.0,0.02305542617605962,False
P00922,2024-12-25,X,Afición,Vídeo corto,0,11166.0,12821.0,303.0,16,21,14.0,8,3,354.0,0.03170338527673294,False
P00923,2024-12-25,Facebook,Afición,Vídeo corto,0,14191.0,20196.0,384.0,21,20,60.0,12,4,485.0,0.034176590796984006,False
P00924,2024-12-25,TikTok,Efeméride,Vídeo corto,0,4689.0,7513.0,456.0,23,39,30.0,14,3,548.0,0.11686926850074643,False
P00925,2024-12-26,Instagram,Patrocinador,Vídeo largo,0,20707.0,23617.0,327.0,16,32,13.0,8,4,388.0,0.018737624957743757,False
P00926,2024-12-26,X,Institucional,Imagen,0,42599.0,58913.0,315.0,19,19,34.0,7,7,387.0,0.009084720298598558,False
P00927,2024-12-26,X,Entrenamiento,Texto,0,15179.0,21198.0,117.0,10,6,6.0,5,1,139.0,0.00915738849726596,False
P00928,2024-12-26,Facebook,Efeméride,Imagen,0,16720.0,19537.0,96.0,6,5,15.0,3,1,122.0,0.007296650717703349,False
P00929,2024-12-26,TikTok,Efeméride,Vídeo corto,0,9649.0,11215.0,674.0,34,53,100.0,17,9,861.0,0.0892320447714789,False
P00930,2024-12-27,Instagram,Institucional,Vídeo corto,0,31532.0,47608.0,1097.0,101,87,23.0,64,18,1308.0,0.04148166941519726,False
P00931,2024-12-27,X,Entrenamiento,Imagen,0,12683.0,25510.5,198.0,20,10,24.0,11,3,252.0,0.01986911613971458,False
P00932,2024-12-27,TikTok,Cantera,Vídeo corto,0,11660.0,17377.0,1154.0,94,126,76.0,45,29,1450.0,0.12435677530017153,False
P00933,2024-12-28,Instagram,Previa,Vídeo corto,1,46011.0,61352.0,2589.0,140,205,349.0,60,47,3283.0,0.07135250266240682,False
P00934,2024-12-28,Instagram,Resumen,Vídeo corto,1,66996.0,104619.0,3795.0,294,238,148.0,183,54,4475.0,0.06679503253925607,False
P00935,2024-12-28,Instagram,Afición,Imagen,1,15276.0,18524.0,1246.0,77,121,119.0,41,18,1563.0,0.10231736056559308,False
P00936,2024-12-28,Instagram,Resumen,Imagen,1,36616.0,58159.0,3047.0,193,316,250.0,96,60,3806.0,0.10394363119947564,False
P00937,2024-12-28,Instagram,Previa,Carrusel,1,40608.0,52299.0,1565.0,81,104,254.0,40,14,2004.0,0.04934988179669031,False
P00938,2024-12-28,X,Afición,Imagen,1,29911.0,48963.0,453.0,43,35,44.0,24,9,575.0,0.019223696967670758,False
P00939,2024-12-28,X,Directo,Texto,1,83244.0,125989.0,1710.0,87,167,55.0,45,25,2019.0,0.02425400028830907,False
P00940,2024-12-28,X,Patrocinador,Texto,1,25936.0,33553.0,202.0,14,16,14.0,8,2,246.0,0.009484885872917952,False
P00941,2024-12-28,X,Institucional,Vídeo corto,1,26909.0,39897.0,417.0,33,29,14.0,16,6,493.0,0.018321007841242708,False
P00942,2024-12-28,Facebook,Previa,Imagen,1,7157.0,9226.0,75.0,5,7,2.0,1,1,89.0,0.012435377951655722,False
P00943,2024-12-28,Facebook,Resumen,Vídeo corto,1,17711.0,29208.0,348.0,34,30,23.0,17,10,435.0,0.024561007283609056,False
P00944,2024-12-28,TikTok,Efeméride,Vídeo corto,1,6285.0,8332.0,534.0,29,55,10.0,18,3,628.0,0.09992044550517104,False
P00945,2024-12-29,Instagram,Fichajes,Vídeo corto,0,26982.0,42485.0,2465.0,215,159,223.0,130,35,3062.0,0.1134830627825958,False
P00946,2024-12-29,X,Resumen,Carrusel,0,29729.0,34151.0,541.0,39,36,51.0,22,8,667.0,0.02243600524740153,False
P00947,2024-12-29,TikTok,Entrenamiento,Vídeo corto,0,10294.0,11301.0,734.0,49,67,11.0,31,7,861.0,0.08364095589663882,False
P00948,2024-12-29,TikTok,Cantera,Vídeo corto,0,6005.0,6948.0,371.0,20,28,46.0,11,4,465.0,0.07743547044129892,False
P00949,2024-12-30,Instagram,Fichajes,Vídeo corto,0,34418.0,42404.0,3307.0,256,218,151.0,145,48,3932.0,0.11424254750421291,False
P00950,2024-12-30,Instagram,Efeméride,Imagen,0,32337.0,40651.0,1204.0,64,74,83.0,34,16,1425.0,0.04406716764078301,False
P00951,2024-12-30,X,Entrenamiento,Texto,0,18989.0,22575.0,137.0,10,10,14.0,4,2,171.0,0.009005213544683765,False
P00952,2024-12-30,Facebook,Afición,Vídeo largo,0,16921.0,20818.0,122.0,9,12,12.0,4,1,155.0,0.009160215117309852,False
P00953,2024-12-30,Facebook,Entrenamiento,Carrusel,0,30282.0,49635.0,404.0,39,25,25.0,17,8,493.0,0.016280298527177862,False
P00954,2024-12-30,Facebook,Institucional,Imagen,0,19096.0,31203.0,63.0,4,3,7.0,2,0,77.0,0.004032258064516129,False
P00955,2024-12-31,Instagram,Cantera,Imagen,0,40299.0,51412.0,2177.0,153,184,45.0,85,25,2559.0,0.0635003349959056,False
P00956,2024-12-31,YouTube,Resumen,Vídeo largo,0,4966.0,6648.0,141.0,8,13,2.0,4,1,164.0,0.03302456705598067,False
P00957,2024-12-31,YouTube,Afición,Vídeo largo,0,7856.0,12293.0,140.0,7,11,16.0,3,1,174.0,0.02214867617107943,False
P00958,2025-01-01,Instagram,Previa,Imagen,0,39009.0,52549.0,1391.0,96,129,37.0,56,24,1653.0,0.04237483657617473,False
P00959,2025-01-01,Instagram,Entrenamiento,Vídeo corto,0,47940.0,58277.0,4008.0,312,335,120.0,151,70,4775.0,0.09960367125573634,False
P00960,2025-01-01,X,Efeméride,Vídeo corto,0,27230.0,41062.0,642.0,51,46,58.0,29,9,797.0,0.029269188395152405,False
P00961,2025-01-02,Instagram,Entrenamiento,Imagen,0,30753.0,39635.0,1296.0,72,97,57.0,39,19,1522.0,0.04949110655870972,False
P00962,2025-01-02,TikTok,Entrenamiento,Vídeo corto,0,9476.0,13352.0,714.0,67,58,44.0,40,15,883.0,0.0931827775432672,False
P00963,2025-01-03,Instagram,Fichajes,Carrusel,0,24074.0,32031.0,2429.0,199,122,232.0,105,39,2982.0,0.12386807344022598,False
P00964,2025-01-03,Instagram,Cantera,Texto,0,41599.0,58810.0,1137.0,83,64,50.0,41,23,1334.0,0.03206807855958076,False
P00965,2025-01-03,X,Institucional,Imagen,0,10575.0,14446.0,111.0,7,12,8.0,3,1,138.0,0.013049645390070922,False
P00966,2025-01-03,Facebook,Entrenamiento,Carrusel,0,19018.0,25587.0,257.0,18,25,20.0,10,4,320.0,0.016826164686086865,False
P00967,2025-01-04,Instagram,Previa,Imagen,1,31100.0,87232.0,2945.0,222,203,110.0,116,41,3480.0,0.11189710610932475,False
P00968,2025-01-04,Instagram,Patrocinador,Carrusel,1,43866.0,54750.0,928.0,82,84,0.0,59,13,1094.0,0.024939588747549354,False
P00969,2025-01-04,X,Institucional,Vídeo corto,1,39694.0,54800.0,517.0,46,39,3.0,32,6,605.0,0.015241598226432207,False
P00970,2025-01-04,X,Previa,Vídeo corto,1,29949.0,45267.0,808.0,38,62,33.0,27,4,941.0,0.03142008080403352,False
P00971,2025-01-04,X,Resumen,Texto,1,23183.0,35153.0,483.0,29,35,38.0,18,5,585.0,0.025234007678039943,False
P00972,2025-01-04,Facebook,Directo,Carrusel,1,14524.0,17710.0,366.0,27,37,3.0,19,3,433.0,0.029812723767557146,False
P00973,2025-01-04,Facebook,Directo,Carrusel,1,26428.0,39044.0,462.0,34,48,17.0,23,4,561.0,0.02122748599969729,False
P00974,2025-01-04,Facebook,Directo,Vídeo largo,1,16873.0,27574.0,280.0,26,15,31.0,18,4,352.0,0.02086173176080128,False
P00975,2025-01-04,Facebook,Previa,Vídeo corto,1,19154.0,25416.0,276.0,25,24,11.0,15,5,336.0,0.01754202777487731,False
P00976,2025-01-04,YouTube,Directo,Vídeo largo,1,6802.0,9035.0,160.0,15,9,19.0,11,2,203.0,0.02984416348132902,False
P00977,2025-01-05,X,Patrocinador,Imagen,0,11220.0,14531.0,56.0,5,3,6.0,2,1,70.0,0.006238859180035651,False
P00978,2025-01-06,Instagram,Cantera,Carrusel,0,45283.0,69999.0,1245.0,117,73,84.0,54,34,1519.0,0.03354459731024888,False
P00979,2025-01-06,Instagram,Fichajes,Imagen,0,37115.0,53077.0,2555.0,157,237,93.0,91,34,3042.0,0.0819614711033275,False
P00980,2025-01-06,X,Institucional,Texto,0,61092.0,76078.0,250.0,22,12,21.0,9,6,305.0,0.004992470372552871,False
P00981,2025-01-06,X,Afición,Vídeo corto,0,33952.0,52532.0,479.0,46,53,25.0,19,14,603.0,0.017760367577756835,False
P00982,2025-01-06,X,Entrenamiento,Texto,0,22001.0,26211.0,217.0,19,21,6.0,10,4,263.0,0.011954002090814054,False
P00983,2025-01-06,Facebook,Fichajes,Imagen,0,28843.0,42938.0,609.0,50,57,51.0,30,8,767.0,0.026592240751655515,False
P00984,2025-01-06,TikTok,Patrocinador,Vídeo corto,0,11015.0,14694.0,843.0,52,53,90.0,22,16,1038.0,0.09423513390830686,False
P00985,2025-01-07,Instagram,Fichajes,Imagen,0,30760.0,39294.0,1929.0,98,171,158.0,60,15,2356.0,0.07659297789336801,False
P00986,2025-01-07,Facebook,Entrenamiento,Texto,0,19150.0,28014.0,87.0,5,5,7.0,2,0,104.0,0.005430809399477807,False
P00987,2025-01-07,TikTok,Fichajes,Vídeo corto,0,8111.0,12556.0,1620.0,98,92,138.0,56,16,1948.0,0.2401676735297744,False
P00988,2025-01-07,TikTok,Resumen,Vídeo corto,0,11338.0,13007.0,1845.0,159,99,70.0,91,42,2173.0,0.1916563767860293,False
P00989,2025-01-08,Instagram,Cantera,Texto,0,25509.0,41597.0,639.0,40,37,50.0,19,8,766.0,0.030028617350738956,False
P00990,2025-01-08,X,Efeméride,Carrusel,0,43914.0,67784.0,807.0,53,50,92.0,27,12,1002.0,0.0228173247711436,False
P00991,2025-01-08,YouTube,Entrenamiento,Vídeo corto,0,4949.0,6594.0,166.0,11,10,10.0,6,2,197.0,0.039806021418468375,False
P00992,2025-01-08,YouTube,Efeméride,Vídeo largo,0,6352.0,7930.0,95.0,5,8,4.0,3,0,112.0,0.017632241813602016,False
P00993,2025-01-08,YouTube,Efeméride,Vídeo largo,0,3611.0,4775.0,69.0,3,5,11.0,1,0,88.0,0.024369980614788147,False
P00994,2025-01-09,Instagram,Fichajes,Vídeo corto,0,96333.0,141474.0,11362.0,939,1041,317.0,530,156,13659.0,0.14178941795646352,False
P00995,2025-01-09,Instagram,Patrocinador,Vídeo corto,0,44619.0,54767.0,1059.0,93,80,125.0,49,15,1357.0,0.03041305273538179,False
P00996,2025-01-09,X,Cantera,Texto,0,34717.0,49224.0,199.0,18,16,19.0,10,4,252.0,0.007258691707232767,False
P00997,2025-01-09,YouTube,Afición,Vídeo largo,0,4322.0,5053.0,193.0,11,10,24.0,6,1,238.0,0.05506709856547894,False
P00998,2025-01-10,Instagram,Resumen,Imagen,0,22507.0,27797.0,1809.0,88,153,57.0,40,17,2107.0,0.0936153196783223,False
P00999,2025-01-10,X,Afición,Texto,0,29069.0,47157.0,362.0,36,39,22.0,17,8,459.0,0.01579001685644501,False
P01000,2025-01-10,X,Previa,Imagen,0,33282.0,44562.0,289.0,19,24,22.0,9,4,354.0,0.010636380025238867,False
P01001,2025-01-10,X,Cantera,Vídeo corto,0,19269.0,25084.0,219.0,17,20,9.0,10,3,265.0,0.013752659712491566,False
P01002,2025-01-10,X,Fichajes,Imagen,0,13314.0,20860.0,303.0,18,21,13.0,9,3,355.0,0.026663662310350007,False
P01003,2025-01-10,Facebook,Entrenamiento,Vídeo largo,0,27405.0,39192.0,252.0,16,19,28.0,9,3,315.0,0.011494252873563218,False
P01004,2025-01-10,Facebook,Fichajes,Imagen,0,33726.0,55605.0,767.0,42,52,34.0,23,7,895.0,0.02653738955108818,False
P01005,2025-01-10,Facebook,Institucional,Carrusel,0,15791.0,22878.0,71.0,4,6,10.0,2,0,91.0,0.005762776264961054,False
P01006,2025-01-10,TikTok,Efeméride,Vídeo corto,0,5060.0,6782.0,321.0,27,35,15.0,13,7,398.0,0.07865612648221344,False
P01007,2025-01-11,Instagram,Patrocinador,Vídeo corto,1,46140.0,58858.0,808.0,44,44,132.0,23,7,1028.0,0.022280017338534894,False
P01008,2025-01-11,Instagram,Institucional,Vídeo corto,1,22131.0,25599.0,503.0,27,52,31.0,12,8,613.0,0.027698703176539694,False
P01009,2025-01-11,Instagram,Resumen,Carrusel,1,32641.0,40537.0,1390.0,108,89,83.0,51,21,1670.0,0.05116264820318005,False
P01010,2025-01-11,Instagram,Fichajes,Imagen,1,38760.0,47647.0,2308.0,119,169,136.0,81,15,2732.0,0.07048503611971105,False
P01011,2025-01-11,Instagram,Directo,Carrusel,1,31904.0,51958.0,1789.0,134,171,190.0,71,38,2284.0,0.07158976930792377,False
P01012,2025-01-11,X,Institucional,Carrusel,1,12233.0,16217.0,103.0,6,6,13.0,2,1,128.0,0.010463500367857434,False
P01013,2025-01-11,X,Afición,Carrusel,1,11699.0,17793.0,253.0,18,15,38.0,7,5,324.0,0.02769467475852637,False
P01014,2025-01-11,Facebook,Entrenamiento,Carrusel,1,8675.0,10070.0,98.0,6,8,4.0,2,1,116.0,0.013371757925072046,False
P01015,2025-01-11,Facebook,Afición,Vídeo corto,1,33779.0,54100.0,469.0,42,28,55.0,23,7,594.0,0.01758489002042689,False
P01016,2025-01-11,TikTok,Directo,Vídeo corto,1,6964.0,10931.0,1507.0,79,123,214.0,44,17,1923.0,0.27613440551407237,False
P01017,2025-01-11,TikTok,Resumen,Vídeo corto,1,11599.0,16615.0,971.0,55,61,114.0,27,12,1201.0,0.1035434089145616,False
P01018,2025-01-11,TikTok,Afición,Vídeo corto,1,10569.0,12390.0,1578.0,151,80,150.0,81,33,1959.0,0.18535339199545842,False
P01019,2025-01-11,YouTube,Afición,Vídeo largo,1,9312.0,13768.0,250.0,16,15,33.0,8,3,314.0,0.03371993127147766,False
P01020,2025-01-12,Instagram,Patrocinador,Carrusel,0,15049.0,22145.0,326.0,17,30,43.0,9,3,416.0,0.027643032759651805,False
P01021,2025-01-12,X,Patrocinador,Texto,0,20053.0,29099.0,126.0,11,13,1.0,6,2,151.0,0.007530045379743679,False
P01022,2025-01-12,Facebook,Entrenamiento,Texto,0,23255.0,30634.0,141.0,8,13,8.0,4,1,170.0,0.007310255858955063,False
P01023,2025-01-12,Facebook,Institucional,Imagen,0,19812.0,25460.0,116.0,9,7,4.0,4,3,136.0,0.00686452654956592,False
P01024,2025-01-12,Facebook,Patrocinador,Imagen,0,31658.0,51062.0,95.0,5,6,8.0,2,0,114.0,0.003600985532882684,False
P01025,2025-01-12,YouTube,Efeméride,Vídeo largo,0,10175.0,14496.0,249.0,14,20,11.0,6,3,294.0,0.028894348894348894,False
P01026,2025-01-13,Instagram,Patrocinador,Carrusel,0,28448.0,44627.0,672.0,34,58,36.0,19,5,800.0,0.0281214848143982,False
P01027,2025-01-13,X,Entrenamiento,Texto,0,38185.0,62054.0,144.0,9,13,18.0,5,2,184.0,0.0048186460652088516,False
P01028,2025-01-13,Facebook,Entrenamiento,Vídeo corto,0,13196.0,17917.0,179.0,9,18,12.0,5,1,218.0,0.01652015762352228,False
P01029,2025-01-13,Facebook,Patrocinador,Imagen,0,6021.0,8527.0,30.0,1,3,2.0,0,0,36.0,0.005979073243647235,False
P01030,2025-01-13,TikTok,Fichajes,Vídeo corto,0,8969.0,12284.0,963.0,67,101,20.0,37,11,1151.0,0.12833091760508417,False
P01031,2025-01-13,TikTok,Afición,Vídeo corto,0,11682.0,13697.0,1223.0,112,88,73.0,53,32,1496.0,0.128060263653484,False
P01032,2025-01-13,YouTube,Fichajes,Vídeo largo,0,8429.0,10665.0,290.0,25,24,20.0,14,6,359.0,0.0425910546921343,False
P01033,2025-01-14,Instagram,Efeméride,Vídeo corto,0,47059.0,61565.0,3001.0,270,165,265.0,148,72,3701.0,0.07864595507766846,False
P01034,2025-01-14,X,Entrenamiento,Imagen,0,16716.0,21232.0,235.0,12,23,28.0,5,3,298.0,0.01782723139507059,False
P01035,2025-01-14,Facebook,Efeméride,Vídeo corto,0,19540.0,27664.0,152.0,14,16,1.0,6,3,183.0,0.009365404298874105,False
P01036,2025-01-14,YouTube,Institucional,Vídeo largo,0,16701.0,21360.0,156.0,13,9,11.0,8,2,189.0,0.0113166876234956,False
P01037,2025-01-14,YouTube,Entrenamiento,Vídeo largo,0,3926.0,5245.0,89.0,5,6,6.0,2,1,106.0,0.026999490575649515,False
P01038,2025-01-15,Instagram,Entrenamiento,Imagen,0,20269.0,26188.0,533.0,42,37,40.0,18,9,652.0,0.03216734915388031,False
P01039,2025-01-15,Instagram,Efeméride,Imagen,0,8476.0,10437.0,516.0,34,50,26.0,19,9,626.0,0.07385559226050023,False
P01040,2025-01-15,Facebook,Afición,Imagen,0,23869.0,29735.0,278.0,16,21,16.0,10,2,331.0,0.013867359336377729,False
P01041,2025-01-15,Facebook,Entrenamiento,Imagen,0,11955.0,17866.0,109.0,10,8,9.0,5,2,136.0,0.01137599330823923,False
P01042,2025-01-15,Facebook,Directo,Texto,0,10674.0,17482.0,183.0,10,13,19.0,4,2,225.0,0.021079258010118045,False
P01043,2025-01-15,YouTube,Fichajes,Vídeo largo,0,7098.0,8073.0,231.0,20,22,10.0,9,6,283.0,0.03987038602423218,False
P01044,2025-01-16,X,Directo,Imagen,0,31521.0,39287.0,726.0,44,72,24.0,25,9,866.0,0.027473747660289965,False
P01045,2025-01-16,X,Institucional,Texto,0,39482.0,46775.0,187.0,10,12,27.0,5,1,236.0,0.005977407426168887,False
P01046,2025-01-16,X,Patrocinador,Vídeo largo,0,15136.0,24421.0,127.0,8,12,11.0,4,1,158.0,0.010438689217758985,False
P01047,2025-01-16,Facebook,Previa,Imagen,0,22345.0,28054.0,250.0,21,24,10.0,13,4,305.0,0.013649586037144775,False
P01048,2025-01-16,Facebook,Resumen,Vídeo corto,0,11961.0,16508.0,252.0,18,14,34.0,9,3,318.0,0.026586405818911463,False
P01049,2025-01-16,YouTube,Entrenamiento,Vídeo largo,0,7395.0,12102.0,156.0,9,12,13.0,4,1,190.0,0.025693035835023664,False
P01050,2025-01-17,Instagram,Previa,Imagen,0,21680.0,30062.0,1355.0,112,131,79.5,59,25,1677.5,0.07737546125461255,False
P01051,2025-01-17,Instagram,Entrenamiento,Carrusel,0,31973.0,47552.0,974.0,63,98,22.0,33,13,1157.0,0.03618678259781691,False
P01052,2025-01-17,X,Previa,Imagen,0,25889.0,30678.0,357.0,27,36,19.0,14,5,439.0,0.016957008768202712,False
P01053,2025-01-17,X,Previa,Imagen,0,23077.0,27837.0,342.0,16,27,15.0,9,4,400.0,0.017333275555748148,False
P01054,2025-01-17,X,Resumen,Imagen,0,35379.0,49917.0,491.0,48,34,49.0,22,12,622.0,0.017581050905904633,False
P01055,2025-01-17,TikTok,Cantera,Vídeo corto,0,11405.0,18597.0,760.0,49,61,49.0,23,14,919.0,0.08057869355545813,False
P01056,2025-01-18,Instagram,Resumen,Vídeo corto,1,21365.0,26729.0,2832.0,230,284,46.0,144,36,3392.0,0.1587643341914346,False
P01057,2025-01-18,Instagram,Previa,Imagen,1,44644.0,60953.0,2011.0,192,147,158.0,123,28,2508.0,0.05617776184929666,False
P01058,2025-01-18,Instagram,Resumen,Imagen,1,44727.0,61131.0,2323.0,125,227,158.0,80,28,2833.0,0.06333981711270598,False
P01059,2025-01-18,Instagram,Resumen,Vídeo largo,1,40448.0,52236.0,1101.0,61,111,110.0,41,7,1383.0,0.03419204905063291,False
P01060,2025-01-18,Instagram,Afición,Vídeo corto,1,27001.0,40827.0,2562.0,174,167,276.0,103,40,3179.0,0.1177363801340691,False
P01061,2025-01-18,X,Directo,Vídeo corto,1,34097.0,39318.0,897.0,69,67,96.0,47,12,1129.0,0.03311141742675309,False
P01062,2025-01-18,X,Cantera,Texto,1,34630.0,43190.0,217.0,16,11,34.0,10,2,278.0,0.008027721628645682,False
P01063,2025-01-18,X,Directo,Texto,1,12201.0,16368.0,247.0,16,22,19.0,9,2,304.0,0.024915990492582574,False
P01064,2025-01-18,Facebook,Institucional,Vídeo corto,1,15148.0,22260.0,165.0,12,17,5.0,7,2,199.0,0.013137047795088461,False
P01065,2025-01-18,Facebook,Resumen,Vídeo corto,1,33762.0,50068.0,1166.0,68,99,135.0,45,13,1468.0,0.043480836443338666,False
P01066,2025-01-18,Facebook,Directo,Imagen,1,28832.0,45783.0,357.0,20,33,20.0,12,5,430.0,0.014913984461709212,False
P01067,2025-01-18,TikTok,Fichajes,Vídeo corto,1,4013.0,6391.0,931.0,80,63,24.0,50,11,1098.0,0.27361076501370546,False
P01068,2025-01-18,TikTok,Patrocinador,Vídeo corto,1,29024.0,44848.0,1297.0,87,127,145.0,62,9,1656.0,0.05705622932745314,False
P01069,2025-01-18,TikTok,Patrocinador,Vídeo corto,1,4220.0,6067.0,220.0,15,18,21.0,10,1,274.0,0.06492890995260664,False
P01070,2025-01-18,TikTok,Previa,Vídeo corto,1,13527.0,20908.0,1492.0,131,135,95.0,86,25,1853.0,0.13698528868189547,False
P01071,2025-01-18,YouTube,Resumen,Vídeo largo,1,7467.0,8980.0,477.0,45,30,27.0,28,9,579.0,0.07754118119726798,False
P01072,2025-01-19,Instagram,Cantera,Imagen,0,30380.0,26392.0,391.0,23,24,51.0,12,6,489.0,0.01609611586570112,False
P01073,2025-01-19,Facebook,Entrenamiento,Vídeo corto,0,13472.0,16415.0,157.0,10,9,8.0,5,2,184.0,0.013657957244655582,False
P01074,2025-01-19,Facebook,Entrenamiento,Carrusel,0,23314.0,30240.0,267.0,14,23,31.0,8,2,335.0,0.014369048640301965,False
P01075,2025-01-19,Facebook,Fichajes,Vídeo corto,0,15545.0,23126.0,415.0,40,24,25.0,20,11,504.0,0.03242200064329366,False
P01076,2025-01-19,Facebook,Efeméride,Vídeo corto,0,18636.0,22480.0,258.0,14,25,11.0,8,3,308.0,0.016527151749302426,False
P01077,2025-01-19,TikTok,Efeméride,Vídeo corto,0,7812.0,11376.0,784.0,43,49,91.0,24,9,967.0,0.12378392217101894,False
P01078,2025-01-19,YouTube,Fichajes,Vídeo largo,0,4219.0,5691.0,158.0,14,11,3.0,6,3,186.0,0.04408627636880778,False
P01079,2025-01-20,Instagram,Efeméride,Carrusel,0,27084.0,42723.0,762.0,41,54,78.0,18,12,935.0,0.03452222714517796,False
P01080,2025-01-20,Instagram,Resumen,Carrusel,0,20044.0,24096.0,1137.0,80,102,23.0,43,13,1342.0,0.06695270405108761,False
P01081,2025-01-20,X,Patrocinador,Texto,0,22244.0,27361.0,103.0,9,10,6.0,5,1,128.0,0.005754360726488042,False
P01082,2025-01-20,TikTok,Efeméride,Vídeo corto,0,26657.0,41081.0,1197.0,59,62,137.0,31,17,1455.0,0.05458228607870353,False
P01083,2025-01-20,TikTok,Directo,Vídeo corto,0,9787.0,14276.0,1359.0,75,142,66.0,36,18,1642.0,0.16777357719423724,False
P01084,2025-01-21,Instagram,Entrenamiento,Carrusel,0,22573.0,30079.0,1007.0,90,105,60.0,52,17,1262.0,0.05590750011075178,False
P01085,2025-01-21,Instagram,Resumen,Carrusel,0,30189.0,42320.0,1215.0,81,70,186.0,47,21,1552.0,0.051409453774553644,False
P01086,2025-01-21,Instagram,Entrenamiento,Vídeo corto,0,50314.0,81435.0,2989.0,165,185,231.0,87,42,3570.0,0.07095440632825854,False
P01087,2025-01-21,Instagram,Fichajes,Imagen,0,26351.0,33139.0,1252.0,96,102,27.0,49,26,1477.0,0.05605100375697317,False
P01088,2025-01-21,X,Entrenamiento,Vídeo largo,0,53689.0,72217.0,476.0,41,45,0.0,24,8,562.0,0.010467693568514966,False
P01089,2025-01-21,X,Patrocinador,Texto,0,17435.0,21831.0,99.0,8,5,5.0,4,1,117.0,0.006710639518210496,False
P01090,2025-01-21,X,Institucional,Texto,0,25994.0,35875.0,157.0,10,14,19.0,4,1,200.0,0.007694083249980764,False
P01091,2025-01-21,X,Fichajes,Texto,0,20735.0,29989.0,278.0,21,20,20.0,11,3,339.0,0.016349168073306004,False
P01092,2025-01-21,TikTok,Entrenamiento,Vídeo corto,0,10957.0,13907.0,775.0,70,59,64.0,38,12,968.0,0.0883453500045633,False
P01093,2025-01-22,Instagram,Cantera,Carrusel,0,21721.0,24580.0,612.0,58,41,29.0,26,14,740.0,0.03406841305648911,False
P01094,2025-01-22,X,Efeméride,Imagen,0,11680.0,17987.0,124.0,12,8,11.0,6,2,155.0,0.013270547945205479,False
P01095,2025-01-22,Facebook,Efeméride,Vídeo corto,0,29618.0,36143.0,223.0,15,18,26.0,9,3,282.0,0.009521237085556081,False
P01096,2025-01-22,Facebook,Cantera,Imagen,0,7213.0,11486.0,55.0,2,4,5.0,0,0,66.0,0.009150145570497712,False
P01097,2025-01-23,X,Patrocinador,Vídeo corto,0,8164.0,10825.0,124.0,8,12,9.0,4,1,153.0,0.01874081332680059,False
P01098,2025-01-23,X,Fichajes,Vídeo corto,0,20562.0,27257.0,893.0,72,57,25.0,38,15,1047.0,0.0509191712868398,False
P01099,2025-01-23,X,Entrenamiento,Vídeo corto,0,35077.0,49437.0,758.0,62,70,6.0,35,9,896.0,0.02554380363200958,False
P01100,2025-01-23,Facebook,Patrocinador,Imagen,0,5800.0,9374.0,21.0,2,1,2.0,1,0,26.0,0.004482758620689655,False
P01101,2025-01-23,YouTube,Directo,Vídeo corto,0,7060.0,10613.0,641.0,34,56,57.0,17,7,788.0,0.11161473087818696,True
P01102,2025-01-24,Instagram,Patrocinador,Imagen,0,32970.0,51086.0,732.0,59,74,60.0,28,12,925.0,0.028055808310585382,False
P01103,2025-01-24,Instagram,Fichajes,Imagen,0,8186.0,10400.0,592.0,35,41,68.0,18,6,736.0,0.0899096017591009,False
P01104,2025-01-24,X,Efeméride,Texto,0,41412.0,60903.0,281.0,23,24,9.0,12,5,337.0,0.008137737853762194,False
P01105,2025-01-24,X,Afición,Imagen,0,28432.0,34092.0,469.0,34,46,20.0,19,8,569.0,0.02001266178953292,False
P01106,2025-01-24,Facebook,Resumen,Imagen,0,8547.0,11580.0,83.0,6,8,7.0,3,1,104.0,0.012168012168012167,False
P01107,2025-01-24,Facebook,Entrenamiento,Carrusel,0,23932.0,31423.0,265.0,13,18,16.0,5,2,312.0,0.013036937990974428,False
P01108,2025-01-24,YouTube,Patrocinador,Vídeo corto,0,6644.0,7548.0,196.0,14,10,18.0,7,2,238.0,0.0358217940999398,False
P01109,2025-01-25,Instagram,Afición,Vídeo corto,1,59491.0,92851.0,2227.0,194,185,41.0,67,44,2647.0,0.044494125161789175,False
P01110,2025-01-25,Instagram,Patrocinador,Texto,1,67465.0,107887.0,560.0,45,28,33.0,18,9,666.0,0.009871785370191951,False
P01111,2025-01-25,Instagram,Previa,Vídeo corto,1,32813.0,45050.0,3103.0,233,328,275.0,96,51,3939.0,0.12004388504556121,False
P01112,2025-01-25,Instagram,Entrenamiento,Carrusel,1,32653.0,44280.0,1024.0,74,53,133.0,34,20,1284.0,0.03932257372982574,False
P01113,2025-01-25,Instagram,Fichajes,Imagen,1,37863.0,61092.0,1952.0,141,170,177.0,36,40,2440.0,0.06444285978395796,False
P01114,2025-01-25,X,Previa,Imagen,1,19788.0,26141.0,157.0,13,14,17.0,4,3,201.0,0.01015767131594906,False
P01115,2025-01-25,X,Resumen,Imagen,1,18754.0,23028.0,250.0,13,18,28.0,3,4,309.0,0.016476485016529808,False
P01116,2025-01-25,X,Resumen,Imagen,1,32141.0,50041.0,486.0,36,49,5.0,11,10,576.0,0.01792103543760306,False
P01117,2025-01-25,Facebook,Resumen,Vídeo corto,1,19079.0,29301.0,355.0,25,18,23.0,11,6,421.0,0.02206614602442476,False
P01118,2025-01-25,Facebook,Previa,Vídeo corto,1,16834.0,21755.0,242.0,13,24,19.0,5,3,298.0,0.01770226921706071,False
P01119,2025-01-25,Facebook,Directo,Carrusel,1,17469.0,21378.0,201.0,15,14,24.0,5,4,254.0,0.014540042360753335,False
P01120,2025-01-25,TikTok,Afición,Vídeo corto,1,13818.0,16611.0,1469.0,114,157,79.0,42,33,1819.0,0.1316398899985526,False
P01121,2025-01-25,TikTok,Resumen,Vídeo corto,1,29535.0,36149.0,2994.0,260,303,241.0,74,115,3798.0,0.12859319451498222,False
P01122,2025-01-25,YouTube,Institucional,Vídeo corto,1,14090.0,17512.0,270.0,13,26,25.0,3,5,334.0,0.023704755145493257,False
P01123,2025-01-25,YouTube,Resumen,Vídeo largo,1,3426.0,4073.0,87.0,4,5,6.0,0,1,102.0,0.0297723292469352,False
P01124,2025-01-26,Instagram,Entrenamiento,Vídeo corto,0,23598.0,29263.0,1096.0,79,115,52.0,41,24,1342.0,0.05686922620561064,False
P01125,2025-01-26,Instagram,Fichajes,Carrusel,0,43776.0,66251.0,4242.0,224,430,77.0,108,50,4973.0,0.11360105994152046,False
P01126,2025-01-26,Instagram,Patrocinador,Vídeo corto,0,21112.0,25191.0,558.0,51,43,6.0,30,10,658.0,0.03116710875331565,False
P01127,2025-01-26,Instagram,Fichajes,Vídeo largo,0,20650.0,25510.0,728.0,52,79,50.0,31,9,909.0,0.044019370460048425,False
P01128,2025-01-26,X,Entrenamiento,Texto,0,28016.0,39164.0,254.0,21,15,19.0,11,5,309.0,0.011029411764705883,False
P01129,2025-01-26,TikTok,Cantera,Vídeo corto,0,7004.0,11101.0,363.0,33,20,38.0,15,7,454.0,0.06482010279840092,False
P01130,2025-01-26,YouTube,Patrocinador,Vídeo largo,0,10136.0,12327.0,158.0,11,11,14.0,6,1,194.0,0.019139700078926597,False
P01131,2025-01-27,Facebook,Entrenamiento,Imagen,0,14546.0,19632.0,121.0,8,6,10.0,5,1,145.0,0.00996837618589303,False
P01132,2025-01-27,Facebook,Cantera,Texto,0,25923.0,35956.0,109.0,10,7,7.0,5,1,133.0,0.005130579022489681,False
P01133,2025-01-27,TikTok,Entrenamiento,Vídeo corto,0,8121.0,9209.0,592.0,47,30,53.0,22,9,722.0,0.08890530722817387,False
P01134,2025-01-27,YouTube,Entrenamiento,Vídeo corto,0,4747.0,7711.0,230.0,14,22,20.0,6,2,286.0,0.06024857804929429,False
P01135,2025-01-28,Instagram,Entrenamiento,Imagen,0,35483.0,49534.0,1365.0,77,146,57.0,37,23,1645.0,0.04636022884198067,False
P01136,2025-01-28,Instagram,Entrenamiento,Imagen,0,25840.0,31576.0,1065.0,77,81,60.0,39,21,1283.0,0.04965170278637771,False
P01137,2025-01-28,X,Patrocinador,Imagen,0,19116.0,27470.0,91.0,8,5,8.0,4,1,112.0,0.005858966310943712,False
P01138,2025-01-28,X,Afición,Texto,0,20536.0,26134.0,281.0,23,29,1.0,11,5,334.0,0.016264121542656797,False
P01139,2025-01-28,Facebook,Efeméride,Imagen,0,33164.0,47835.0,263.0,20,27,23.0,10,4,333.0,0.010041008322277167,False
P01140,2025-01-28,Facebook,Afición,Texto,0,12171.0,17822.0,68.0,3,5,7.0,1,0,83.0,0.006819488949141402,False
P01141,2025-01-29,Instagram,Entrenamiento,Imagen,0,26233.0,42102.0,985.0,57,49,117.0,29,15,1208.0,0.0460488697442153,False
P01142,2025-01-29,Instagram,Institucional,Vídeo corto,0,15539.0,17940.0,483.0,28,29,42.0,12,6,582.0,0.03745414762854753,False
P01143,2025-01-29,Instagram,Entrenamiento,Imagen,0,22152.0,35589.0,562.0,43,31,47.0,24,11,683.0,0.030832430480317804,False
P01144,2025-01-29,Instagram,Directo,Imagen,0,25647.0,35720.0,1351.0,74,100,186.0,45,11,1711.0,0.0667134557648068,False
P01145,2025-01-29,X,Patrocinador,Texto,0,24519.0,32665.0,94.0,6,9,9.0,3,0,118.0,0.0048125943146131575,False
P01146,2025-01-29,X,Afición,Vídeo largo,0,34667.0,54473.0,425.0,34,33,30.0,15,10,522.0,0.015057547523581504,False
P01147,2025-01-29,Facebook,Efeméride,Vídeo corto,0,32394.0,45651.0,448.0,40,35,24.0,24,7,547.0,0.0168858430573563,False
P01148,2025-01-29,Facebook,Afición,Vídeo corto,0,17765.0,26700.0,289.0,27,25,27.0,14,6,368.0,0.020714888826343935,False
P01149,2025-01-29,YouTube,Entrenamiento,Vídeo largo,0,5781.0,7081.0,84.0,6,4,13.0,3,1,107.0,0.01850890849334025,False
P01150,2025-01-29,YouTube,Entrenamiento,Vídeo corto,0,4175.0,7711.0,120.0,9,6,13.0,4,2,148.0,0.03544910179640719,False
P01151,2025-01-30,Instagram,Entrenamiento,Carrusel,0,21473.0,24801.0,921.0,52,70,122.0,27,13,1165.0,0.054254179667489404,False
P01152,2025-01-30,X,Fichajes,Imagen,0,20687.0,34046.0,333.0,27,33,31.0,18,3,424.0,0.020495963648668247,False
P01153,2025-01-31,Instagram,Fichajes,Imagen,0,13175.0,15120.0,895.0,63,92,90.0,36,14,1140.0,0.08652751423149906,False
P01154,2025-01-31,X,Institucional,Imagen,0,8107.0,10934.0,102.0,9,8,0.0,4,1,119.0,0.014678672751942765,False
P01155,2025-01-31,X,Institucional,Texto,0,10938.0,13237.0,49.0,2,3,7.0,1,0,61.0,0.005576887913695374,False
P01156,2025-01-31,TikTok,Afición,Vídeo corto,0,7553.0,9769.0,916.0,57,75,38.0,28,17,1086.0,0.14378392691645703,False
P01157,2025-02-01,Instagram,Afición,Texto,1,34343.0,54791.0,737.0,59,73,0.0,16,27,869.0,0.025303555309670094,False
P01158,2025-02-01,Instagram,Patrocinador,Carrusel,1,34936.0,53501.0,411.0,32,25,47.0,10,12,515.0,0.014741241126631555,False
P01159,2025-02-01,Instagram,Directo,Vídeo corto,1,14158.0,18822.0,829.0,71,86,0.0,16,23,986.0,0.069642604887696,False
P01160,2025-02-01,X,Efeméride,Vídeo corto,1,15378.0,22048.0,247.0,12,12,20.0,4,3,291.0,0.01892313694888802,False
P01161,2025-02-01,X,Resumen,Texto,1,18191.0,26778.0,263.0,16,19,24.0,4,4,322.0,0.01770106096421307,False
P01162,2025-02-01,X,Previa,Imagen,1,16380.0,25155.0,167.0,16,11,10.0,5,4,204.0,0.012454212454212455,False
P01163,2025-02-01,X,Directo,Imagen,1,22209.0,35740.0,356.0,23,27,10.0,5,7,416.0,0.018731145031293618,False
P01164,2025-02-01,X,Afición,Vídeo corto,1,33010.0,47878.0,907.0,69,71,15.0,19,30,1062.0,0.03217206906997879,False
P01165,2025-02-01,Facebook,Cantera,Imagen,1,14842.0,21758.0,84.0,5,7,8.0,2,1,104.0,0.007007141894623366,False
P01166,2025-02-01,Facebook,Afición,Vídeo corto,1,15386.0,19973.0,379.0,26,37,8.0,10,5,450.0,0.02924736773690368,False
P01167,2025-02-01,Facebook,Resumen,Imagen,1,14266.0,19939.0,233.0,16,24,0.0,4,4,273.0,0.019136408243375858,False
P01168,2025-02-01,Facebook,Entrenamiento,Vídeo largo,1,35515.0,46353.0,189.0,8,12,15.0,1,2,224.0,0.0063071941433197245,False
P01169,2025-02-01,Facebook,Directo,Imagen,1,15347.0,23033.0,150.0,14,14,0.0,3,5,178.0,0.011598357985273994,False
P01170,2025-02-01,TikTok,Resumen,Vídeo corto,1,21072.0,32065.0,2097.0,175,217,66.0,63,56,2555.0,0.12125094912680334,False
P01171,2025-02-01,TikTok,Afición,Vídeo corto,1,8966.0,14183.0,564.0,27,38,51.0,7,11,680.0,0.07584207004238233,False
P01172,2025-02-01,YouTube,Afición,Vídeo corto,1,7584.0,9892.0,263.0,16,13,31.0,4,7,323.0,0.042589662447257384,False
P01173,2025-02-01,YouTube,Efeméride,Vídeo largo,1,5450.0,6524.0,96.0,6,6,14.0,2,1,122.0,0.02238532110091743,False
P01174,2025-02-02,X,Entrenamiento,Vídeo corto,0,13708.0,17175.0,172.0,13,9,15.0,4,3,209.0,0.015246571345199883,False
P01175,2025-02-02,X,Resumen,Imagen,0,25298.0,29370.0,504.0,31,50,9.0,16,5,594.0,0.023480117005296862,False
P01176,2025-02-02,Facebook,Entrenamiento,Carrusel,0,19161.0,30388.0,232.0,16,19,15.0,6,5,282.0,0.014717394708000627,False
P01177,2025-02-02,Facebook,Fichajes,Imagen,0,10328.0,13222.0,148.0,9,11,5.0,5,1,173.0,0.01675058094500387,False
P01178,2025-02-02,Facebook,Entrenamiento,Carrusel,0,7834.0,9110.0,52.0,2,3,9.0,1,0,66.0,0.008424814909369416,False
P01179,2025-02-03,Instagram,Entrenamiento,Vídeo corto,0,40356.0,65006.0,2493.0,192,124,108.0,108,51,2917.0,0.07228169293289721,False
P01180,2025-02-03,YouTube,Entrenamiento,Vídeo largo,0,2770.0,4165.0,64.0,5,4,3.0,2,0,76.0,0.027436823104693142,False
P01181,2025-02-03,YouTube,Afición,Vídeo largo,0,5983.0,9010.0,125.0,11,12,10.0,6,2,158.0,0.026408156443255892,False
P01182,2025-02-04,X,Patrocinador,Texto,0,18532.0,29090.0,87.0,6,4,6.0,2,1,103.0,0.0055579538096265915,False
P01183,2025-02-04,Facebook,Efeméride,Vídeo corto,0,25445.0,29801.0,588.0,30,29,50.0,18,7,697.0,0.027392415012772647,False
P01184,2025-02-04,Facebook,Efeméride,Texto,0,14749.0,21577.0,90.0,8,8,7.0,4,1,113.0,0.0076615363753474814,False
P01185,2025-02-04,Facebook,Entrenamiento,Carrusel,0,10963.0,12707.0,73.0,6,7,7.0,3,1,93.0,0.008483079449055915,False
P01186,2025-02-04,TikTok,Fichajes,Vídeo corto,0,6351.0,8548.0,692.0,66,62,31.0,37,14,851.0,0.13399464651236026,False
P01187,2025-02-04,TikTok,Fichajes,Vídeo corto,0,19535.0,27707.0,3103.0,177,259,339.0,93,40,3878.0,0.19851548502687483,False
P01188,2025-02-05,Instagram,Cantera,Carrusel,0,42540.0,56982.0,1477.0,78,123,81.0,44,20,1759.0,0.04134931828866949,False
P01189,2025-02-05,Instagram,Resumen,Vídeo corto,0,36136.0,40537.0,4611.0,431,367,89.0,254,101,5498.0,0.15214744299313704,False
P01190,2025-02-05,Instagram,Institucional,Carrusel,0,34226.0,53000.0,742.0,52,46,29.0,27,15,869.0,0.025390054344650265,False
P01191,2025-02-05,Instagram,Entrenamiento,Imagen,0,21196.0,29111.0,505.0,45,44,0.0,25,8,594.0,0.028024155501037932,False
P01192,2025-02-05,X,Fichajes,Texto,0,48412.0,67472.0,848.0,49,56,43.0,25,8,996.0,0.02057341155085516,False
P01193,2025-02-05,Facebook,Efeméride,Imagen,0,11611.0,18820.0,136.0,6,9,13.0,3,1,164.0,0.014124537076909827,False
P01194,2025-02-05,Facebook,Entrenamiento,Vídeo corto,0,24223.0,35970.0,251.0,16,13,17.0,9,2,297.0,0.012261074185691286,False
P01195,2025-02-05,Facebook,Institucional,Vídeo corto,0,21471.0,34341.0,142.0,9,14,2.0,4,2,167.0,0.007777933025941968,False
P01196,2025-02-05,YouTube,Institucional,Vídeo largo,0,3968.0,6512.0,46.0,4,4,3.0,2,1,57.0,0.014364919354838709,False
P01197,2025-02-06,X,Efeméride,Vídeo corto,0,29290.0,34950.0,705.0,53,69,0.0,25,10,827.0,0.028234892454762718,False
P01198,2025-02-06,X,Afición,Vídeo corto,0,9610.0,13920.0,247.0,13,20,17.0,6,3,297.0,0.030905306971904266,False
P01199,2025-02-06,Facebook,Cantera,Texto,0,14117.0,19995.0,95.0,5,9,9.0,2,1,118.0,0.00835871644117022,False
P01200,2025-02-06,Facebook,Fichajes,Vídeo corto,0,10072.0,15174.0,199.0,17,13,4.0,8,3,233.0,0.02313343923749007,False
P01201,2025-02-06,YouTube,Directo,Vídeo largo,0,11598.0,17956.0,415.0,36,26,28.0,15,12,505.0,0.04354198999827556,False
P01202,2025-02-07,Instagram,Afición,Carrusel,0,30218.0,35138.0,1554.0,89,152,80.0,50,23,1875.0,0.06204910980210471,False
P01203,2025-02-07,X,Resumen,Imagen,0,13162.0,16661.0,167.0,13,12,9.0,8,2,201.0,0.015271235374563137,False
P01204,2025-02-07,X,Resumen,Vídeo corto,0,30723.0,44157.0,830.0,43,79,21.5,21,12,973.5,0.03168635875402793,False
P01205,2025-02-07,Facebook,Entrenamiento,Vídeo corto,0,36080.0,56150.0,398.0,22,40,49.0,11,4,509.0,0.014107538802660753,False
P01206,2025-02-07,TikTok,Resumen,Vídeo corto,0,7494.0,11808.0,664.0,39,43,32.0,17,13,778.0,0.10381638644248732,False
P01207,2025-02-07,TikTok,Entrenamiento,Vídeo corto,0,8931.0,10734.0,592.0,28,36,43.0,17,5,699.0,0.07826671145448438,False
P01208,2025-02-08,X,Efeméride,Texto,0,28709.0,44783.0,243.0,20,23,0.0,11,3,286.0,0.009962032812010172,False
P01209,2025-02-08,X,Afición,Imagen,0,26658.0,35918.0,355.0,32,31,23.0,17,8,441.0,0.016542876434841324,False
P01210,2025-02-08,Facebook,Entrenamiento,Carrusel,0,19594.0,22027.0,180.0,10,18,8.0,6,1,216.0,0.0110237827906502,False
P01211,2025-02-09,Instagram,Cantera,Vídeo corto,0,37830.0,51466.0,861.0,79,73,89.0,46,14,1102.0,0.029130319851969337,False
P01212,2025-02-09,Instagram,Resumen,Carrusel,0,23091.0,33215.0,1026.0,76,75,67.0,38,23,1244.0,0.053873803646442335,False
P01213,2025-02-09,Instagram,Entrenamiento,Vídeo largo,0,38384.0,48025.0,1258.0,69,111,56.0,35,17,1494.0,0.03892246769487286,False
P01214,2025-02-09,Instagram,Entrenamiento,Carrusel,0,43664.0,57924.0,1861.0,97,151,84.0,37,34,2193.0,0.05022444118724807,False
P01215,2025-02-09,X,Institucional,Texto,0,29906.0,40354.0,160.0,12,10,22.0,7,2,204.0,0.006821373637397178,False
P01216,2025-02-09,X,Directo,Vídeo largo,0,33710.0,54501.0,504.0,25,44,66.0,14,6,639.0,0.018955799466033818,False
P01217,2025-02-09,Facebook,Fichajes,Vídeo corto,0,9875.0,15866.0,532.0,29,48,11.0,15,6,620.0,0.06278481012658228,True
P01218,2025-02-10,Facebook,Institucional,Vídeo largo,0,15972.0,20353.0,59.0,4,5,1.0,1,1,69.0,0.004320060105184072,False
P01219,2025-02-10,Facebook,Efeméride,Imagen,0,17415.0,21170.0,117.0,6,11,8.0,3,1,142.0,0.00815389032443296,False
P01220,2025-02-10,TikTok,Fichajes,Vídeo corto,0,4922.0,6116.0,604.0,32,38,92.0,16,6,766.0,0.1556277935798456,False
P01221,2025-02-11,Instagram,Afición,Vídeo corto,0,40145.0,51179.0,3808.0,311,193,411.0,148,76,4723.0,0.117648524100137,False
P01222,2025-02-12,Facebook,Fichajes,Vídeo corto,0,13072.0,18521.0,256.0,14,15,37.0,7,3,322.0,0.024632802937576498,False
P01223,2025-02-13,Instagram,Afición,Imagen,0,19530.0,32011.0,570.0,53,65,42.0,26,10,730.0,0.037378392217101895,False
P01224,2025-02-13,Instagram,Resumen,Texto,0,15439.0,22272.0,806.0,40,55,41.0,21,9,942.0,0.061014314398600944,False
P01225,2025-02-13,Instagram,Afición,Vídeo corto,0,33362.0,55031.0,1435.0,133,143,75.0,73,34,1786.0,0.0535339607937174,False
P01226,2025-02-13,X,Afición,Texto,0,15326.0,23845.0,88.0,5,8,7.0,2,0,108.0,0.007046848492757406,False
P01227,2025-02-13,X,Afición,Imagen,0,11822.0,19278.0,209.0,14,20,9.0,7,2,252.0,0.02131619015395026,False
P01228,2025-02-13,Facebook,Cantera,Texto,0,13896.0,19293.0,71.0,4,5,10.0,2,0,90.0,0.006476683937823834,False
P01229,2025-02-13,YouTube,Afición,Vídeo largo,0,12787.0,20642.0,313.0,23,19,31.0,10,7,386.0,0.030186908579025572,False
P01230,2025-02-13,YouTube,Previa,Vídeo corto,0,4543.0,5693.0,129.0,6,8,11.0,3,1,154.0,0.03389830508474576,False
P01231,2025-02-14,Instagram,Entrenamiento,Vídeo largo,0,15673.0,19032.0,408.0,30,24,41.0,19,4,503.0,0.03209340904740637,False
P01232,2025-02-14,Instagram,Directo,Carrusel,0,15403.0,23114.0,503.0,27,40,44.0,15,5,614.0,0.03986236447445303,False
P01233,2025-02-14,X,Entrenamiento,Texto,0,18409.0,24296.0,212.0,14,21,0.0,8,2,247.0,0.013417350209136836,False
P01234,2025-02-15,Instagram,Previa,Carrusel,1,10933.0,17813.0,420.0,22,43,79.5,5,10,564.5,0.05163267172779658,False
P01235,2025-02-15,X,Resumen,Vídeo corto,1,17800.0,20681.0,355.0,21,21,52.0,3,7,449.0,0.025224719101123595,False
P01236,2025-02-15,X,Previa,Texto,1,11854.0,19345.0,89.0,8,5,11.0,2,2,113.0,0.009532647207693605,False
P01237,2025-02-15,X,Directo,Carrusel,1,17543.0,28097.0,308.0,25,32,14.0,5,9,379.0,0.021604058598871344,False
P01238,2025-02-15,Facebook,Previa,Vídeo corto,1,16676.0,27491.0,147.0,14,15,7.0,3,6,183.0,0.010973854641400816,False
P01239,2025-02-15,Facebook,Resumen,Vídeo corto,1,13812.0,21283.0,149.0,8,12,9.0,2,1,178.0,0.012887344338256588,False
P01240,2025-02-15,Facebook,Resumen,Vídeo largo,1,24298.0,35189.0,234.0,20,25,2.0,4,7,281.0,0.011564737838505227,False
P01241,2025-02-15,Facebook,Directo,Imagen,1,23689.0,37854.0,240.0,19,14,24.0,4,6,297.0,0.012537464646038245,False
P01242,2025-02-15,Facebook,Afición,Vídeo corto,1,16977.0,24177.0,269.0,21,19,17.0,7,8,326.0,0.019202450374035458,False
P01243,2025-02-15,Facebook,Directo,Imagen,1,11922.0,19359.0,105.0,9,11,5.0,2,3,130.0,0.010904210702902198,False
P01244,2025-02-15,Facebook,Cantera,Carrusel,1,15715.5,21428.0,62.0,5,4,4.0,0,2,75.0,0.004772358499570487,False
P01245,2025-02-15,TikTok,Efeméride,Vídeo corto,1,20544.0,32841.0,699.0,36,61,42.0,9,14,838.0,0.0407904984423676,False
P01246,2025-02-15,YouTube,Previa,Vídeo corto,1,13844.0,20917.0,277.0,27,23,19.0,6,9,346.0,0.0249927766541462,False
P01247,2025-02-15,YouTube,Resumen,Vídeo corto,1,5724.0,8295.0,197.0,16,13,17.0,6,5,243.0,0.04245283018867924,False
P01248,2025-02-16,Instagram,Entrenamiento,Imagen,0,24270.0,36432.0,521.0,29,36,69.0,15,4,655.0,0.026988051091882983,False
P01249,2025-02-16,Instagram,Patrocinador,Imagen,0,33504.0,43300.0,600.0,32,44,27.0,18,5,703.0,0.02098256924546323,False
P01250,2025-02-16,Instagram,Institucional,Imagen,0,37514.0,47815.0,1123.0,75,107,20.0,37,22,1325.0,0.035320147145065844,False
P01251,2025-02-16,Facebook,Entrenamiento,Vídeo corto,0,21807.0,26956.0,258.0,13,15,25.0,7,2,311.0,0.014261475672949053,False
P01252,2025-02-16,Facebook,Institucional,Vídeo corto,0,19306.0,23059.0,203.0,12,18,27.0,6,3,260.0,0.013467315860354294,False
P01253,2025-02-16,YouTube,Resumen,Vídeo largo,0,3251.0,5155.0,149.0,12,15,13.0,7,1,189.0,0.05813595816671793,False
P01254,2025-02-17,Instagram,Cantera,Imagen,0,26194.0,42379.0,799.0,53,81,14.0,29,14,947.0,0.03615331755363824,False
P01255,2025-02-17,X,Fichajes,Texto,0,21503.5,25015.0,145.0,13,11,16.0,6,3,185.0,0.008603250633617783,False
P01256,2025-02-17,Facebook,Previa,Imagen,0,27017.0,36109.0,279.0,26,26,0.0,15,4,331.0,0.01225154532331495,False
P01257,2025-02-17,Facebook,Entrenamiento,Imagen,0,8692.0,12310.0,54.0,2,4,4.0,1,0,64.0,0.007363092498849517,False
P01258,2025-02-17,TikTok,Afición,Vídeo corto,0,10621.0,14280.0,1526.0,87,82,193.0,41,17,1888.0,0.17776103945014593,False
P01259,2025-02-17,YouTube,Entrenamiento,Vídeo largo,0,5253.0,8192.0,110.0,6,11,12.0,2,2,139.0,0.026461069864839138,False
P01260,2025-02-18,Instagram,Patrocinador,Imagen,0,29468.0,39475.0,1007.0,86,79,92.0,55,16,1264.0,0.04289398669743451,False
P01261,2025-02-18,Instagram,Fichajes,Imagen,0,37011.0,44971.0,2046.0,112,118,178.0,67,24,2454.0,0.06630461214233606,False
P01262,2025-02-18,Facebook,Afición,Vídeo corto,0,23120.0,29286.0,297.0,16,25,26.0,7,3,364.0,0.0157439446366782,False
P01263,2025-02-18,YouTube,Cantera,Vídeo largo,0,4739.0,6125.0,45.0,2,2,4.0,1,0,53.0,0.011183794049377506,False
P01264,2025-02-19,Instagram,Entrenamiento,Texto,0,33667.0,48734.0,652.0,35,51,80.0,19,8,818.0,0.024296789140701578,False
P01265,2025-02-19,X,Entrenamiento,Texto,0,14969.0,16946.0,101.0,9,6,9.0,5,2,125.0,0.008350591221858508,False
P01266,2025-02-19,Facebook,Entrenamiento,Carrusel,0,8728.0,11837.0,103.0,7,7,9.0,3,1,126.0,0.014436296975252063,False
P01267,2025-02-19,Facebook,Cantera,Vídeo corto,0,23523.0,33041.0,309.0,19,28,26.0,9,3,382.0,0.016239425243378822,False
P01268,2025-02-19,Facebook,Patrocinador,Vídeo corto,0,16923.0,22037.0,103.0,6,6,18.0,3,0,133.0,0.007859126632393784,False
P01269,2025-02-20,Instagram,Entrenamiento,Vídeo corto,0,29655.0,48041.0,1345.0,66,71,130.0,32,18,1612.0,0.05435845557241612,False
P01270,2025-02-20,X,Entrenamiento,Vídeo corto,0,12809.0,17055.0,254.0,14,21,18.0,6,3,307.0,0.023967522835506284,False
P01271,2025-02-20,Facebook,Fichajes,Carrusel,0,26969.0,34859.0,341.0,25,27,6.0,13,6,399.0,0.014794764359078942,False
P01272,2025-02-20,TikTok,Entrenamiento,Vídeo corto,0,12402.0,14553.0,1000.0,87,52,102.0,51,14,1241.0,0.10006450572488308,False
P01273,2025-02-20,YouTube,Entrenamiento,Vídeo corto,0,4497.0,5801.0,154.0,14,14,5.0,8,3,187.0,0.04158327774071603,False
P01274,2025-02-20,YouTube,Afición,Vídeo largo,0,9911.0,13018.0,308.0,17,24,13.0,8,2,362.0,0.03652507315104429,False
P01275,2025-02-21,Instagram,Cantera,Carrusel,0,23010.0,27053.0,1162.0,87,87,29.0,50,19,1365.0,0.059322033898305086,False
P01276,2025-02-21,YouTube,Entrenamiento,Vídeo corto,0,6173.0,9567.0,123.0,8,11,1.0,4,1,143.0,0.02316539769965981,False
P01277,2025-02-21,YouTube,Patrocinador,Vídeo largo,0,2098.0,2456.0,19.0,1,1,3.0,0,0,24.0,0.011439466158245948,False
P01278,2025-02-22,Instagram,Patrocinador,Vídeo corto,1,24897.0,38068.0,978.0,97,79,83.0,60,21,1237.0,0.04968470096798811,False
P01279,2025-02-22,Instagram,Previa,Vídeo corto,1,67934.0,96454.0,2199.0,130,143,178.0,78,23,2650.0,0.03900844937733683,False
P01280,2025-02-22,Instagram,Directo,Imagen,1,25373.0,36124.0,1439.0,108,118,9.0,59,25,1674.0,0.06597564340046506,False
P01281,2025-02-22,Instagram,Afición,Vídeo corto,1,42222.0,56928.0,1255.0,188,180,206.0,120,42,1829.0,0.04331864904552129,False
P01282,2025-02-22,Facebook,Directo,Texto,1,21884.0,32340.0,252.0,18,22,22.0,11,3,314.0,0.014348382379820874,False
P01283,2025-02-22,Facebook,Directo,Vídeo largo,1,11867.0,14860.0,106.0,9,10,0.0,4,2,125.0,0.010533411982809472,False
P01284,2025-02-22,Facebook,Resumen,Carrusel,1,16115.0,22985.0,383.0,21,39,18.0,14,2,461.0,0.028606887992553523,False
P01285,2025-02-22,Facebook,Patrocinador,Vídeo corto,1,46910.0,61938.0,304.0,30,22,25.0,22,3,381.0,0.008121935621402687,False
P01286,2025-02-22,Facebook,Afición,Imagen,1,16877.0,24181.0,236.0,12,12,30.0,7,1,290.0,0.01718314866386206,False
P01287,2025-02-22,TikTok,Fichajes,Vídeo corto,1,16038.0,25021.0,3176.0,287,283,16.0,168,69,3762.0,0.2345679012345679,False
P01288,2025-02-22,TikTok,Fichajes,Vídeo corto,1,14581.0,22175.0,2375.0,181,200,22.0,114,32,2778.0,0.19052191207736094,False
P01289,2025-02-22,YouTube,Resumen,Vídeo largo,1,4184.0,5652.0,134.0,8,13,7.0,4,1,162.0,0.038718929254302106,False
P01290,2025-02-22,YouTube,Previa,Vídeo corto,1,6530.0,9350.0,284.0,14,20,36.0,8,1,354.0,0.05421133231240429,False
P01291,2025-02-23,Instagram,Directo,Imagen,0,20087.0,23713.0,788.0,63,38,28.0,29,18,917.0,0.04565141633892567,False
P01292,2025-02-23,X,Cantera,Vídeo corto,0,20392.0,29967.0,213.0,11,16,29.0,5,2,269.0,0.013191447626520204,False
P01293,2025-02-23,TikTok,Previa,Vídeo corto,0,16285.0,20012.0,1298.0,116,72,164.0,74,21,1650.0,0.1013202333435677,False
P01294,2025-02-23,YouTube,Entrenamiento,Vídeo largo,0,4679.0,7711.0,49.0,4,3,4.0,2,0,60.0,0.012823252831801668,False
P01295,2025-02-23,YouTube,Fichajes,Vídeo corto,0,3258.0,5260.0,208.0,18,10,6.0,10,4,242.0,0.07427869858809086,False
P01296,2025-02-24,Instagram,Fichajes,Vídeo corto,0,19343.0,26906.0,1809.0,99,191,125.0,54,15,2224.0,0.11497699426148994,False
P01297,2025-02-24,Instagram,Entrenamiento,Carrusel,0,74233.0,121650.0,2239.0,181,220,0.0,100,43,2640.0,0.03556369808575701,False
P01298,2025-02-24,X,Patrocinador,Imagen,0,30662.0,47451.0,220.0,21,23,13.0,12,3,277.0,0.00903398343226143,False
P01299,2025-02-24,TikTok,Entrenamiento,Vídeo corto,0,16894.0,25623.0,1058.0,60,62,138.0,27,18,1318.0,0.0780158636202202,False
P01300,2025-02-24,YouTube,Efeméride,Vídeo largo,0,5873.0,8307.0,176.0,12,15,8.0,5,3,211.0,0.03592712412736251,False
P01301,2025-02-25,X,Efeméride,Vídeo corto,0,17335.0,25562.0,206.0,15,12,30.0,7,3,263.0,0.01517161811364292,False
P01302,2025-02-25,X,Entrenamiento,Vídeo corto,0,15230.0,23863.0,294.0,18,32,31.0,10,3,375.0,0.024622455679579776,False
P01303,2025-02-25,Facebook,Cantera,Carrusel,0,15705.0,18528.0,162.0,8,13,11.0,4,1,194.0,0.012352753900031837,False
P01304,2025-02-25,Facebook,Efeméride,Vídeo corto,0,17016.0,26865.0,218.0,13,23,9.5,7,3,263.5,0.015485425481899389,False
P01305,2025-02-26,X,Efeméride,Imagen,0,25617.0,29165.0,386.0,32,19,36.0,16,8,473.0,0.01846430105008393,False
P01306,2025-02-26,X,Institucional,Imagen,0,9281.0,15312.0,63.0,3,4,4.0,1,0,74.0,0.007973278741514923,False
P01307,2025-02-26,X,Afición,Imagen,0,31262.0,36877.0,466.0,33,27,31.0,17,8,557.0,0.01781715821124688,False
P01308,2025-02-26,Facebook,Institucional,Carrusel,0,16598.0,27286.0,143.0,8,11,21.0,3,1,183.0,0.011025424749969875,False
P01309,2025-02-26,TikTok,Institucional,Vídeo corto,0,9711.0,14472.0,594.0,29,57,47.0,12,9,727.0,0.07486355679126763,False
P01310,2025-02-26,TikTok,Afición,Vídeo corto,0,8681.0,13803.0,911.0,59,82,28.0,31,15,1080.0,0.12440963022693238,False
P01311,2025-02-26,YouTube,Previa,Vídeo largo,0,4199.0,5691.0,70.0,4,7,6.0,2,0,87.0,0.020719218861633724,False
P01312,2025-02-27,Instagram,Entrenamiento,Vídeo corto,0,43643.0,56126.0,2887.0,214,240,307.0,110,49,3648.0,0.08358728776665215,False
P01313,2025-02-27,Instagram,Efeméride,Imagen,0,27202.0,40909.0,1123.0,93,85,17.0,51,26,1318.0,0.048452319682376295,False
P01314,2025-02-27,X,Entrenamiento,Imagen,0,42490.0,49903.0,590.0,48,48,67.0,28,9,753.0,0.01772181689809367,False
P01315,2025-02-27,Facebook,Patrocinador,Imagen,0,33006.0,37490.0,170.0,9,11,7.0,5,2,197.0,0.005968611767557414,False
P01316,2025-02-27,Facebook,Fichajes,Vídeo corto,0,6724.0,9678.0,300.0,18,30,15.0,9,2,363.0,0.05398572278405711,True
P01317,2025-02-27,YouTube,Fichajes,Vídeo largo,0,8901.0,12879.0,564.0,38,34,30.0,20,10,666.0,0.07482305358948432,False
P01318,2025-02-28,Instagram,Institucional,Imagen,0,37858.0,53895.0,673.0,42,59,12.0,19,14,786.0,0.020761794072587037,False
P01319,2025-02-28,Instagram,Entrenamiento,Carrusel,0,6134.0,8593.0,189.0,13,16,8.0,7,3,226.0,0.036843821323769156,False
P01320,2025-02-28,Instagram,Directo,Carrusel,0,42575.0,57140.0,2165.0,168,181,111.0,82,37,2625.0,0.06165590135055784,False
P01321,2025-02-28,X,Fichajes,Texto,0,20423.0,32276.0,280.0,23,29,0.0,11,5,332.0,0.016256181755863488,False
P01322,2025-02-28,X,Afición,Vídeo largo,0,38102.0,53055.0,557.0,54,52,42.0,27,12,705.0,0.018502965723584064,False
P01323,2025-02-28,X,Entrenamiento,Texto,0,47213.0,54026.0,373.0,22,37,23.0,11,4,455.0,0.009637176201469934,False
P01324,2025-02-28,X,Entrenamiento,Texto,0,17303.0,20668.0,196.0,10,18,11.0,4,2,235.0,0.013581459862451599,False
P01325,2025-02-28,X,Institucional,Texto,0,22847.0,28177.0,92.0,7,9,10.0,3,1,118.0,0.00516479187639515,False
P01326,2025-02-28,Facebook,Cantera,Texto,0,36458.0,50165.0,198.0,10,18,9.0,4,3,235.0,0.006445773218497998,False
P01327,2025-02-28,TikTok,Patrocinador,Vídeo corto,0,12414.0,14231.0,275.0,24,26,21.0,14,3,346.0,0.02787175769292734,False
P01328,2025-02-28,YouTube,Afición,Vídeo largo,0,7744.0,10530.0,188.0,13,11,27.0,7,2,239.0,0.030862603305785125,False
P01329,2025-03-01,Instagram,Resumen,Carrusel,1,40614.0,66567.0,2330.0,132,162,356.0,83,18,2980.0,0.07337371349780863,False
P01330,2025-03-01,Instagram,Resumen,Imagen,1,48571.0,58467.0,4277.0,329,435,426.0,207,48,5467.0,0.11255687550184267,False
P01331,2025-03-01,Instagram,Directo,Imagen,1,27668.0,34352.0,2093.0,107,179,131.0,63,24,2510.0,0.09071851958941737,False
P01332,2025-03-01,X,Directo,Vídeo largo,1,32086.0,52538.0,527.0,30,41,33.0,18,4,631.0,0.019665897899395376,False
P01333,2025-03-01,X,Entrenamiento,Texto,1,18408.0,28269.0,75.0,7,4,8.0,4,1,94.0,0.0051064754454584966,False
P01334,2025-03-01,Facebook,Resumen,Imagen,1,27952.0,42999.0,345.0,20,35,26.0,13,2,426.0,0.015240412135088723,False
P01335,2025-03-01,Facebook,Efeméride,Vídeo largo,1,11204.0,12635.0,76.0,4,7,9.0,2,1,96.0,0.008568368439842914,False
P01336,2025-03-01,Facebook,Efeméride,Carrusel,1,22555.0,30506.0,238.0,17,14,29.0,11,3,298.0,0.013212148082465085,False
P01337,2025-03-01,Facebook,Directo,Carrusel,1,20849.0,32368.0,267.0,19,21,26.0,10,5,333.0,0.015971989064223705,False
P01338,2025-03-01,Facebook,Directo,Vídeo corto,1,17445.5,57005.0,980.0,72,62,130.0,43,17,1244.0,0.07130778710842338,True
P01339,2025-03-01,Facebook,Previa,Imagen,1,15574.0,22145.0,130.0,8,11,17.0,4,1,166.0,0.010658790291511493,False
P01340,2025-03-01,TikTok,Previa,Vídeo corto,1,12690.0,18608.0,1705.0,128,105,125.0,74,34,2063.0,0.16256895193065407,False
P01341,2025-03-01,YouTube,Directo,Vídeo largo,1,13839.0,22403.0,382.0,36,19,44.0,20,8,481.0,0.03475684659296192,False
P01342,2025-03-02,Instagram,Entrenamiento,Carrusel,0,50716.0,66607.0,1413.0,112,120,118.0,62,25,1763.0,0.03476220522123196,False
P01343,2025-03-02,Instagram,Resumen,Imagen,0,34057.0,54798.0,1945.0,145,114,122.0,87,23,2326.0,0.06829726634759374,False
P01344,2025-03-02,X,Directo,Imagen,0,9517.0,12843.0,157.0,14,13,9.0,9,2,193.0,0.02027949984238731,False
P01345,2025-03-02,Facebook,Entrenamiento,Carrusel,0,15931.0,16095.0,105.0,7,6,15.0,3,1,133.0,0.008348502918837486,False
P01346,2025-03-02,Facebook,Entrenamiento,Carrusel,0,12136.0,19289.0,91.0,5,9,7.0,1,1,112.0,0.00922874093605801,False
P01347,2025-03-02,TikTok,Entrenamiento,Vídeo corto,0,11688.0,13352.0,769.0,48,63,48.0,30,10,928.0,0.07939767282683094,False
P01348,2025-03-02,YouTube,Afición,Vídeo largo,0,3197.0,4127.0,56.0,2,5,4.0,0,0,67.0,0.020957147325617768,False
P01349,2025-03-02,YouTube,Efeméride,Vídeo corto,0,11828.0,16473.0,470.0,28,31,57.0,15,6,586.0,0.049543456205613796,False
P01350,2025-03-03,Instagram,Efeméride,Imagen,0,18839.0,25160.0,826.0,77,45,76.0,40,13,1024.0,0.054355326715855405,False
P01351,2025-03-03,X,Institucional,Texto,0,36119.0,44920.0,106.0,10,5,6.0,5,2,127.0,0.003516154932307096,False
P01352,2025-03-03,X,Fichajes,Imagen,0,24706.0,32077.0,812.0,41,64,71.0,21,9,988.0,0.039990285760543996,False
P01353,2025-03-03,Facebook,Previa,Carrusel,0,22507.0,29955.0,161.0,14,10,12.0,6,4,197.0,0.008752832452126005,False
P01354,2025-03-03,Facebook,Entrenamiento,Vídeo corto,0,48762.0,57117.0,941.0,64,100,55.0,39,12,1160.0,0.023789016037078052,False
P01355,2025-03-03,TikTok,Efeméride,Vídeo corto,0,7780.0,11614.0,659.0,41,35,84.0,20,12,819.0,0.10526992287917737,False
P01356,2025-03-03,TikTok,Fichajes,Vídeo corto,0,9263.0,12740.0,1342.0,76,136,110.0,43,19,1664.0,0.1796394256720285,False
P01357,2025-03-04,Facebook,Previa,Imagen,0,17040.0,27164.0,176.0,10,14,9.0,5,1,209.0,0.012265258215962442,False
P01358,2025-03-04,TikTok,Afición,Vídeo corto,0,9360.0,13103.0,1222.0,112,92,127.0,57,34,1553.0,0.1659188034188034,False
P01359,2025-03-05,Instagram,Resumen,Imagen,0,21727.0,28882.0,1002.0,75,54,71.0,44,18,1202.0,0.055322870161550144,False
P01360,2025-03-05,X,Patrocinador,Texto,0,18914.0,30631.0,138.0,11,14,1.0,5,3,164.0,0.008670825843290684,False
P01361,2025-03-05,X,Efeméride,Texto,0,12161.0,14799.0,134.0,10,10,6.0,5,2,160.0,0.013156812762108379,False
P01362,2025-03-05,Facebook,Fichajes,Imagen,0,13327.0,16120.0,185.0,12,17,6.0,7,2,220.0,0.016507841224581675,False
P01363,2025-03-05,Facebook,Afición,Vídeo largo,0,13350.0,15068.0,162.0,11,16,4.0,5,2,193.0,0.01445692883895131,False
P01364,2025-03-05,TikTok,Entrenamiento,Vídeo corto,0,13407.0,21430.0,1545.0,132,163,10.0,67,37,1850.0,0.13798761840829418,False
P01365,2025-03-06,Instagram,Efeméride,Imagen,0,19316.0,28401.0,474.0,27,39,14.0,15,4,554.0,0.02868088631186581,False
P01366,2025-03-06,X,Afición,Texto,0,18346.0,23085.0,244.0,18,13,22.0,10,3,297.0,0.016188815000545077,False
P01367,2025-03-06,X,Institucional,Texto,0,13661.0,20680.0,111.0,7,8,7.0,3,2,133.0,0.009735744089012517,False
P01368,2025-03-06,Facebook,Institucional,Vídeo corto,0,16000.0,18395.0,159.0,9,15,5.0,4,3,188.0,0.01175,False
P01369,2025-03-06,TikTok,Patrocinador,Vídeo corto,0,21909.0,34642.0,688.0,64,48,3.0,37,14,803.0,0.036651604363503586,False
P01370,2025-03-07,Instagram,Institucional,Imagen,0,24289.0,30727.0,401.0,35,24,14.0,22,4,474.0,0.019515006793198567,False
P01371,2025-03-07,Instagram,Cantera,Imagen,0,31778.0,51422.0,536.0,33,49,34.0,17,7,652.0,0.020517339039587135,False
P01372,2025-03-07,X,Patrocinador,Vídeo corto,0,22543.0,26957.0,323.0,18,18,51.0,12,3,410.0,0.018187463957769597,False
P01373,2025-03-07,Facebook,Institucional,Imagen,0,27499.0,36461.0,111.0,7,6,18.0,4,1,142.0,0.005163824139059602,False
P01374,2025-03-08,Instagram,Resumen,Imagen,1,67269.0,97628.0,3700.0,286,369,294.0,70,132,4649.0,0.06911058585678395,False
P01375,2025-03-08,Instagram,Afición,Imagen,1,20447.0,30235.0,1076.0,98,109,0.0,24,45,1283.0,0.06274759133369198,False
P01376,2025-03-08,Instagram,Directo,Vídeo largo,1,24649.0,39041.0,748.0,69,79,63.0,14,33,959.0,0.03890624366100045,False
P01377,2025-03-08,Facebook,Directo,Imagen,1,14609.0,17995.0,129.0,8,13,13.0,2,2,163.0,0.011157505647203778,False
P01378,2025-03-08,Facebook,Patrocinador,Vídeo corto,1,17260.0,25514.0,105.0,5,5,9.0,1,1,124.0,0.007184241019698725,False
P01379,2025-03-08,Facebook,Fichajes,Vídeo largo,1,29208.0,40960.0,267.0,18,25,26.0,8,4,336.0,0.011503697617091208,False
P01380,2025-03-08,Facebook,Previa,Imagen,1,18130.0,26234.0,125.0,8,6,16.0,2,1,155.0,0.008549365692222834,False
P01381,2025-03-08,TikTok,Directo,Vídeo corto,1,12455.0,20222.0,1374.0,115,120,1.0,26,52,1610.0,0.12926535527900443,False
P01382,2025-03-08,YouTube,Directo,Vídeo corto,1,4501.0,5248.0,310.0,22,20,22.0,9,5,374.0,0.08309264607864919,False
P01383,2025-03-09,Instagram,Afición,Imagen,0,12075.0,14718.0,694.0,37,66,25.0,22,5,822.0,0.06807453416149069,False
P01384,2025-03-09,Instagram,Entrenamiento,Imagen,0,16615.0,21161.0,444.0,43,24,55.0,25,6,566.0,0.03406560337044839,False
P01385,2025-03-09,Facebook,Efeméride,Carrusel,0,27084.0,34191.0,229.0,11,13,27.0,5,2,280.0,0.010338207059518534,False
P01386,2025-03-09,YouTube,Afición,Vídeo corto,0,2866.0,4088.0,233.0,17,14,9.0,9,3,273.0,0.09525471039776692,False
P01387,2025-03-10,Instagram,Entrenamiento,Imagen,0,36909.0,42318.0,1318.0,119,125,45.0,51,32,1607.0,0.04353951610718253,False
P01388,2025-03-10,X,Efeméride,Imagen,0,10220.0,12557.0,91.0,7,4,4.0,3,2,106.0,0.010371819960861057,False
P01389,2025-03-10,Facebook,Entrenamiento,Carrusel,0,22611.0,33288.0,301.0,14,19,31.0,8,2,365.0,0.016142585467250455,False
P01390,2025-03-10,YouTube,Efeméride,Vídeo largo,0,5956.0,9806.0,197.0,14,10,19.0,7,3,240.0,0.040295500335795834,False
P01391,2025-03-11,Facebook,Afición,Imagen,0,13676.0,15732.0,129.0,8,9,19.0,5,1,165.0,0.012064931266452179,False
P01392,2025-03-11,Facebook,Afición,Texto,0,32152.0,41857.0,262.0,17,23,19.0,9,3,321.0,0.009983826822592684,False
P01393,2025-03-11,Facebook,Efeméride,Imagen,0,25998.0,35291.0,184.0,14,10,19.0,7,3,227.0,0.008731440880067698,False
P01394,2025-03-11,Facebook,Afición,Imagen,0,9254.0,10714.0,146.0,10,16,7.0,5,1,179.0,0.019342986816511778,False
P01395,2025-03-11,Facebook,Efeméride,Imagen,0,9828.0,15512.0,77.0,5,7,2.0,2,1,91.0,0.009259259259259259,False
P01396,2025-03-11,YouTube,Patrocinador,Vídeo corto,0,3520.0,4831.0,42.0,2,2,3.0,1,0,49.0,0.013920454545454545,False
P01397,2025-03-12,Instagram,Institucional,Imagen,0,16166.0,18432.0,174.0,15,18,4.0,7,2,211.0,0.01305208462204627,False
P01398,2025-03-12,Instagram,Previa,Carrusel,0,43499.0,67395.0,1844.0,135,180,20.0,74,25,2179.0,0.050093105588634224,False
P01399,2025-03-12,X,Fichajes,Texto,0,58301.0,91600.0,648.0,32,61,43.0,17,6,784.0,0.013447453731496887,False
P01400,2025-03-12,X,Entrenamiento,Vídeo corto,0,26417.0,36983.0,353.0,22,17,41.0,11,5,433.0,0.016390960366430708,False
P01401,2025-03-12,X,Fichajes,Texto,0,36858.0,57720.0,451.0,42,32,48.0,19,8,573.0,0.015546150089532801,False
P01402,2025-03-13,X,Patrocinador,Texto,0,24245.0,35921.0,113.0,6,9,4.0,3,1,132.0,0.005444421530212415,False
P01403,2025-03-13,Facebook,Previa,Imagen,0,10517.0,14794.0,83.0,7,6,5.0,3,2,101.0,0.00960349909670058,False
P01404,2025-03-14,Instagram,Resumen,Carrusel,0,34303.0,50950.0,1181.0,100,91,131.0,59,14,1503.0,0.043815409730927325,False
P01405,2025-03-14,Instagram,Resumen,Imagen,0,26742.0,33174.0,1324.0,85,78,177.0,50,12,1664.0,0.06222421658813851,False
P01406,2025-03-14,Facebook,Entrenamiento,Carrusel,0,7901.0,11739.0,66.0,4,6,4.0,1,0,80.0,0.01012530059486141,False
P01407,2025-03-14,Facebook,Efeméride,Carrusel,0,21220.0,31877.0,217.0,16,15,6.0,7,3,254.0,0.011969839773798303,False
P01408,2025-03-14,Facebook,Patrocinador,Imagen,0,19384.0,26712.0,85.0,6,6,8.0,3,1,105.0,0.0054168386297977714,False
P01409,2025-03-14,YouTube,Entrenamiento,Vídeo largo,0,1626.0,2369.0,37.0,3,2,2.0,1,0,44.0,0.02706027060270603,False
P01410,2025-03-15,Instagram,Afición,Imagen,1,53736.0,83193.0,2531.0,159,217,216.0,72,50,3123.0,0.05811746315319339,False
P01411,2025-03-15,Instagram,Efeméride,Carrusel,1,47023.0,61764.0,1170.0,91,76,86.0,42,19,1423.0,0.030261786785190228,False
P01412,2025-03-15,Instagram,Resumen,Vídeo corto,1,26945.0,31682.0,2596.0,209,176,57.0,93,43,3038.0,0.11274819075895343,False
P01413,2025-03-15,X,Afición,Vídeo corto,1,33132.0,38083.0,978.0,84,110,72.0,43,21,1244.0,0.03754678256670289,False
P01414,2025-03-15,X,Cantera,Vídeo corto,1,18151.0,21803.0,254.0,22,20,5.0,10,4,301.0,0.016583108368684922,False
P01415,2025-03-15,Facebook,Resumen,Imagen,1,16887.0,23623.0,181.0,12,10,12.0,7,2,215.0,0.01273168709658317,False
P01416,2025-03-15,Facebook,Previa,Imagen,1,16775.0,22513.0,189.0,15,19,18.0,7,4,241.0,0.01436661698956781,False
P01417,2025-03-15,TikTok,Fichajes,Vídeo corto,1,8361.0,11196.0,813.0,59,58,48.0,29,17,978.0,0.11697165410836025,False
P01418,2025-03-15,TikTok,Afición,Vídeo corto,1,6356.0,9421.0,504.0,27,43,47.0,13,7,621.0,0.09770295783511643,False
P01419,2025-03-16,Instagram,Entrenamiento,Carrusel,0,21715.0,30928.0,502.0,47,38,47.0,23,9,634.0,0.029196408012894314,False
P01420,2025-03-16,X,Institucional,Imagen,0,21551.0,25204.0,110.0,6,8,10.0,2,1,134.0,0.006217808918379658,False
P01421,2025-03-16,X,Afición,Vídeo corto,0,44087.0,53023.0,877.0,44,62,81.0,28,5,1064.0,0.02413409848708236,False
P01422,2025-03-16,Facebook,Afición,Vídeo corto,0,17030.0,20829.0,357.0,33,20,30.0,17,5,440.0,0.025836758661186142,False
P01423,2025-03-16,Facebook,Cantera,Imagen,0,11478.0,13181.0,78.0,3,4,7.0,1,0,92.0,0.008015333681826102,False
P01424,2025-03-16,Facebook,Entrenamiento,Imagen,0,25269.0,29938.0,175.0,14,10,7.0,6,3,206.0,0.008152281451580989,False
P01425,2025-03-16,TikTok,Previa,Vídeo corto,0,13834.0,19565.0,1141.0,110,60,85.0,53,34,1396.0,0.10091079947954315,False
P01426,2025-03-16,TikTok,Resumen,Vídeo corto,0,7328.0,8575.0,973.0,82,89,72.0,46,19,1216.0,0.16593886462882096,False
P01427,2025-03-17,Instagram,Efeméride,Imagen,0,34482.0,52557.0,1031.0,50,71,62.0,30,11,1214.0,0.03520677454904008,False
P01428,2025-03-17,X,Cantera,Vídeo corto,0,18672.0,22812.0,172.0,13,17,11.0,6,4,213.0,0.01140745501285347,False
P01429,2025-03-17,Facebook,Entrenamiento,Imagen,0,27511.0,44794.0,160.0,9,16,18.0,4,2,203.0,0.007378866635164116,False
P01430,2025-03-17,YouTube,Patrocinador,Vídeo corto,0,6215.0,9588.0,112.0,7,6,8.0,3,1,133.0,0.021399839098954144,False
P01431,2025-03-18,Instagram,Fichajes,Vídeo corto,0,22976.0,31244.0,1973.0,148,120,87.0,80,28,2328.0,0.10132311977715877,False
P01432,2025-03-18,Instagram,Entrenamiento,Carrusel,0,44568.0,52388.0,1813.0,106,189,205.0,55,19,2313.0,0.05189822294022617,False
P01433,2025-03-18,X,Patrocinador,Imagen,0,27186.0,34566.0,140.0,13,14,9.0,6,3,176.0,0.006473920400205988,False
P01434,2025-03-18,X,Afición,Imagen,0,31496.0,47130.0,578.0,40,31,40.0,16,11,689.0,0.0218757937515875,False
P01435,2025-03-18,Facebook,Patrocinador,Imagen,0,18964.0,30798.0,98.0,6,6,10.0,3,1,120.0,0.006327778949588694,False
P01436,2025-03-18,Facebook,Institucional,Imagen,0,36004.0,58012.0,128.0,7,11,17.0,4,1,163.0,0.0045272747472503054,False
P01437,2025-03-18,Facebook,Entrenamiento,Carrusel,0,25552.0,34610.0,407.0,25,21,65.0,12,6,518.0,0.02027238572323106,False
P01438,2025-03-18,TikTok,Efeméride,Vídeo corto,0,19139.0,28226.0,1097.0,54,111,53.0,21,12,1315.0,0.06870787397460683,False
P01439,2025-03-18,YouTube,Efeméride,Vídeo largo,0,16171.0,25668.0,295.0,22,29,7.0,12,3,353.0,0.021829200420505845,False
P01440,2025-03-19,Instagram,Fichajes,Vídeo corto,0,49551.0,68499.0,5904.0,549,596,98.0,285,151,7147.0,0.14423523238683378,False
P01441,2025-03-19,Instagram,Institucional,Carrusel,0,41107.0,51631.0,943.0,45,81,33.0,23,9,1102.0,0.02680808621402681,False
P01442,2025-03-19,X,Cantera,Texto,0,19060.0,22606.0,111.0,10,6,9.0,6,2,136.0,0.007135362014690451,False
P01443,2025-03-19,Facebook,Entrenamiento,Imagen,0,15976.0,24867.0,119.0,6,12,2.0,3,1,139.0,0.00870055082623936,False
P01444,2025-03-21,Instagram,Entrenamiento,Vídeo corto,0,22519.0,28376.0,1608.0,84,136,175.0,42,24,2003.0,0.08894711132821173,False
P01445,2025-03-21,Facebook,Patrocinador,Texto,0,22352.0,29497.0,91.0,7,9,6.0,3,1,113.0,0.005055476020042949,False
P01446,2025-03-21,Facebook,Fichajes,Imagen,0,15866.0,18419.0,233.0,13,20,18.0,6,2,284.0,0.017899911760998363,False
P01447,2025-03-21,Facebook,Institucional,Vídeo corto,0,19145.0,29473.0,236.0,22,25,8.0,11,5,291.0,0.015199791068164012,False
P01448,2025-03-21,Facebook,Efeméride,Imagen,0,14769.0,17993.0,133.0,12,9,2.0,6,2,156.0,0.010562665041641276,False
P01449,2025-03-21,Facebook,Cantera,Imagen,0,15715.5,16802.0,112.0,9,7,9.0,4,2,137.0,0.008717508192548757,False
P01450,2025-03-22,Instagram,Patrocinador,Carrusel,1,28398.0,38771.5,399.0,30,39,37.0,15,7,505.0,0.01778294246073667,False
P01451,2025-03-22,Instagram,Previa,Vídeo corto,1,28287.0,43528.0,1223.0,74,119,94.0,45,11,1510.0,0.0533814119560222,False
P01452,2025-03-22,Instagram,Directo,Carrusel,1,89425.0,110207.0,5590.0,370,326,561.0,171,97,6847.0,0.07656695554934302,False
P01453,2025-03-22,X,Previa,Vídeo corto,1,33867.0,55127.0,499.0,40,26,17.0,14,9,582.0,0.01718487022765524,False
P01454,2025-03-22,X,Fichajes,Carrusel,1,43791.0,68247.0,633.0,32,58,48.0,15,5,771.0,0.01760635747071316,False
P01455,2025-03-22,X,Cantera,Imagen,1,24691.0,35811.0,199.0,14,16,11.0,4,5,240.0,0.00972014094204366,False
P01456,2025-03-22,X,Fichajes,Imagen,1,31650.0,46648.0,818.0,47,88,44.0,26,12,997.0,0.03150078988941548,False
P01457,2025-03-22,Facebook,Cantera,Vídeo largo,1,28429.0,41628.0,116.0,6,8,10.0,2,1,140.0,0.004924548876147595,False
P01458,2025-03-22,Facebook,Cantera,Carrusel,1,24140.0,37001.0,118.0,10,10,6.0,4,2,144.0,0.005965202982601492,False
P01459,2025-03-22,Facebook,Previa,Vídeo corto,1,28755.0,35666.0,265.0,20,23,15.0,8,6,323.0,0.01123282907320466,False
P01460,2025-03-22,Facebook,Resumen,Vídeo corto,1,22500.0,33495.0,332.0,19,34,35.0,9,3,420.0,0.018666666666666668,False
P01461,2025-03-22,Facebook,Resumen,Imagen,1,16288.0,26363.0,233.0,21,19,3.0,10,4,276.0,0.01694499017681729,False
P01462,2025-03-22,TikTok,Directo,Vídeo corto,1,8486.0,11173.0,564.0,35,54,39.0,18,10,692.0,0.08154607588970068,False
P01463,2025-03-22,TikTok,Cantera,Vídeo corto,1,8133.0,6087.0,192.0,9,14,23.0,5,2,238.0,0.029263494405508423,False
P01464,2025-03-22,TikTok,Previa,Vídeo corto,1,9755.0,11538.0,484.0,24,40,27.0,9,5,575.0,0.058944131214761664,False
P01465,2025-03-22,YouTube,Afición,Vídeo largo,1,10020.0,13973.0,206.0,18,12,12.0,6,4,248.0,0.02475049900199601,False
P01466,2025-03-22,YouTube,Institucional,Vídeo corto,1,9304.0,12282.0,187.0,14,15,2.0,5,4,218.0,0.02343078245915735,False
P01467,2025-03-22,YouTube,Institucional,Vídeo largo,1,5996.0,9627.0,57.0,5,4,3.0,1,1,69.0,0.011507671781187459,False
P01468,2025-03-22,YouTube,Resumen,Vídeo largo,1,8600.0,11544.0,210.0,13,23,10.0,6,3,256.0,0.029767441860465118,False
P01469,2025-03-23,Instagram,Resumen,Imagen,0,37651.0,59571.0,2639.0,219,174,223.0,116,39,3255.0,0.08645188706807257,False
P01470,2025-03-23,Instagram,Cantera,Imagen,0,56896.0,92207.0,1604.0,153,142,74.0,60,39,1973.0,0.03467730596175478,False
P01471,2025-03-23,X,Institucional,Texto,0,51920.0,71105.0,391.0,25,22,18.0,10,6,456.0,0.008782742681047766,False
P01472,2025-03-23,Facebook,Cantera,Imagen,0,14836.0,17809.0,88.0,7,7,5.0,3,1,107.0,0.007212186573200324,False
P01473,2025-03-24,Instagram,Entrenamiento,Imagen,0,25469.0,38710.0,550.0,31,39,81.0,15,9,701.0,0.0275236562095096,False
P01474,2025-03-24,Instagram,Fichajes,Imagen,0,35926.0,52174.0,1885.0,168,175,0.0,94,32,2228.0,0.06201636697656294,False
P01475,2025-03-24,Instagram,Afición,Imagen,0,19178.0,22791.0,1392.0,126,80,137.0,54,35,1735.0,0.09046824486390656,False
P01476,2025-03-25,Instagram,Fichajes,Imagen,0,12024.0,14633.0,633.0,37,36,92.0,25,5,798.0,0.06636726546906188,False
P01477,2025-03-25,Facebook,Previa,Carrusel,0,31189.0,41152.0,424.0,37,20,32.0,20,7,513.0,0.01644810670428677,False
P01478,2025-03-25,Facebook,Previa,Imagen,0,16207.0,22474.0,99.0,6,6,4.0,3,0,115.0,0.007095699389152835,False
P01479,2025-03-25,TikTok,Institucional,Vídeo corto,0,10230.0,16752.0,356.0,30,36,0.0,15,7,422.0,0.04125122189638319,False
P01480,2025-03-25,YouTube,Efeméride,Vídeo largo,0,12961.0,20939.0,359.0,33,28,3.0,17,7,423.0,0.03263637065041278,False
P01481,2025-03-26,Instagram,Entrenamiento,Vídeo corto,0,21875.0,34729.0,991.0,53,89,103.0,24,14,1236.0,0.05650285714285714,False
P01482,2025-03-26,X,Cantera,Imagen,0,27089.0,43495.0,230.0,11,24,20.0,6,2,285.0,0.010520875632175422,False
P01483,2025-03-26,Facebook,Institucional,Texto,0,19520.0,22833.0,57.0,5,5,5.0,2,0,72.0,0.0036885245901639345,False
P01484,2025-03-26,Facebook,Entrenamiento,Imagen,0,20798.0,27755.0,227.0,17,24,8.0,8,4,276.0,0.013270506779498028,False
P01485,2025-03-26,TikTok,Efeméride,Vídeo corto,0,10761.0,13931.0,1419.0,78,106,144.0,44,11,1747.0,0.16234550692314842,False
P01486,2025-03-26,TikTok,Patrocinador,Vídeo corto,0,11776.0,18798.0,586.0,40,30,22.0,22,8,678.0,0.05757472826086957,False
P01487,2025-03-26,YouTube,Cantera,Vídeo largo,0,5075.0,6438.0,73.0,4,4,12.0,2,0,93.0,0.01832512315270936,False
P01488,2025-03-27,X,Afición,Texto,0,22363.0,27828.0,141.0,13,10,3.0,6,4,167.0,0.0074676921701024015,False
P01489,2025-03-27,Facebook,Resumen,Imagen,0,22275.0,26953.0,426.0,37,41,12.0,22,6,516.0,0.023164983164983166,False
P01490,2025-03-28,Instagram,Entrenamiento,Imagen,0,20157.0,28430.0,579.0,43,55,34.0,22,10,711.0,0.035273106116981694,False
P01491,2025-03-28,Instagram,Resumen,Texto,0,32520.0,45738.0,988.0,75,104,47.0,44,15,1214.0,0.03733087330873309,False
P01492,2025-03-28,Instagram,Fichajes,Imagen,0,43062.0,53854.0,3185.0,237,164,331.0,155,48,3917.0,0.09096186893316613,False
P01493,2025-03-28,X,Patrocinador,Imagen,0,65801.0,91036.0,492.0,45,51,24.0,24,10,612.0,0.009300770505007524,False
P01494,2025-03-28,Facebook,Patrocinador,Imagen,0,25769.0,24023.0,118.0,11,8,11.0,4,2,148.0,0.005743335014940432,False
P01495,2025-03-28,Facebook,Resumen,Carrusel,0,7634.0,9343.0,177.0,8,12,18.0,4,2,215.0,0.028163479172124705,False
P01496,2025-03-28,TikTok,Entrenamiento,Vídeo corto,0,5026.0,6938.0,339.0,29,28,31.0,13,8,427.0,0.08495821727019498,False
P01497,2025-03-28,YouTube,Entrenamiento,Vídeo largo,0,7773.0,10391.0,129.0,7,6,9.0,4,1,151.0,0.019426218963077318,False
P01498,2025-03-29,Instagram,Directo,Imagen,1,55035.0,83541.0,3054.0,158,201,212.0,31,52,3625.0,0.06586717543381485,False
P01499,2025-03-29,Instagram,Resumen,Vídeo corto,1,28799.0,45099.0,1795.0,149,150,158.0,43,56,2252.0,0.07819715962359804,False
P01500,2025-03-29,Instagram,Resumen,Vídeo corto,1,20876.0,25028.0,1071.0,62,74,64.0,16,17,1271.0,0.06088331097911477,False
P01501,2025-03-29,Instagram,Previa,Carrusel,1,59514.0,69799.0,1395.0,79,109,190.0,27,31,1773.0,0.02979130960782337,False
P01502,2025-03-29,X,Previa,Carrusel,1,41908.0,47830.0,613.0,55,64,0.0,16,23,732.0,0.017466832108427983,False
P01503,2025-03-29,X,Patrocinador,Texto,1,11745.0,18487.0,23.0,1,1,4.0,0,0,29.0,0.0024691358024691358,False
P01504,2025-03-29,X,Directo,Vídeo corto,1,16858.0,25649.0,337.0,29,32,0.0,6,8,398.0,0.02360896903547277,False
P01505,2025-03-29,X,Directo,Imagen,1,26231.0,32814.0,350.0,32,35,26.0,11,8,443.0,0.016888414471426937,False
P01506,2025-03-29,X,Resumen,Texto,1,30261.0,38893.0,387.0,21,32,13.0,6,8,453.0,0.014969763061366114,False
P01507,2025-03-29,X,Previa,Vídeo corto,1,41271.0,62419.0,642.0,33,49,35.0,3,16,759.0,0.018390637493639603,False
P01508,2025-03-29,Facebook,Resumen,Vídeo largo,1,17233.0,22076.0,138.0,8,12,8.0,2,3,166.0,0.009632681483200836,False
P01509,2025-03-29,Facebook,Efeméride,Vídeo corto,1,46888.0,52797.0,417.0,27,23,52.0,5,7,519.0,0.011068930216686573,False
P01510,2025-03-29,TikTok,Previa,Vídeo corto,1,16900.0,26805.0,1669.0,103,110,63.0,29,30,1945.0,0.1150887573964497,False
P01511,2025-03-29,YouTube,Entrenamiento,Vídeo largo,1,6294.0,8681.0,78.0,6,6,1.0,1,2,91.0,0.014458214172227517,False
P01512,2025-03-30,X,Cantera,Imagen,0,40043.0,54457.0,410.0,38,30,45.0,18,12,523.0,0.013060959468571286,False
P01513,2025-03-30,Facebook,Entrenamiento,Vídeo corto,0,12828.0,20553.0,216.0,16,11,11.0,5,5,254.0,0.019800436545057688,False
P01514,2025-03-30,Facebook,Previa,Imagen,0,10741.0,13174.0,117.0,5,7,14.0,2,0,143.0,0.013313471743785495,False
P01515,2025-03-30,YouTube,Fichajes,Vídeo largo,0,8135.0,10217.0,233.0,12,15,25.0,6,2,285.0,0.03503380454824831,False
P01516,2025-03-31,Instagram,Patrocinador,Imagen,0,32710.0,44040.0,416.0,31,39,32.0,14,7,518.0,0.015836135738306327,False
P01517,2025-03-31,X,Institucional,Carrusel,0,24466.0,36475.0,117.0,8,9,6.0,3,1,140.0,0.005722226763672035,False
P01518,2025-03-31,Facebook,Fichajes,Vídeo corto,0,25391.0,40942.0,584.0,43,54,0.0,25,7,681.0,0.026820526958371078,False
P01519,2025-03-31,YouTube,Efeméride,Vídeo corto,0,6057.0,9370.0,211.0,16,14,11.0,9,3,252.0,0.041604754829123326,False
P01520,2025-04-01,Instagram,Cantera,Imagen,0,41154.0,48999.0,950.0,64,63,31.0,31,15,1108.0,0.026923263838266025,False
P01521,2025-04-01,Instagram,Institucional,Imagen,0,16364.0,18928.0,382.0,37,35,23.0,17,10,477.0,0.029149352236616966,False
P01522,2025-04-01,Facebook,Entrenamiento,Imagen,0,21335.0,34412.0,259.0,16,24,12.0,8,3,311.0,0.014576986172955237,False
P01523,2025-04-02,Instagram,Resumen,Carrusel,0,18979.0,26415.0,1046.0,94,94,18.0,56,16,1252.0,0.06596764845355393,False
P01524,2025-04-02,Instagram,Institucional,Imagen,0,33824.0,41962.0,529.0,31,30,32.0,15,9,622.0,0.01838930936613056,False
P01525,2025-04-02,Instagram,Entrenamiento,Vídeo corto,0,22454.0,28388.0,2069.0,170,191,36.0,92,44,2466.0,0.10982453015052997,False
P01526,2025-04-02,Instagram,Cantera,Carrusel,0,37737.0,42591.0,1112.0,96,68,147.0,58,15,1423.0,0.037708349895328196,False
P01527,2025-04-02,X,Efeméride,Imagen,0,18129.0,26917.0,169.0,14,14,5.0,7,3,202.0,0.011142368580727011,False
P01528,2025-04-02,Facebook,Cantera,Carrusel,0,28218.0,35635.0,251.0,18,28,25.0,9,3,322.0,0.011411155999716493,False
P01529,2025-04-02,YouTube,Previa,Vídeo largo,0,4091.0,6467.0,76.0,6,4,7.0,3,1,93.0,0.022732828159374236,False
P01530,2025-04-03,Instagram,Efeméride,Imagen,0,27459.0,42926.0,982.0,59,69,50.0,29,15,1160.0,0.042244801340179904,False
P01531,2025-04-03,Instagram,Entrenamiento,Vídeo corto,0,25284.0,30741.0,1473.0,110,122,140.0,52,26,1845.0,0.07297104888467015,False
P01532,2025-04-03,Instagram,Previa,Imagen,0,72159.0,93151.0,2848.0,227,155,296.0,95,46,3526.0,0.048864313529843814,False
P01533,2025-04-03,X,Entrenamiento,Vídeo largo,0,17576.0,27381.0,213.0,17,19,5.0,8,3,254.0,0.014451524806554393,False
P01534,2025-04-03,X,Entrenamiento,Carrusel,0,19740.0,29822.0,386.0,20,20,61.0,11,4,487.0,0.024670719351570416,False
P01535,2025-04-03,X,Resumen,Vídeo corto,0,23860.0,34268.0,1002.0,59,87,70.0,37,7,1218.0,0.05104777870913663,False
P01536,2025-04-03,Facebook,Fichajes,Vídeo corto,0,7709.0,10574.0,178.0,17,9,24.0,9,3,228.0,0.02957582046958101,False
P01537,2025-04-03,Facebook,Entrenamiento,Imagen,0,7889.0,9873.0,58.0,3,6,2.0,1,0,69.0,0.008746355685131196,False
P01538,2025-04-03,TikTok,Entrenamiento,Vídeo corto,0,15223.0,17759.0,1726.0,89,126,69.0,39,19,2010.0,0.1320370492018656,False
P01539,2025-04-03,TikTok,Resumen,Vídeo corto,0,5546.0,7247.0,599.0,52,39,38.0,31,10,728.0,0.1312657771366751,False
P01540,2025-04-03,TikTok,Entrenamiento,Vídeo corto,0,16533.0,20135.0,1606.0,114,88,193.0,55,22,2001.0,0.12103066594084558,False
P01541,2025-04-04,Instagram,Fichajes,Carrusel,0,31838.0,49860.0,2425.0,215,212,132.0,132,35,2984.0,0.09372448018091589,False
P01542,2025-04-04,Facebook,Resumen,Vídeo corto,0,7427.0,9080.0,168.0,8,13,7.0,4,1,196.0,0.02639019792648445,False
P01543,2025-04-05,Instagram,Institucional,Imagen,1,61803.0,100371.0,754.0,75,61,64.0,17,23,954.0,0.01543614387651085,False
P01544,2025-04-05,Instagram,Efeméride,Vídeo corto,1,28108.0,42913.0,1233.0,107,64,118.0,35,46,1522.0,0.054148285185712255,False
P01545,2025-04-05,Instagram,Resumen,Imagen,1,94366.0,146028.0,3561.0,263,195,390.0,83,104,4409.0,0.04672233643473285,False
P01546,2025-04-05,X,Directo,Texto,1,20125.0,23401.0,270.0,16,21,13.0,5,4,320.0,0.015900621118012423,False
P01547,2025-04-05,X,Resumen,Texto,1,21477.0,28907.0,201.0,19,19,21.5,4,6,260.5,0.012129254551380546,False
P01548,2025-04-05,X,Resumen,Imagen,1,13011.0,14659.0,213.0,17,20,8.0,4,4,258.0,0.019829375144108832,False
P01549,2025-04-05,X,Resumen,Texto,1,30415.0,40983.0,303.0,16,20,14.0,4,5,353.0,0.011606115403583759,False
P01550,2025-04-05,TikTok,Resumen,Vídeo corto,1,7878.0,11379.0,440.0,37,38,25.0,8,18,540.0,0.06854531607006854,False
P01551,2025-04-05,YouTube,Efeméride,Vídeo largo,1,5873.0,22372.0,307.0,22,23,21.0,8,6,373.0,0.06351098246211476,False
P01552,2025-04-05,YouTube,Previa,Vídeo largo,1,7002.0,10325.0,130.0,7,11,13.0,2,1,161.0,0.022993430448443302,False
P01553,2025-04-05,YouTube,Cantera,Vídeo largo,1,10861.0,13517.0,113.0,6,11,4.0,1,2,134.0,0.012337722125034527,False
P01554,2025-04-06,X,Afición,Vídeo corto,0,14446.0,17885.0,273.0,13,20,27.0,7,2,333.0,0.023051363699293923,False
P01555,2025-04-06,X,Entrenamiento,Imagen,0,17778.0,25062.0,178.0,14,11,20.0,6,2,223.0,0.012543593205084936,False
P01556,2025-04-06,TikTok,Cantera,Vídeo corto,0,12835.0,19750.0,664.0,57,57,15.0,29,11,793.0,0.06178418387222439,False
P01557,2025-04-06,TikTok,Cantera,Vídeo corto,0,12024.0,15618.0,575.0,43,46,42.0,21,9,706.0,0.058715901530272785,False
P01558,2025-04-06,TikTok,Cantera,Vídeo corto,0,10616.0,13938.0,1027.0,66,97,125.0,35,14,1315.0,0.12386963074604371,False
P01559,2025-04-06,YouTube,Cantera,Vídeo largo,0,13757.0,16288.0,203.0,16,20,7.0,7,4,246.0,0.017881805626226648,False
P01560,2025-04-07,Instagram,Entrenamiento,Vídeo corto,0,43950.0,49422.0,2232.0,224,255,140.0,122,47,2851.0,0.06486916951080773,False
P01561,2025-04-07,Facebook,Entrenamiento,Imagen,0,22223.0,29126.0,125.0,11,11,9.0,5,3,156.0,0.007019754308599199,False
P01562,2025-04-07,Facebook,Fichajes,Vídeo corto,0,11692.0,17184.0,284.0,18,15,19.0,10,4,336.0,0.028737598357851522,False
P01563,2025-04-08,Instagram,Previa,Carrusel,0,60136.0,74768.0,3056.0,257,158,288.0,171,41,3759.0,0.06250831448716243,False
P01564,2025-04-08,Instagram,Fichajes,Carrusel,0,26927.0,28647.0,1657.0,82,140,49.0,42,19,1928.0,0.0716009952835444,False
P01565,2025-04-08,Instagram,Institucional,Imagen,0,15758.0,20392.0,314.0,16,17,25.0,9,3,372.0,0.023607056733087956,False
P01566,2025-04-08,X,Resumen,Carrusel,0,40127.0,46193.0,1409.0,133,154,71.0,65,31,1767.0,0.044035188277219826,False
P01567,2025-04-08,X,Afición,Vídeo corto,0,28743.0,44442.0,870.0,43,49,78.0,26,8,1040.0,0.03618272274988693,False
P01568,2025-04-08,X,Fichajes,Carrusel,0,12165.0,19424.0,281.0,15,15,42.0,8,3,353.0,0.029017673653925196,False
P01569,2025-04-08,Facebook,Institucional,Imagen,0,11762.0,14382.0,61.0,3,4,6.0,1,0,74.0,0.006291447032817548,False
P01570,2025-04-09,Instagram,Resumen,Imagen,0,35303.0,46075.0,1850.0,150,196,125.0,65,54,2321.0,0.0657451208112625,False
P01571,2025-04-09,Facebook,Patrocinador,Texto,0,23792.0,27821.0,73.0,5,5,9.0,2,1,92.0,0.00386684599865501,False
P01572,2025-04-09,Facebook,Patrocinador,Carrusel,0,22674.0,29566.0,168.0,15,8,12.0,7,3,203.0,0.008952985798712182,False
P01573,2025-04-10,X,Previa,Imagen,0,24335.0,29625.0,260.0,16,29,25.0,8,4,330.0,0.013560715019519212,False
P01574,2025-04-10,Facebook,Efeméride,Texto,0,14759.0,44711.0,192.0,10,19,7.0,4,2,228.0,0.01544820109763534,False
P01575,2025-04-10,Facebook,Afición,Imagen,0,17973.0,20285.0,321.0,19,31,6.0,10,4,377.0,0.0209759083069048,False
P01576,2025-04-10,YouTube,Patrocinador,Vídeo largo,0,14824.0,23850.0,151.0,11,15,1.0,4,2,178.0,0.012007555315704263,False
P01577,2025-04-10,YouTube,Patrocinador,Vídeo largo,0,3549.0,5211.0,32.0,1,1,5.0,0,0,39.0,0.01098901098901099,False
P01578,2025-04-11,Instagram,Afición,Texto,0,20197.0,30224.0,545.0,44,31,16.0,26,6,636.0,0.03148982522156756,False
P01579,2025-04-11,Facebook,Resumen,Carrusel,0,20534.0,31436.0,214.0,17,12,15.0,9,2,258.0,0.01256452712574267,False
P01580,2025-04-11,Facebook,Cantera,Texto,0,24066.0,39366.0,118.0,11,11,10.0,6,1,150.0,0.006232859636000997,False
P01581,2025-04-11,Facebook,Institucional,Imagen,0,15339.0,17582.0,99.0,7,10,4.0,4,1,120.0,0.007823195775474282,False
P01582,2025-04-12,Instagram,Cantera,Vídeo corto,0,43192.0,57989.0,1134.0,106,119,94.0,48,23,1453.0,0.033640488979440636,False
P01583,2025-04-12,Instagram,Entrenamiento,Imagen,0,24842.0,37520.0,711.0,42,57,55.0,23,7,865.0,0.03482006279687626,False
P01584,2025-04-12,Facebook,Entrenamiento,Imagen,0,11146.0,18052.0,115.0,7,5,7.0,4,0,134.0,0.012022250134577427,False
P01585,2025-04-13,Instagram,Patrocinador,Imagen,0,48917.0,59095.0,1008.0,91,100,0.0,44,27,1199.0,0.024510906228918373,False
P01586,2025-04-13,X,Patrocinador,Texto,0,382632.0,604992.0,1464.0,96,72,4.0,2,1,1636.0,0.004275648665035857,False
P01587,2025-04-13,X,Patrocinador,Texto,0,22164.0,37750.0,83.0,4,6,12.0,1,0,105.0,0.004737412019491067,False
P01588,2025-04-14,Instagram,Directo,Vídeo corto,0,49246.0,78592.0,3305.0,230,341,15.0,136,50,3891.0,0.07901149331925436,False
P01589,2025-04-14,Instagram,Afición,Carrusel,0,39599.0,56393.0,2996.0,257,221,166.0,153,64,3640.0,0.09192151316952449,False
P01590,2025-04-14,X,Afición,Texto,0,52141.0,60127.0,442.0,42,38,4.0,24,7,526.0,0.010088030532594312,False
P01591,2025-04-14,X,Previa,Imagen,0,28291.0,35903.0,399.0,35,42,0.0,17,10,476.0,0.016825138736700718,False
P01592,2025-04-14,X,Entrenamiento,Texto,0,34301.0,45169.0,217.0,13,17,6.0,9,2,253.0,0.007375878254278301,False
P01593,2025-04-14,YouTube,Entrenamiento,Vídeo corto,0,4268.0,6950.0,90.0,6,8,10.0,2,1,114.0,0.026710402999062792,False
P01594,2025-04-15,Instagram,Entrenamiento,Vídeo largo,0,35561.0,44960.0,1085.0,52,87,49.0,29,7,1273.0,0.03579764348584123,False
P01595,2025-04-15,X,Entrenamiento,Imagen,0,26426.0,31169.0,357.0,27,32,19.0,15,3,435.0,0.01646106107621282,False
P01596,2025-04-15,Facebook,Cantera,Imagen,0,11503.0,14346.0,65.0,4,5,4.0,2,0,78.0,0.006780839780926715,False
P01597,2025-04-15,TikTok,Cantera,Vídeo corto,0,8133.0,13391.0,372.0,22,38,23.0,13,3,455.0,0.05594491577523669,False
P01598,2025-04-15,YouTube,Patrocinador,Vídeo corto,0,7227.0,11011.0,146.0,11,13,12.0,5,2,182.0,0.025183340251833403,False
P01599,2025-04-16,X,Patrocinador,Imagen,0,11035.0,14008.0,112.0,7,10,6.0,3,1,135.0,0.012233801540552787,False
P01600,2025-04-16,X,Cantera,Texto,0,21599.0,33536.0,132.0,7,13,2.0,3,1,154.0,0.007129959720357424,False
P01601,2025-04-16,Facebook,Cantera,Vídeo corto,0,22599.0,34800.0,285.0,28,19,24.0,15,6,356.0,0.01575290942077083,False
P01602,2025-04-16,Facebook,Resumen,Imagen,0,18333.0,29747.0,193.0,15,10,18.0,8,3,236.0,0.012872961326569574,False
P01603,2025-04-17,Instagram,Previa,Vídeo corto,0,26037.0,29606.0,1935.0,191,141,205.0,86,50,2472.0,0.09494181357299228,False
P01604,2025-04-17,Instagram,Entrenamiento,Vídeo corto,0,20367.0,31072.0,1208.0,112,86,113.0,54,36,1519.0,0.0745814307458143,False
P01605,2025-04-17,Instagram,Entrenamiento,Vídeo corto,0,29244.0,41837.0,1759.0,120,84,101.0,77,27,2064.0,0.07057858022158392,False
P01606,2025-04-17,Instagram,Afición,Imagen,0,25041.0,30659.0,1736.0,93,109,139.0,44,27,2077.0,0.08294397188610679,False
P01607,2025-04-17,X,Afición,Imagen,0,32318.0,46770.0,581.0,30,41,74.0,18,6,726.0,0.0224642614023145,False
P01608,2025-04-17,X,Cantera,Vídeo corto,0,15395.0,22333.0,210.0,12,12,14.0,6,3,248.0,0.016109126339720687,False
P01609,2025-04-17,X,Efeméride,Imagen,0,26667.0,42910.0,262.0,17,20,24.0,7,3,323.0,0.012112348595642555,False
P01610,2025-04-17,X,Efeméride,Imagen,0,23309.0,33021.0,460.0,38,50,15.0,18,8,563.0,0.024153760350079368,False
P01611,2025-04-17,Facebook,Institucional,Vídeo corto,0,15662.0,19544.0,117.0,5,9,12.0,2,1,143.0,0.009130379261907802,False
P01612,2025-04-18,Instagram,Entrenamiento,Vídeo corto,0,50163.0,62221.0,2205.0,150,132,109.0,74,39,2596.0,0.05175129079201802,False
P01613,2025-04-18,Facebook,Entrenamiento,Imagen,0,13546.0,19255.0,85.0,5,8,4.0,2,0,102.0,0.0075298981249077215,False
P01614,2025-04-18,TikTok,Patrocinador,Vídeo corto,0,8306.0,9990.0,210.0,15,22,18.0,8,2,265.0,0.0319046472429569,False
P01615,2025-04-19,Instagram,Directo,Vídeo corto,1,27874.0,34283.0,2343.0,189,139,121.0,112,49,2792.0,0.10016502834182392,False
P01616,2025-04-19,Instagram,Directo,Vídeo largo,1,46292.0,65999.0,2479.0,178,156,102.0,102,43,2915.0,0.06296984360148622,False
P01617,2025-04-19,Instagram,Institucional,Vídeo corto,1,32862.0,51818.0,1249.0,104,71,123.0,55,22,1547.0,0.04707564968656807,False
P01618,2025-04-19,Instagram,Fichajes,Vídeo corto,1,40203.0,56153.0,2981.0,232,306,0.0,130,57,3519.0,0.08753078128497874,False
P01619,2025-04-19,Instagram,Resumen,Carrusel,1,37765.0,45814.0,1875.0,160,142,19.0,93,39,2196.0,0.058149079835826824,False
P01620,2025-04-19,X,Directo,Carrusel,1,23087.0,35099.0,537.0,48,52,10.0,25,11,647.0,0.028024429332524796,False
P01621,2025-04-19,X,Afición,Texto,1,17293.0,25732.0,141.0,7,13,9.0,3,1,170.0,0.009830567281559012,False
P01622,2025-04-19,Facebook,Afición,Vídeo corto,1,21764.0,28966.0,236.0,16,12,20.0,9,2,284.0,0.013049071861790112,False
P01623,2025-04-19,Facebook,Directo,Texto,1,19975.0,25181.0,176.0,16,17,7.0,9,4,216.0,0.01081351689612015,False
P01624,2025-04-19,Facebook,Directo,Imagen,1,7079.0,10618.0,60.0,4,4,8.0,1,0,76.0,0.010735979658143806,False
P01625,2025-04-19,TikTok,Resumen,Vídeo corto,1,9754.0,15451.0,1476.0,121,122,157.0,86,20,1876.0,0.1923313512405167,False
P01626,2025-04-20,X,Institucional,Texto,0,23395.0,37181.0,73.0,4,6,8.0,2,1,91.0,0.0038897200256465055,False
P01627,2025-04-20,X,Fichajes,Vídeo largo,0,22450.0,28504.0,307.0,29,34,24.0,14,8,394.0,0.01755011135857461,False
P01628,2025-04-20,Facebook,Institucional,Vídeo corto,0,8364.0,10770.0,67.0,3,4,5.0,1,0,79.0,0.009445241511238642,False
P01629,2025-04-20,Facebook,Fichajes,Texto,0,21489.0,24095.0,177.0,11,10,25.0,6,1,223.0,0.010377402391921448,False
P01630,2025-04-20,YouTube,Efeméride,Vídeo largo,0,9187.0,12139.0,230.0,20,16,13.0,13,2,279.0,0.030368999673451618,False
P01631,2025-04-21,X,Patrocinador,Texto,0,38713.0,45961.0,179.0,9,16,23.0,5,2,227.0,0.00586366336889417,False
P01632,2025-04-21,X,Institucional,Vídeo corto,0,27098.0,33094.0,268.0,24,22,12.0,14,5,326.0,0.01203040814820282,False
P01633,2025-04-21,Facebook,Cantera,Carrusel,0,15022.0,21428.0,178.0,14,10,10.0,7,2,212.0,0.014112634802289975,False
P01634,2025-04-21,Facebook,Fichajes,Carrusel,0,16470.0,26696.0,329.0,25,28,19.0,12,4,401.0,0.02434729811778992,False
P01635,2025-04-22,Instagram,Afición,Carrusel,0,25698.0,41958.0,1735.0,129,111,79.0,66,23,2054.0,0.079928399097206,False
P01636,2025-04-22,Instagram,Institucional,Vídeo corto,0,40621.0,63525.0,1023.0,54,51,72.0,27,10,1200.0,0.029541370227222374,False
P01637,2025-04-22,X,Resumen,Vídeo corto,0,26010.0,32938.0,1010.0,80,71,112.0,51,18,1273.0,0.04894271434063822,False
P01638,2025-04-22,X,Patrocinador,Vídeo corto,0,11747.0,17627.0,146.0,11,16,6.0,6,2,179.0,0.015237933089299396,False
P01639,2025-04-22,X,Cantera,Texto,0,15066.0,19117.0,126.0,11,10,4.0,5,1,151.0,0.010022567370237621,False
P01640,2025-04-22,X,Patrocinador,Vídeo corto,0,13294.0,21608.0,77.0,7,5,8.0,4,1,97.0,0.00729652474800662,False
P01641,2025-04-22,Facebook,Resumen,Imagen,0,13047.0,16303.0,253.0,18,14,36.0,10,2,321.0,0.024603357093584733,False
P01642,2025-04-22,Facebook,Institucional,Vídeo corto,0,8365.0,10273.0,59.0,5,5,5.0,2,1,74.0,0.008846383741781231,False
P01643,2025-04-23,Instagram,Patrocinador,Carrusel,0,24295.0,28295.0,459.0,37,37,37.0,20,9,570.0,0.02346161761679358,False
P01644,2025-04-23,X,Entrenamiento,Imagen,0,14844.0,20480.0,223.0,18,17,16.0,10,2,274.0,0.018458636486122337,False
P01645,2025-04-23,X,Previa,Vídeo corto,0,16312.0,19104.0,364.0,24,22,43.0,14,3,453.0,0.027770966159882296,False
P01646,2025-04-23,Facebook,Previa,Vídeo corto,0,46654.0,76676.0,444.0,24,24,51.0,13,3,543.0,0.011638873408496592,False
P01647,2025-04-23,Facebook,Resumen,Imagen,0,22433.0,30445.0,368.0,20,33,7.0,11,4,428.0,0.01907903534970802,False
P01648,2025-04-23,TikTok,Entrenamiento,Vídeo corto,0,8251.0,12101.0,822.0,53,83,73.0,26,9,1031.0,0.12495455096351957,False
P01649,2025-04-23,YouTube,Resumen,Vídeo largo,0,6463.0,7337.0,125.0,6,12,8.0,3,1,151.0,0.023363762958378463,False
P01650,2025-04-24,Instagram,Previa,Carrusel,0,24808.0,35459.0,1515.0,134,89,91.0,81,28,1829.0,0.07372621734924217,False
P01651,2025-04-24,Facebook,Institucional,Imagen,0,23639.0,34402.0,155.0,12,8,10.0,7,2,185.0,0.007826050171327044,False
P01652,2025-04-24,Facebook,Institucional,Vídeo corto,0,30388.0,36974.0,348.0,20,30,30.0,9,5,428.0,0.014084507042253521,False
P01653,2025-04-25,Instagram,Patrocinador,Vídeo largo,0,23707.0,36486.0,582.0,56,34,67.0,24,15,739.0,0.031172227612097692,False
P01654,2025-04-25,Instagram,Entrenamiento,Carrusel,0,44972.0,73660.0,1684.0,83,85,196.0,41,20,2048.0,0.04553944676687717,False
P01655,2025-04-25,Instagram,Resumen,Imagen,0,42401.0,47837.0,3341.0,331,244,266.0,192,85,4182.0,0.0986297492983656,False
P01656,2025-04-25,Instagram,Directo,Imagen,0,24621.0,31090.0,1584.0,129,129,105.0,57,27,1947.0,0.07907883514073352,False
P01657,2025-04-25,X,Entrenamiento,Imagen,0,38298.0,51033.0,399.0,34,25,27.0,21,7,485.0,0.012663846676066636,False
P01658,2025-04-25,X,Fichajes,Imagen,0,25926.0,29221.0,361.0,27,32,1.0,13,5,421.0,0.01623852503278562,False
P01659,2025-04-25,X,Institucional,Vídeo corto,0,26668.0,30507.0,382.0,20,41,28.0,10,4,471.0,0.017661616919154043,False
P01660,2025-04-25,YouTube,Afición,Vídeo largo,0,5452.0,8565.0,127.0,12,6,9.0,6,3,154.0,0.028246515040352166,False
P01661,2025-04-26,Instagram,Previa,Imagen,1,31584.0,45941.0,758.0,62,36,49.0,21,23,905.0,0.028653748733535968,False
P01662,2025-04-26,Instagram,Directo,Imagen,1,20146.0,23462.0,550.0,44,37,52.0,11,16,683.0,0.03390251166484662,False
P01663,2025-04-26,Instagram,Cantera,Vídeo corto,1,22922.0,32411.0,526.0,41,55,51.0,12,13,673.0,0.029360439752203125,False
P01664,2025-04-26,Instagram,Resumen,Carrusel,1,87212.0,97783.0,3713.0,186,198,526.0,58,71,4623.0,0.05300876026234922,False
P01665,2025-04-26,Instagram,Resumen,Imagen,1,34098.0,40207.0,974.0,95,76,103.0,25,40,1248.0,0.03660038711947915,False
P01666,2025-04-26,X,Resumen,Vídeo corto,1,17647.0,28494.0,349.0,19,31,9.0,6,6,408.0,0.023120077066923556,False
P01667,2025-04-26,X,Fichajes,Carrusel,1,31275.0,46601.0,370.0,30,30,27.0,7,14,457.0,0.014612310151878498,False
P01668,2025-04-26,X,Afición,Vídeo corto,1,52012.0,66739.0,728.0,43,35,77.0,13,15,883.0,0.01697685149580866,False
P01669,2025-04-26,X,Previa,Imagen,1,20361.0,23418.0,111.0,10,9,2.0,3,3,132.0,0.006482982171799027,False
P01670,2025-04-26,X,Directo,Vídeo corto,1,17285.0,22481.0,183.0,10,14,13.0,2,2,220.0,0.012727798669366503,False
P01671,2025-04-26,Facebook,Afición,Vídeo corto,1,12006.0,16752.0,134.0,9,8,17.0,3,3,168.0,0.013993003498250875,False
P01672,2025-04-26,Facebook,Institucional,Carrusel,1,22034.0,26606.0,84.0,5,6,6.0,1,1,101.0,0.004583824997730779,False
P01673,2025-04-26,Facebook,Fichajes,Vídeo corto,1,29450.0,39503.0,521.0,31,45,40.0,7,14,637.0,0.02162988115449915,False
P01674,2025-04-26,Facebook,Institucional,Vídeo corto,1,36503.0,55914.0,226.0,11,11,31.0,2,4,279.0,0.0076432074076103335,False
P01675,2025-04-26,Facebook,Afición,Vídeo corto,1,17003.5,72251.0,558.0,47,38,9.0,12,22,652.0,0.038345046608051284,False
P01676,2025-04-26,YouTube,Efeméride,Vídeo largo,1,11167.0,16462.0,139.0,9,7,19.0,2,3,174.0,0.015581624429121518,False
P01677,2025-04-26,YouTube,Fichajes,Vídeo corto,1,5148.0,7363.0,174.0,16,13,11.0,4,4,214.0,0.04156954156954157,False
P01678,2025-04-27,Instagram,Entrenamiento,Carrusel,0,55732.0,84916.0,2858.0,211,313,280.0,91,59,3662.0,0.06570731357209503,False
P01679,2025-04-27,Instagram,Afición,Carrusel,0,15623.0,24726.0,555.0,47,56,50.0,29,7,708.0,0.04531780067848685,False
P01680,2025-04-27,X,Cantera,Imagen,0,8711.0,10171.0,85.0,6,8,7.0,2,1,106.0,0.012168522557685685,False
P01681,2025-04-27,X,Entrenamiento,Vídeo corto,0,29365.0,42876.0,672.0,64,58,16.0,36,11,810.0,0.027583858334752256,False
P01682,2025-04-27,X,Efeméride,Vídeo corto,0,20153.0,32787.0,359.0,21,20,59.0,11,4,459.0,0.022775765394730314,False
P01683,2025-04-27,X,Cantera,Texto,0,21676.0,30364.0,269.0,23,26,1.0,12,5,319.0,0.014716737405425355,False
P01684,2025-04-27,Facebook,Entrenamiento,Imagen,0,9356.0,13572.0,90.0,6,9,8.0,3,1,113.0,0.012077811030354853,False
P01685,2025-04-27,Facebook,Patrocinador,Carrusel,0,16250.0,21569.0,99.0,6,9,7.0,3,1,121.0,0.007446153846153846,False
P01686,2025-04-27,YouTube,Institucional,Vídeo largo,0,2819.0,4259.0,60.0,4,6,2.0,1,1,72.0,0.02554097197587797,False
P01687,2025-04-28,Instagram,Previa,Vídeo corto,0,31382.0,37383.0,2228.0,157,136,81.0,75,30,2602.0,0.08291377222611689,False
P01688,2025-04-28,Instagram,Cantera,Imagen,0,56812.0,81890.0,1255.0,115,130,80.0,54,29,1580.0,0.02781102583961135,False
P01689,2025-04-28,Instagram,Fichajes,Texto,0,39188.0,62822.0,2490.0,208,145,232.0,134,45,3075.0,0.07846789833622538,False
P01690,2025-04-28,X,Entrenamiento,Texto,0,12659.0,19866.0,97.0,7,7,7.0,3,1,118.0,0.009321431392685046,False
P01691,2025-04-28,Facebook,Cantera,Texto,0,39999.0,21428.0,143.0,9,9,15.0,5,1,176.0,0.004400110002750069,False
P01692,2025-04-30,Instagram,Institucional,Vídeo corto,0,43468.0,58085.0,1101.0,56,64,66.0,31,10,1287.0,0.02960798748504647,False
P01693,2025-04-30,TikTok,Patrocinador,Vídeo corto,0,5081.0,6713.0,265.0,25,25,8.0,14,4,323.0,0.06357016335367054,False
P01694,2025-04-30,TikTok,Afición,Vídeo corto,0,7859.0,11161.0,939.0,77,94,1.0,43,19,1111.0,0.1413665860796539,False
P01695,2025-05-01,Instagram,Patrocinador,Vídeo largo,0,19758.0,24917.0,400.0,24,34,17.0,13,5,475.0,0.02404089482741168,False
P01696,2025-05-01,Instagram,Entrenamiento,Imagen,0,31930.0,39385.0,1397.0,84,72,165.0,55,16,1718.0,0.05380519887253367,False
P01697,2025-05-01,X,Institucional,Imagen,0,25158.0,31911.0,219.0,18,16,10.5,8,3,263.5,0.010473805548930758,False
P01698,2025-05-01,X,Institucional,Imagen,0,12647.0,17004.0,110.0,8,11,0.0,4,2,129.0,0.010200047442081125,False
P01699,2025-05-01,X,Afición,Imagen,0,8173.0,10038.0,87.0,8,5,11.0,4,1,111.0,0.013581304294628655,False
P01700,2025-05-02,X,Resumen,Imagen,0,39271.0,63576.0,572.0,52,32,62.0,21,11,718.0,0.01828321153013674,False
P01701,2025-05-02,Facebook,Entrenamiento,Imagen,0,13446.0,17104.0,85.0,6,5,4.0,3,1,100.0,0.007437156031533542,False
P01702,2025-05-02,YouTube,Fichajes,Vídeo largo,0,9046.0,13892.0,266.0,20,20,14.0,11,3,320.0,0.035374751271280126,False
P01703,2025-05-03,Instagram,Directo,Carrusel,1,95831.0,125064.0,5458.0,520,518,430.0,367,69,6926.0,0.0722730640398201,False
P01704,2025-05-03,Instagram,Entrenamiento,Vídeo corto,1,31185.0,50352.0,1133.0,106,97,31.0,63,15,1367.0,0.0438351771685105,False
P01705,2025-05-03,Instagram,Directo,Imagen,1,36150.0,48819.0,1824.0,153,183,13.0,76,36,2173.0,0.06011065006915629,False
P01706,2025-05-03,X,Previa,Vídeo largo,1,9282.0,12177.0,46.0,3,4,3.0,1,0,56.0,0.006033182503770739,False
P01707,2025-05-03,X,Directo,Imagen,1,23324.0,33602.0,453.0,31,35,19.0,17,5,538.0,0.023066369404904818,False
P01708,2025-05-03,X,Resumen,Texto,1,20102.0,27090.0,353.0,24,35,33.0,16,4,445.0,0.022137100785991442,False
P01709,2025-05-03,Facebook,Patrocinador,Imagen,1,17530.0,23622.0,58.0,4,5,7.0,2,0,74.0,0.004221334854535083,False
P01710,2025-05-03,Facebook,Directo,Texto,1,20380.0,31353.0,184.0,18,11,18.0,10,4,231.0,0.011334641805691855,False
P01711,2025-05-03,Facebook,Resumen,Carrusel,1,17705.0,26502.0,300.0,20,33,21.0,13,3,374.0,0.0211239762778876,False
P01712,2025-05-03,Facebook,Afición,Imagen,1,20819.0,25587.0,373.0,32,25,18.0,19,5,448.0,0.021518804937797203,False
P01713,2025-05-03,TikTok,Afición,Vídeo corto,1,22944.0,34892.0,1506.0,132,92,155.0,80,31,1885.0,0.0821565550906555,False
P01714,2025-05-03,TikTok,Resumen,Vídeo corto,1,12956.0,17149.0,2321.0,185,234,45.0,107,50,2785.0,0.21495832046928065,False
P01715,2025-05-03,TikTok,Resumen,Vídeo corto,1,9810.0,14658.0,702.0,40,67,60.0,22,6,869.0,0.08858307849133537,False
P01716,2025-05-03,TikTok,Previa,Vídeo corto,1,19560.0,27940.0,2183.0,115,226,187.0,66,22,2711.0,0.13859918200408997,False
P01717,2025-05-03,YouTube,Directo,Vídeo largo,1,6846.0,10144.0,268.0,19,23,34.0,12,2,344.0,0.050248320186970494,False
P01718,2025-05-03,YouTube,Directo,Vídeo largo,1,7347.0,8747.0,279.0,16,14,31.0,8,4,340.0,0.046277392132843334,False
P01719,2025-05-04,Instagram,Previa,Vídeo largo,0,26317.0,40150.0,650.0,44,54,36.0,20,13,784.0,0.02979062963103697,False
P01720,2025-05-04,Instagram,Efeméride,Imagen,0,23225.0,37410.0,1839.0,108,180,156.0,63,19,2283.0,0.09829924650161465,False
P01721,2025-05-04,X,Entrenamiento,Vídeo largo,0,29064.0,35174.0,400.0,22,34,9.0,12,5,465.0,0.015999174236168454,False
P01722,2025-05-05,Instagram,Efeméride,Vídeo corto,0,41869.0,68608.0,2033.0,122,193,33.0,59,26,2381.0,0.05686784972175118,False
P01723,2025-05-05,Instagram,Previa,Texto,0,17549.0,25676.0,377.0,32,41,13.0,19,6,463.0,0.02638326970197732,False
P01724,2025-05-05,X,Afición,Texto,0,17406.0,21446.0,265.0,17,21,10.0,10,3,313.0,0.017982304952315294,False
P01725,2025-05-05,TikTok,Entrenamiento,Vídeo corto,0,11620.0,18342.0,883.0,64,44,64.0,37,9,1055.0,0.09079173838209983,False
P01726,2025-05-06,Instagram,Afición,Carrusel,0,19001.0,25437.0,1150.0,64,57,102.0,31,16,1373.0,0.07225935477080153,False
P01727,2025-05-06,Instagram,Efeméride,Vídeo corto,0,24184.0,38675.0,2095.0,171,201,114.0,67,40,2581.0,0.10672345352299041,False
P01728,2025-05-06,Instagram,Efeméride,Texto,0,33859.0,38830.0,773.0,42,84,44.0,21,7,943.0,0.027850792994477097,False
P01729,2025-05-06,X,Cantera,Texto,0,19821.0,26503.0,85.0,5,4,15.0,2,1,109.0,0.0054992180011099335,False
P01730,2025-05-06,X,Directo,Texto,0,16991.0,22655.0,239.0,20,26,17.0,12,3,302.0,0.017774115708316166,False
P01731,2025-05-06,X,Entrenamiento,Imagen,0,15020.0,19291.0,212.0,16,22,0.0,9,3,250.0,0.016644474034620507,False
P01732,2025-05-06,Facebook,Afición,Vídeo corto,0,11033.0,15324.0,264.0,17,18,26.0,7,4,325.0,0.029457083295567843,False
P01733,2025-05-06,Facebook,Afición,Imagen,0,9143.0,13506.0,101.0,7,9,8.0,3,1,125.0,0.013671661380290932,False
P01734,2025-05-06,Facebook,Efeméride,Vídeo corto,0,11443.0,13672.0,149.0,14,8,12.0,8,2,183.0,0.015992309708992396,False
P01735,2025-05-06,TikTok,Entrenamiento,Vídeo corto,0,8387.0,12922.0,571.0,55,38,65.0,25,14,729.0,0.08692023369500418,False
P01736,2025-05-06,YouTube,Cantera,Vídeo corto,0,4254.0,5704.0,108.0,9,8,4.0,5,1,129.0,0.030324400564174896,False
P01737,2025-05-07,Instagram,Resumen,Imagen,0,17241.0,20763.0,898.0,46,47,122.0,20,11,1113.0,0.06455542021924482,False
P01738,2025-05-07,X,Afición,Texto,0,16049.0,22898.0,173.0,13,9,16.0,7,2,211.0,0.013147236587949404,False
P01739,2025-05-07,X,Afición,Texto,0,16413.0,24954.0,183.0,13,11,26.0,7,2,233.0,0.014196064095534028,False
P01740,2025-05-07,X,Fichajes,Vídeo corto,0,22272.0,32591.0,834.0,39,54,45.0,22,9,972.0,0.043642241379310345,False
P01741,2025-05-07,Facebook,Efeméride,Imagen,0,34504.0,54458.0,286.0,21,15,31.0,12,5,353.0,0.0102306978900997,False
P01742,2025-05-07,Facebook,Entrenamiento,Carrusel,0,8071.0,12321.0,81.0,5,7,2.0,2,1,95.0,0.011770536488663115,False
P01743,2025-05-07,Facebook,Patrocinador,Carrusel,0,10915.0,17960.0,55.0,5,4,1.0,2,1,65.0,0.005955107650022904,False
P01744,2025-05-07,TikTok,Entrenamiento,Vídeo corto,0,20320.0,25231.0,2356.0,130,128,354.0,67,22,2968.0,0.14606299212598425,False
P01745,2025-05-08,Instagram,Patrocinador,Imagen,0,35298.0,51998.0,632.0,58,35,33.0,33,10,758.0,0.02147430449317242,False
P01746,2025-05-08,Instagram,Resumen,Imagen,0,16294.0,21547.0,637.0,44,32,48.0,22,10,761.0,0.0467043083343562,False
P01747,2025-05-08,X,Cantera,Vídeo corto,0,39032.0,46363.0,587.0,54,41,36.0,27,10,718.0,0.01839516294322607,False
P01748,2025-05-08,X,Resumen,Texto,0,16554.0,26907.0,163.0,10,12,9.0,5,2,194.0,0.01171922194031654,False
P01749,2025-05-08,X,Entrenamiento,Texto,0,14729.0,21748.0,181.0,13,10,17.0,7,2,221.0,0.01500441306266549,False
P01750,2025-05-08,X,Entrenamiento,Texto,0,13913.0,15980.0,102.0,9,10,3.0,6,1,124.0,0.008912527851649536,False
P01751,2025-05-08,X,Resumen,Imagen,0,23428.0,29645.0,342.0,21,16,31.0,12,3,410.0,0.017500426839679017,False
P01752,2025-05-08,Facebook,Resumen,Vídeo largo,0,18031.0,23373.0,188.0,16,13,3.0,9,3,220.0,0.012201209028894681,False
P01753,2025-05-08,TikTok,Fichajes,Vídeo corto,0,11285.0,15227.0,3121.0,174,330,197.0,97,29,3822.0,0.3386796632698272,False
P01754,2025-05-09,Instagram,Efeméride,Vídeo corto,0,37983.0,51606.0,2443.0,164,215,244.0,95,29,3066.0,0.08072032224942738,False
P01755,2025-05-09,Instagram,Efeméride,Carrusel,0,23212.0,38830.0,549.0,46,36,58.0,20,14,689.0,0.029682922626227813,False
P01756,2025-05-09,X,Cantera,Vídeo corto,0,26220.0,34300.0,580.0,28,39,36.0,13,6,683.0,0.026048817696414952,False
P01757,2025-05-09,X,Cantera,Texto,0,31267.0,35696.0,262.0,14,13,33.0,8,2,322.0,0.010298397671666614,False
P01758,2025-05-09,Facebook,Efeméride,Vídeo corto,0,9242.0,12041.0,155.0,7,12,24.0,4,1,198.0,0.021423934213373727,False
P01759,2025-05-09,Facebook,Entrenamiento,Imagen,0,15828.0,21210.0,84.0,7,6,2.0,2,2,99.0,0.0062547384382107656,False
P01760,2025-05-09,TikTok,Previa,Vídeo corto,0,16363.0,19724.0,775.0,71,56,90.0,39,11,992.0,0.060624579844771743,False
P01761,2025-05-09,TikTok,Patrocinador,Vídeo corto,0,9566.0,12092.0,586.0,55,55,11.0,27,15,707.0,0.0739075893790508,False
P01762,2025-05-10,Instagram,Afición,Imagen,1,25606.0,30254.0,820.0,62,53,46.0,21,21,981.0,0.038311333281262204,False
P01763,2025-05-10,Instagram,Directo,Carrusel,1,35990.0,45684.0,1322.0,132,116,91.0,35,36,1661.0,0.04615170880800222,False
P01764,2025-05-10,Instagram,Afición,Imagen,1,61244.0,91797.0,1856.0,186,177,151.0,53,73,2370.0,0.03869766834302136,False
P01765,2025-05-10,X,Afición,Vídeo corto,1,31305.0,49552.0,551.0,53,43,26.0,21,11,673.0,0.021498163232710428,False
P01766,2025-05-10,X,Directo,Texto,1,30856.0,49568.0,260.0,15,21,10.0,4,4,306.0,0.009917033964220896,False
P01767,2025-05-10,X,Directo,Imagen,1,19369.0,30459.0,433.0,34,32,8.0,10,14,507.0,0.026175848004543343,False
P01768,2025-05-10,X,Fichajes,Texto,1,42197.0,60379.0,778.0,45,56,39.0,16,11,918.0,0.021755101073536034,False
P01769,2025-05-10,X,Directo,Imagen,1,28658.0,36762.0,225.0,11,19,19.0,3,4,274.0,0.009561030078861051,False
P01770,2025-05-10,Facebook,Previa,Texto,1,12694.0,16907.0,45.0,2,3,5.0,0,0,55.0,0.004332755632582322,False
P01771,2025-05-10,Facebook,Efeméride,Vídeo corto,1,25993.0,35669.0,172.0,9,18,20.0,1,3,219.0,0.008425345285269111,False
P01772,2025-05-10,TikTok,Afición,Vídeo corto,1,17147.0,26497.0,1925.0,145,134,57.0,53,34,2261.0,0.13185980054820085,False
P01773,2025-05-10,YouTube,Resumen,Vídeo largo,1,7812.0,8763.0,197.0,14,15,11.0,4,5,237.0,0.030337941628264208,False
P01774,2025-05-11,X,Entrenamiento,Vídeo corto,0,12071.0,15288.0,163.0,9,15,5.0,5,1,192.0,0.01590589014994615,False
P01775,2025-05-11,X,Directo,Texto,0,15721.0,18298.0,254.0,13,15,18.0,6,2,300.0,0.019082755549901406,False
P01776,2025-05-11,Facebook,Entrenamiento,Carrusel,0,16300.0,20008.0,133.0,8,7,7.0,4,1,155.0,0.00950920245398773,False
P01777,2025-05-11,Facebook,Entrenamiento,Carrusel,0,16608.0,19654.0,268.0,22,13,22.0,15,4,325.0,0.01956888246628131,False
P01778,2025-05-11,Facebook,Resumen,Carrusel,0,10386.0,13565.0,143.0,9,15,13.0,4,2,180.0,0.01733102253032929,False
P01779,2025-05-11,YouTube,Cantera,Vídeo largo,0,6446.0,9006.0,81.0,7,8,3.0,4,1,99.0,0.015358361774744027,False
P01780,2025-05-12,X,Patrocinador,Vídeo corto,0,16040.0,24142.0,140.0,13,8,7.0,6,3,168.0,0.010473815461346634,False
P01781,2025-05-12,X,Entrenamiento,Carrusel,0,14885.0,20062.0,224.5,10,9,11.0,5,2,254.5,0.017097749412159892,False
P01782,2025-05-12,Facebook,Cantera,Vídeo corto,0,18641.0,22115.0,314.0,27,31,24.0,13,7,396.0,0.021243495520626574,False
P01783,2025-05-13,Instagram,Entrenamiento,Vídeo corto,0,21436.0,26205.0,1277.0,103,141,82.0,52,29,1603.0,0.07478074267587237,False
P01784,2025-05-13,Facebook,Cantera,Vídeo corto,0,17337.0,20014.0,184.0,13,20,17.0,7,3,234.0,0.013497144834746497,False
P01785,2025-05-13,YouTube,Afición,Vídeo largo,0,6783.5,7842.0,148.0,13,10,10.0,9,1,181.0,0.026682391096041865,False
P01786,2025-05-14,Instagram,Directo,Imagen,0,52737.0,75699.0,3049.0,219,305,216.0,128,56,3789.0,0.07184709027817282,False
P01787,2025-05-15,Instagram,Entrenamiento,Carrusel,0,53789.0,65752.0,2107.0,148,156,71.0,82,37,2482.0,0.04614326349253565,False
P01788,2025-05-15,X,Previa,Imagen,0,11372.0,12949.0,177.0,15,13,4.0,8,2,209.0,0.01837847344354555,False
P01789,2025-05-15,TikTok,Resumen,Vídeo corto,0,5154.0,8092.0,994.0,64,100,51.0,39,13,1209.0,0.23457508731082655,False
P01790,2025-05-15,TikTok,Patrocinador,Vídeo corto,0,14386.0,22311.0,556.0,38,32,28.0,15,7,654.0,0.04546086472959822,False
P01791,2025-05-16,Instagram,Institucional,Carrusel,0,35414.0,46075.0,978.0,79,80,105.0,45,14,1242.0,0.035070875924775514,False
P01792,2025-05-16,X,Institucional,Imagen,0,26366.0,37820.0,213.0,13,21,22.0,7,2,269.0,0.010202533565956155,False
P01793,2025-05-16,X,Patrocinador,Texto,0,22829.0,31383.0,73.0,5,5,9.0,3,0,92.0,0.004029961890577774,False
P01794,2025-05-16,Facebook,Afición,Imagen,0,45060.0,68033.0,331.0,20,27,23.0,11,4,401.0,0.008899245450510431,False
P01795,2025-05-17,Instagram,Previa,Imagen,1,43407.0,50828.0,3073.0,243,178,177.0,140,37,3671.0,0.08457161287349967,False
P01796,2025-05-17,Instagram,Resumen,Texto,1,27718.0,40969.0,1085.0,83,94,110.0,35,28,1372.0,0.04949852081679775,False
P01797,2025-05-17,Instagram,Previa,Vídeo corto,1,44782.0,62839.0,1955.0,103,187,196.0,50,23,2441.0,0.05450850788263142,False
P01798,2025-05-17,Instagram,Patrocinador,Vídeo largo,1,96421.0,133764.0,1204.0,110,97,71.0,46,39,1482.0,0.015370095726034785,False
P01799,2025-05-17,X,Institucional,Texto,1,13726.0,16056.0,78.0,5,6,2.0,1,1,91.0,0.006629753752003497,False
P01800,2025-05-17,X,Fichajes,Vídeo corto,1,49871.0,75747.0,3236.0,272,262,27.0,134,76,3797.0,0.07613643199454592,True
P01801,2025-05-17,Facebook,Previa,Carrusel,1,24478.0,36386.0,125.0,9,10,12.0,4,2,156.0,0.006373069695236539,False
P01802,2025-05-17,Facebook,Institucional,Vídeo largo,1,34097.0,55063.0,88.0,5,9,6.0,2,1,108.0,0.003167434085110127,False
P01803,2025-05-17,Facebook,Directo,Vídeo corto,1,10667.0,12742.0,231.0,14,24,18.0,7,2,287.0,0.026905409205962315,False
P01804,2025-05-17,Facebook,Previa,Carrusel,1,15718.0,19425.0,194.0,16,16,17.0,7,3,243.0,0.015459982186028757,False
P01805,2025-05-17,Facebook,Directo,Vídeo corto,1,14197.0,17475.0,376.0,22,21,52.0,10,7,471.0,0.03317602310347256,False
P01806,2025-05-17,TikTok,Patrocinador,Vídeo corto,1,34156.0,41460.0,1199.0,59,69,68.0,24,12,1395.0,0.040842018971776556,False
P01807,2025-05-17,YouTube,Efeméride,Vídeo largo,1,5873.0,8054.0,74.0,5,8,4.0,2,1,91.0,0.015494636471990465,False
P01808,2025-05-18,X,Cantera,Texto,0,20259.0,26562.0,105.0,7,5,10.0,3,2,127.0,0.006268818796584234,False
P01809,2025-05-18,X,Patrocinador,Texto,0,21625.0,29445.0,84.0,4,6,13.0,1,0,107.0,0.004947976878612717,False
P01810,2025-05-18,Facebook,Efeméride,Texto,0,8583.0,11597.0,46.0,4,2,7.0,2,0,59.0,0.006874053361295584,False
P01811,2025-05-19,Facebook,Institucional,Vídeo corto,0,11456.0,14000.0,58.0,5,4,4.0,2,1,71.0,0.006197625698324023,False
P01812,2025-05-19,Facebook,Fichajes,Texto,0,13812.0,21910.0,169.0,12,15,2.0,5,3,198.0,0.014335360556038228,False
P01813,2025-05-19,Facebook,Previa,Texto,0,9017.0,22474.0,70.0,4,4,6.0,1,1,84.0,0.009315736941333037,False
P01814,2025-05-19,Facebook,Patrocinador,Vídeo corto,0,16856.0,24396.0,86.0,8,8,5.0,4,1,107.0,0.006347887992406265,False
P01815,2025-05-19,Facebook,Afición,Vídeo corto,0,15425.0,19087.0,198.0,10,16,26.0,4,2,250.0,0.01620745542949757,False
P01816,2025-05-20,Instagram,Institucional,Imagen,0,17880.0,20401.0,422.0,32,25,31.0,13,11,510.0,0.028523489932885907,False
P01817,2025-05-20,X,Afición,Imagen,0,29532.0,45441.0,473.0,39,35,15.0,22,6,562.0,0.01903020452390627,False
P01818,2025-05-20,X,Efeméride,Texto,0,9666.0,14753.0,109.0,6,11,4.0,2,1,130.0,0.013449203393337472,False
P01819,2025-05-20,X,Fichajes,Texto,0,34670.0,49299.0,649.0,47,49,14.0,26,10,759.0,0.021892125757138736,False
P01820,2025-05-20,X,Cantera,Texto,0,15747.0,25107.0,139.0,12,7,13.0,5,2,171.0,0.010859211278338731,False
P01821,2025-05-20,TikTok,Entrenamiento,Vídeo corto,0,7638.0,10915.0,1045.0,75,113,51.0,39,19,1284.0,0.1681068342498036,False
P01822,2025-05-20,TikTok,Entrenamiento,Vídeo corto,0,15626.0,19756.0,1510.0,118,83,55.0,62,27,1766.0,0.11301676692691667,False
P01823,2025-05-21,Instagram,Entrenamiento,Vídeo corto,0,20923.0,33373.0,1017.0,64,89,35.0,36,16,1205.0,0.05759212350045405,False
P01824,2025-05-21,Instagram,Fichajes,Vídeo largo,0,32208.0,52828.0,1794.0,168,183,76.0,63,58,2221.0,0.06895802285146548,False
P01825,2025-05-21,Instagram,Patrocinador,Carrusel,0,19588.0,24067.0,437.0,35,24,18.0,18,5,514.0,0.026240555442107412,False
P01826,2025-05-21,Instagram,Entrenamiento,Imagen,0,18073.0,28130.0,768.0,58,57,81.0,30,11,964.0,0.05333923532341061,False
P01827,2025-05-21,Instagram,Fichajes,Vídeo corto,0,90390.0,146899.0,8167.0,657,669,343.0,445,103,9836.0,0.108817347051665,False
P01828,2025-05-21,X,Previa,Imagen,0,11408.0,14593.0,139.0,13,9,9.0,7,2,170.0,0.014901823281907433,False
P01829,2025-05-21,X,Entrenamiento,Vídeo corto,0,13434.0,20596.0,199.0,11,10,17.0,6,2,237.0,0.017641804376953996,False
P01830,2025-05-21,Facebook,Fichajes,Carrusel,0,47198.0,62979.0,552.0,45,60,25.0,25,8,682.0,0.014449764820543243,False
P01831,2025-05-21,Facebook,Patrocinador,Imagen,0,21233.0,30901.0,83.0,6,9,7.0,3,1,105.0,0.004945132576649555,False
P01832,2025-05-21,TikTok,Institucional,Vídeo corto,0,15337.0,18852.0,979.0,90,104,49.0,56,12,1222.0,0.07967659907413445,False
P01833,2025-05-22,X,Entrenamiento,Vídeo corto,0,41470.0,54272.0,620.0,45,31,41.0,23,8,737.0,0.017771883289124667,False
P01834,2025-05-22,X,Cantera,Imagen,0,23050.0,29284.0,169.0,14,9,16.0,7,3,208.0,0.009023861171366594,False
P01835,2025-05-22,Facebook,Entrenamiento,Vídeo corto,0,11049.0,12971.0,103.0,8,8,6.0,4,1,125.0,0.011313241017286632,False
P01836,2025-05-22,Facebook,Afición,Imagen,0,22856.0,26292.0,256.0,15,23,8.0,8,3,302.0,0.013213160658032902,False
P01837,2025-05-22,Facebook,Resumen,Carrusel,0,7685.0,11397.0,132.0,7,10,8.0,3,2,157.0,0.020429407937540663,False
P01838,2025-05-22,Facebook,Cantera,Vídeo corto,0,18348.0,22369.0,196.0,15,22,18.0,7,3,251.0,0.013679965118814039,False
P01839,2025-05-22,YouTube,Efeméride,Vídeo largo,0,4017.0,5193.0,88.0,6,7,8.0,3,1,109.0,0.027134677620114515,False
P01840,2025-05-23,X,Previa,Vídeo corto,0,25682.0,33281.0,384.0,23,25,40.0,13,3,472.0,0.018378630947745504,False
P01841,2025-05-23,X,Efeméride,Imagen,0,17483.0,23226.0,144.0,10,12,18.0,5,2,184.0,0.01052450952353715,False
P01842,2025-05-23,X,Cantera,Vídeo corto,0,14191.0,19213.0,98.0,5,5,15.0,3,0,123.0,0.008667465294905221,False
P01843,2025-05-24,Instagram,Resumen,Imagen,1,22451.0,29911.0,911.0,53,54,67.0,25,16,1085.0,0.048327468709634315,False
P01844,2025-05-24,Instagram,Patrocinador,Carrusel,1,46012.0,61401.0,708.0,41,59,97.0,19,7,905.0,0.019668782056854732,False
P01845,2025-05-24,Instagram,Efeméride,Texto,1,38528.0,51108.0,996.0,70,49,66.0,36,18,1181.0,0.030653031561461794,False
P01846,2025-05-24,X,Afición,Texto,1,26204.0,30016.0,248.0,21,24,16.0,9,7,309.0,0.011792092810257976,False
P01847,2025-05-24,Facebook,Fichajes,Carrusel,1,43232.0,58447.0,704.0,40,76,42.0,17,10,862.0,0.019938934122871947,False
P01848,2025-05-24,Facebook,Directo,Texto,1,19227.0,29071.0,119.0,12,8,12.0,4,3,151.0,0.007853539293701566,False
P01849,2025-05-24,Facebook,Resumen,Carrusel,1,36113.0,58926.0,467.0,38,38,18.0,18,10,561.0,0.015534572037770332,False
P01850,2025-05-24,Facebook,Directo,Imagen,1,35706.0,53668.0,296.0,16,14,19.0,7,3,345.0,0.009662241640060494,False
P01851,2025-05-24,Facebook,Afición,Vídeo corto,1,22133.0,32568.0,329.0,24,30,15.0,14,3,398.0,0.01798219852708625,False
P01852,2025-05-24,Facebook,Institucional,Texto,1,12302.0,14709.0,33.0,2,2,5.0,0,0,42.0,0.0034140790115428387,False
P01853,2025-05-24,TikTok,Institucional,Vídeo corto,1,12141.0,15977.0,609.0,36,46,59.0,15,10,750.0,0.06177415369409439,False
P01854,2025-05-24,TikTok,Institucional,Vídeo corto,1,16338.0,24307.0,610.0,39,38,65.0,17,12,752.0,0.04602766556494063,False
P01855,2025-05-24,YouTube,Resumen,Vídeo largo,1,13918.0,19798.0,302.0,26,24,34.0,12,5,386.0,0.027733869808880585,False
P01856,2025-05-24,YouTube,Resumen,Vídeo largo,1,5376.0,6798.0,103.0,6,6,18.0,2,1,133.0,0.024739583333333332,False
P01857,2025-05-24,YouTube,Previa,Vídeo largo,1,8044.0,10032.0,183.0,11,20,15.0,5,2,229.0,0.02846842366981601,False
P01858,2025-05-25,Facebook,Entrenamiento,Vídeo corto,0,15602.0,20773.0,256.0,17,15,36.0,9,4,324.0,0.02076656838866812,False
P01859,2025-05-25,Facebook,Previa,Vídeo corto,0,15562.0,18537.0,123.0,9,11,9.0,5,1,152.0,0.009767382084564966,False
P01860,2025-05-25,Facebook,Entrenamiento,Vídeo corto,0,12124.0,16888.0,100.0,5,6,10.0,2,0,121.0,0.00998020455295282,False
P01861,2025-05-25,TikTok,Cantera,Vídeo corto,0,8276.0,12712.0,565.0,37,60,22.0,19,11,684.0,0.08264862252295795,False
P01862,2025-05-26,Instagram,Resumen,Imagen,0,12678.0,16954.0,638.0,57,59,44.0,32,15,798.0,0.06294368196876479,False
P01863,2025-05-26,X,Fichajes,Vídeo corto,0,15894.0,19279.0,472.0,33,30,31.0,18,6,566.0,0.03561092236063924,False
P01864,2025-05-26,X,Fichajes,Vídeo corto,0,32680.0,38724.0,1234.0,86,116,19.0,45,24,1455.0,0.04452264381884945,False
P01865,2025-05-26,X,Resumen,Imagen,0,19445.0,25490.0,267.0,23,23,12.0,12,4,325.0,0.01671380817690923,False
P01866,2025-05-26,X,Fichajes,Imagen,0,17622.0,26037.0,533.0,46,35,43.0,29,8,657.0,0.0372829417773238,False
P01867,2025-05-26,Facebook,Entrenamiento,Carrusel,0,17785.0,26830.0,216.0,14,18,11.0,8,2,259.0,0.014562833848748945,False
P01868,2025-05-26,TikTok,Cantera,Vídeo corto,0,7720.0,12237.0,578.0,29,42,24.0,14,9,673.0,0.0871761658031088,False
P01869,2025-05-26,YouTube,Institucional,Vídeo largo,0,9238.0,11872.0,102.0,7,10,2.0,4,1,121.0,0.013098073176012123,False
P01870,2025-05-26,YouTube,Patrocinador,Vídeo largo,0,4452.0,6342.0,35.0,2,2,5.0,1,0,44.0,0.009883198562443846,False
P01871,2025-05-27,Instagram,Efeméride,Imagen,0,18434.0,25664.0,691.0,39,36,81.0,17,10,847.0,0.045947705327112946,False
P01872,2025-05-27,X,Entrenamiento,Texto,0,12714.0,17264.0,118.0,5,6,12.0,2,1,141.0,0.011090136857008022,False
P01873,2025-05-27,X,Efeméride,Texto,0,47617.0,56799.0,306.0,14,30,12.0,8,3,362.0,0.007602326900056702,False
P01874,2025-05-27,Facebook,Fichajes,Vídeo corto,0,21167.0,24640.0,445.0,27,23,24.0,18,4,519.0,0.024519298908678603,False
P01875,2025-05-27,Facebook,Institucional,Carrusel,0,12750.0,18757.0,97.0,8,5,7.0,3,2,117.0,0.009176470588235295,False
P01876,2025-05-28,Instagram,Previa,Imagen,0,35230.0,46001.0,1237.0,111,127,0.0,64,24,1475.0,0.04186772636957139,False
P01877,2025-05-28,Instagram,Institucional,Imagen,0,26965.0,37011.0,466.0,33,50,9.0,19,6,558.0,0.0206934915631374,False
P01878,2025-05-28,YouTube,Entrenamiento,Vídeo corto,0,8907.0,11123.0,355.0,29,35,1.0,13,9,420.0,0.04715392388009431,False
P01879,2025-05-29,Instagram,Previa,Imagen,0,16855.0,27733.0,511.0,33,52,9.0,17,6,605.0,0.03589439335508751,False
P01880,2025-05-29,Facebook,Entrenamiento,Imagen,0,12304.0,14597.0,89.0,8,7,9.0,4,1,113.0,0.009184005201560468,False
P01881,2025-05-29,Facebook,Entrenamiento,Vídeo corto,0,15346.0,20661.0,130.0,7,10,11.0,3,1,158.0,0.010295842564837742,False
P01882,2025-05-30,X,Efeméride,Imagen,0,8843.0,11154.0,126.0,11,13,5.0,5,3,155.0,0.01752798823928531,False
P01883,2025-05-30,X,Afición,Vídeo corto,0,11384.0,16344.0,274.0,17,20,34.0,10,3,345.0,0.030305692199578356,False
P01884,2025-05-30,X,Efeméride,Imagen,0,40101.0,60711.0,601.0,34,52,16.0,20,5,703.0,0.01753073489439166,False
P01885,2025-05-30,Facebook,Patrocinador,Carrusel,0,13829.0,17524.0,65.0,4,4,7.0,1,0,80.0,0.005784944681466483,False
P01886,2025-05-30,YouTube,Previa,Vídeo corto,0,4298.0,5070.0,93.0,8,10,7.0,5,1,118.0,0.027454630060493253,False
P01887,2025-05-30,YouTube,Afición,Vídeo largo,0,12867.0,19776.0,223.0,14,13,31.0,5,3,281.0,0.02183881246599829,False
P01888,2025-05-30,YouTube,Entrenamiento,Vídeo largo,0,4861.0,5631.0,100.0,6,6,14.0,3,0,126.0,0.025920592470685046,False
P01889,2025-05-31,Instagram,Resumen,Carrusel,1,27936.0,35384.0,3294.0,249,242,195.0,131,50,3980.0,0.1424684994272623,False
P01890,2025-05-31,Instagram,Efeméride,Vídeo corto,1,32987.0,52491.0,2286.0,199,177,173.0,98,49,2835.0,0.08594294722163276,False
P01891,2025-05-31,Instagram,Directo,Imagen,1,129593.0,165587.0,7763.0,497,476,360.0,253,120,9096.0,0.07018897625643361,False
P01892,2025-05-31,X,Previa,Imagen,1,16890.0,20426.0,118.0,8,10,14.0,3,2,150.0,0.008880994671403197,False
P01893,2025-05-31,X,Previa,Vídeo corto,1,26300.0,43106.0,565.0,43,35,52.0,22,9,695.0,0.026425855513307984,False
P01894,2025-05-31,X,Cantera,Texto,1,28025.0,45491.0,125.0,11,10,6.0,6,2,152.0,0.005423728813559322,False
P01895,2025-05-31,X,Resumen,Imagen,1,64183.0,103979.0,1119.0,63,82,57.0,35,11,1321.0,0.020581773989997353,False
P01896,2025-05-31,X,Previa,Texto,1,46934.0,74265.0,295.0,19,29,23.0,8,3,366.0,0.007798184684876635,False
P01897,2025-05-31,Facebook,Resumen,Carrusel,1,19777.0,25296.0,246.0,15,26,21.0,7,4,308.0,0.015573646154624058,False
P01898,2025-05-31,Facebook,Patrocinador,Vídeo corto,1,22406.0,34849.0,135.0,9,12,11.0,5,1,167.0,0.007453360706953495,False
P01899,2025-05-31,TikTok,Entrenamiento,Vídeo corto,1,39670.0,61186.0,2641.0,219,258,0.0,124,58,3118.0,0.07859843710612553,False
P01900,2025-05-31,TikTok,Patrocinador,Vídeo corto,1,4783.0,5615.0,213.0,21,21,16.0,10,5,271.0,0.05665900062722141,False
P01901,2025-05-31,TikTok,Directo,Vídeo corto,1,20757.0,29837.0,2876.0,172,151,172.0,96,36,3371.0,0.16240304475598594,False
P01902,2025-06-01,Instagram,Institucional,Imagen,0,39938.0,56400.0,1398.0,95,92,74.0,44,27,1659.0,0.04153938604837498,False
P01903,2025-06-01,Instagram,Entrenamiento,Imagen,0,168853.0,216858.0,6495.0,540,455,66.0,294,123,7556.0,0.04474898284306468,False
P01904,2025-06-01,Instagram,Patrocinador,Imagen,0,29214.0,42035.0,583.0,40,58,8.0,24,6,689.0,0.02358458273430547,False
P01905,2025-06-01,X,Patrocinador,Imagen,0,18181.0,20404.0,120.0,8,7,10.0,3,2,145.0,0.007975358891150102,False
P01906,2025-06-01,Facebook,Institucional,Vídeo corto,0,11878.0,16460.0,64.0,5,6,3.0,3,0,78.0,0.006566762081158444,False
P01907,2025-06-01,Facebook,Efeméride,Vídeo corto,0,28279.0,41176.0,232.0,13,26,25.0,6,3,296.0,0.010467131086672089,False
P01908,2025-06-01,Facebook,Institucional,Vídeo corto,0,23934.0,30227.0,101.0,8,7,8.0,4,1,124.0,0.005180914180663491,False
P01909,2025-06-01,Facebook,Patrocinador,Carrusel,0,31583.0,37453.0,227.0,15,20,5.0,9,2,267.0,0.008453915080897951,False
P01910,2025-06-02,Instagram,Previa,Carrusel,0,24423.0,28005.0,835.0,58,87,5.0,34,13,985.0,0.04033083568767146,False
P01911,2025-06-02,X,Previa,Texto,0,29168.0,46076.0,272.0,23,14,29.0,13,4,338.0,0.011588041689522764,False
P01912,2025-06-02,Facebook,Patrocinador,Imagen,0,19694.0,32334.0,96.0,4,5,14.0,1,0,119.0,0.0060424494769980705,False
P01913,2025-06-02,Facebook,Efeméride,Imagen,0,14735.0,23484.0,118.0,7,7,12.0,3,1,144.0,0.009772650152697659,False
P01914,2025-06-02,Facebook,Patrocinador,Vídeo largo,0,17218.0,20560.0,73.0,4,7,9.0,2,1,93.0,0.0054013241956092466,False
P01915,2025-06-03,Instagram,Fichajes,Imagen,0,24894.0,28624.0,1600.0,115,167,17.0,56,33,1899.0,0.07628344179320318,False
P01916,2025-06-03,Instagram,Entrenamiento,Vídeo largo,0,26198.0,36793.0,902.0,81,54,60.0,44,21,1097.0,0.04187342545232461,False
P01917,2025-06-03,X,Patrocinador,Texto,0,18988.0,25483.0,93.0,9,9,7.0,4,2,118.0,0.0062144512323572786,False
P01918,2025-06-03,X,Entrenamiento,Imagen,0,12067.0,18513.0,194.0,13,18,2.0,7,3,227.0,0.01881163503770614,False
P01919,2025-06-03,Facebook,Fichajes,Imagen,0,12967.0,19192.0,259.0,24,16,31.0,11,6,330.0,0.025449217243772655,False
P01920,2025-06-03,TikTok,Fichajes,Vídeo corto,0,8756.0,10777.0,1042.0,59,92,90.0,31,13,1283.0,0.14652809502055733,False
P01921,2025-06-03,TikTok,Cantera,Vídeo corto,0,8941.0,13938.0,768.0,60,50,47.0,33,11,925.0,0.10345598926294598,False
P01922,2025-06-03,YouTube,Institucional,Vídeo largo,0,12276.0,18507.0,120.0,9,8,9.0,4,1,146.0,0.011893124796350603,False
P01923,2025-06-04,Instagram,Efeméride,Carrusel,0,51362.0,81748.0,2339.0,182,249,12.0,95,39,2782.0,0.054164557454927764,False
P01924,2025-06-04,X,Afición,Imagen,0,35256.0,40846.0,465.0,41,38,29.0,21,11,573.0,0.016252552756977536,False
P01925,2025-06-04,X,Patrocinador,Imagen,0,33864.0,45373.0,196.0,13,11,15.0,6,2,235.0,0.006939522797070635,False
P01926,2025-06-04,X,Entrenamiento,Texto,0,40717.0,57614.0,343.0,23,28,5.0,15,3,399.0,0.00979934671021932,False
P01927,2025-06-04,X,Institucional,Texto,0,16835.0,23578.0,65.0,5,5,8.0,3,1,83.0,0.00493020493020493,False
P01928,2025-06-04,X,Patrocinador,Imagen,0,26233.0,37206.0,129.0,12,11,3.0,6,2,155.0,0.005908588419166698,False
P01929,2025-06-04,Facebook,Previa,Texto,0,11893.0,15219.0,61.0,3,4,9.0,1,0,77.0,0.006474396703943496,False
P01930,2025-06-04,Facebook,Afición,Carrusel,0,7715.0,9970.0,114.0,10,9,8.0,5,1,141.0,0.018276085547634477,False
P01931,2025-06-04,YouTube,Entrenamiento,Vídeo largo,0,12462.0,17902.0,218.0,15,11,25.0,7,3,269.0,0.021585620285668433,False
P01932,2025-06-04,YouTube,Afición,Vídeo corto,0,3145.0,4059.0,88.0,8,7,6.0,4,1,109.0,0.03465818759936407,False
P01933,2025-06-05,X,Entrenamiento,Texto,0,17562.0,26526.0,203.0,18,17,0.0,8,3,238.0,0.013551987245188475,False
P01934,2025-06-05,YouTube,Entrenamiento,Vídeo largo,0,7828.0,11977.0,196.0,17,16,20.0,9,5,249.0,0.03180889115993868,False
P01935,2025-06-06,Instagram,Afición,Vídeo corto,0,44678.0,58484.0,2924.0,184,186,248.0,96,56,3542.0,0.07927839204977842,False
P01936,2025-06-06,X,Previa,Vídeo corto,0,23965.0,39261.0,460.0,27,37,36.0,15,6,560.0,0.023367410807427498,False
P01937,2025-06-06,Facebook,Entrenamiento,Vídeo corto,0,9693.0,14392.0,140.0,13,10,9.0,5,4,172.0,0.01774476426287011,False
P01938,2025-06-06,Facebook,Previa,Carrusel,0,14615.0,17565.0,250.0,15,22,22.0,6,3,309.0,0.021142661648990764,False
P01939,2025-06-06,TikTok,Entrenamiento,Vídeo corto,0,6512.0,9595.0,625.0,56,35,50.0,30,16,766.0,0.11762899262899262,False
P01940,2025-06-06,YouTube,Previa,Vídeo largo,0,3466.0,4203.0,57.0,3,3,9.0,1,0,72.0,0.0207732256203116,False
P01941,2025-06-07,Instagram,Resumen,Imagen,1,34092.0,43212.0,2258.0,145,120,298.0,83,34,2821.0,0.08274668543939927,False
P01942,2025-06-07,Instagram,Resumen,Carrusel,1,68027.0,81038.0,2596.0,196,160,262.0,106,53,3214.0,0.04724594646243403,False
P01943,2025-06-07,Instagram,Institucional,Vídeo corto,1,53199.0,60228.0,2442.0,220,127,247.0,112,38,3036.0,0.057068741893644616,False
P01944,2025-06-07,Instagram,Previa,Carrusel,1,31100.0,45980.0,1195.0,82,80,137.0,48,18,1494.0,0.04803858520900321,False
P01945,2025-06-07,X,Directo,Imagen,1,27921.0,37865.0,422.0,40,24,42.0,24,6,528.0,0.018910497475018804,False
P01946,2025-06-07,X,Cantera,Texto,1,71438.0,88440.0,587.0,30,59,51.0,16,6,727.0,0.010176656681318065,False
P01947,2025-06-07,X,Directo,Texto,1,13666.0,15426.0,195.0,12,14,12.0,6,3,233.0,0.017049612176203717,False
P01948,2025-06-07,X,Previa,Imagen,1,48278.0,60871.0,705.0,56,54,28.0,29,11,843.0,0.017461369567919136,False
P01949,2025-06-07,X,Previa,Imagen,1,14734.0,22845.0,290.0,23,24,25.0,9,6,362.0,0.024569024026062168,False
P01950,2025-06-07,Facebook,Resumen,Carrusel,1,9585.0,11515.0,111.0,8,6,13.0,4,2,138.0,0.014397496087636933,False
P01951,2025-06-07,TikTok,Previa,Vídeo corto,1,7293.0,8853.0,725.0,66,44,68.0,33,19,903.0,0.12381735911147676,False
P01952,2025-06-07,YouTube,Patrocinador,Vídeo largo,1,4141.0,5632.0,30.0,2,3,2.0,0,0,37.0,0.008935039845447959,False
P01953,2025-06-07,YouTube,Afición,Vídeo corto,1,4119.0,6315.0,205.0,18,16,7.0,9,4,246.0,0.05972323379461034,False
P01954,2025-06-07,YouTube,Fichajes,Vídeo largo,1,7991.0,10311.0,310.0,18,23,23.0,9,5,374.0,0.04680265298460768,False
P01955,2025-06-07,YouTube,Afición,Vídeo largo,1,8731.0,13321.0,320.0,16,31,38.0,9,3,405.0,0.046386439124957046,False
P01956,2025-06-08,X,Afición,Texto,0,13854.0,21812.0,129.0,10,7,5.0,5,2,151.0,0.01089937924065252,False
P01957,2025-06-08,X,Cantera,Imagen,0,18684.0,28920.0,169.0,13,12,20.0,7,2,214.0,0.011453650181973881,False
P01958,2025-06-08,YouTube,Resumen,Vídeo corto,0,4062.0,5515.0,277.0,21,30,20.0,11,4,348.0,0.08567208271787297,False
P01959,2025-06-08,YouTube,Previa,Vídeo largo,0,4919.0,5535.0,83.0,7,7,1.0,3,1,98.0,0.019922748526123194,False
P01960,2025-06-08,YouTube,Entrenamiento,Vídeo corto,0,5563.0,6942.0,180.0,14,14,16.0,7,3,224.0,0.04026604350170771,False
P01961,2025-06-09,Instagram,Efeméride,Imagen,0,72199.0,104173.0,2375.0,227,170,262.0,121,45,3034.0,0.042022742697267274,False
P01962,2025-06-09,X,Patrocinador,Vídeo corto,0,31309.0,41402.0,283.0,15,22,20.0,6,3,340.0,0.010859497269155834,False
P01963,2025-06-09,YouTube,Efeméride,Vídeo largo,0,5854.0,7533.0,133.0,10,7,17.0,5,2,167.0,0.02852750256235053,False
P01964,2025-06-10,Instagram,Patrocinador,Imagen,0,34035.0,52529.0,542.0,41,41,58.0,21,12,682.0,0.020038195974731894,False
P01965,2025-06-10,Instagram,Cantera,Vídeo corto,0,37820.0,55313.0,1797.0,106,164,53.0,59,24,2120.0,0.05605499735589635,False
P01966,2025-06-10,Instagram,Entrenamiento,Imagen,0,40622.0,56115.0,2783.0,178,202,156.0,88,51,3319.0,0.08170449510117671,False
P01967,2025-06-10,X,Fichajes,Imagen,0,11064.0,13547.0,359.0,25,32,34.0,14,4,450.0,0.04067245119305857,False
P01968,2025-06-10,X,Entrenamiento,Imagen,0,27507.0,33425.0,214.0,11,11,16.0,5,3,252.0,0.009161304395244848,False
P01969,2025-06-10,TikTok,Cantera,Vídeo corto,0,6747.0,8242.0,502.0,38,33,12.0,18,8,585.0,0.08670520231213873,False
P01970,2025-06-11,Instagram,Entrenamiento,Vídeo corto,0,23336.0,30920.0,1016.0,90,85,102.0,47,26,1293.0,0.05540795337675694,False
P01971,2025-06-11,Instagram,Afición,Imagen,0,30801.0,45413.0,2191.0,168,174,243.0,82,32,2776.0,0.09012694393039188,False
P01972,2025-06-11,X,Previa,Imagen,0,9557.0,13054.0,124.0,12,7,16.0,7,1,159.0,0.01663701998535105,False
P01973,2025-06-11,X,Fichajes,Texto,0,23489.0,36007.0,350.0,25,24,29.0,12,6,428.0,0.018221295074290093,False
P01974,2025-06-11,X,Entrenamiento,Vídeo corto,0,50076.0,71430.0,904.0,79,57,73.0,43,19,1113.0,0.022226216151449797,False
P01975,2025-06-11,X,Previa,Texto,0,56830.0,72497.0,678.0,41,51,70.0,21,7,840.0,0.014780925567481965,False
P01976,2025-06-11,TikTok,Afición,Vídeo corto,0,9386.0,14647.0,1025.0,54,97,20.0,24,10,1196.0,0.12742382271468145,False
P01977,2025-06-12,Instagram,Previa,Imagen,0,10032.0,16415.0,487.0,36,33,21.0,20,7,577.0,0.05751594896331738,False
P01978,2025-06-12,Instagram,Cantera,Imagen,0,32707.0,40095.0,917.0,84,45,81.0,47,13,1127.0,0.03445745559054637,False
P01979,2025-06-12,X,Institucional,Texto,0,22698.0,32349.0,121.0,7,10,3.0,4,1,141.0,0.006212001057361882,False
P01980,2025-06-12,Facebook,Patrocinador,Imagen,0,9897.0,16048.0,30.0,1,1,5.0,0,0,37.0,0.003738506618167121,False
P01981,2025-06-12,TikTok,Entrenamiento,Vídeo corto,0,10787.0,16726.0,872.0,74,79,92.0,46,15,1117.0,0.1035505701307129,False
P01982,2025-06-12,YouTube,Entrenamiento,Vídeo largo,0,6738.0,10163.0,203.0,19,11,27.0,10,3,260.0,0.0385871178391214,False
P01983,2025-06-12,YouTube,Patrocinador,Vídeo largo,0,4658.0,6220.0,27.0,2,2,1.0,1,0,32.0,0.006869901245169601,False
P01984,2025-06-12,YouTube,Institucional,Vídeo largo,0,6343.0,9943.0,96.0,8,7,8.0,5,1,119.0,0.01876083871984865,False
P01985,2025-06-13,Instagram,Afición,Imagen,0,55312.0,72027.0,1604.0,158,162,108.0,104,30,2032.0,0.03673705525021695,False
P01986,2025-06-13,Instagram,Institucional,Imagen,0,15638.0,21883.0,405.0,22,35,39.0,12,6,501.0,0.03203734492901906,False
P01987,2025-06-13,Instagram,Cantera,Carrusel,0,42398.0,53940.0,1408.0,117,90,29.0,57,31,1644.0,0.03877541393461956,False
P01988,2025-06-13,X,Efeméride,Carrusel,0,7337.0,8742.0,81.0,4,8,6.0,2,1,99.0,0.013493253373313344,False
P01989,2025-06-13,X,Entrenamiento,Vídeo corto,0,16931.0,21247.0,266.0,16,17,24.0,8,3,323.0,0.019077431929596596,False
P01990,2025-06-13,Facebook,Entrenamiento,Carrusel,0,7308.0,11186.0,54.0,3,6,5.0,1,0,68.0,0.009304871373836891,False
P01991,2025-06-13,Facebook,Resumen,Carrusel,0,14299.0,17791.0,210.0,10,21,12.0,6,1,253.0,0.017693545003147074,False
P01992,2025-06-14,Instagram,Resumen,Vídeo corto,1,49039.0,68136.0,5482.0,452,328,667.0,365,43,6929.0,0.14129570341972716,False
P01993,2025-06-14,Instagram,Entrenamiento,Imagen,1,51533.0,71923.0,1327.0,131,126,66.0,83,22,1650.0,0.0320183183591097,False
P01994,2025-06-14,Instagram,Entrenamiento,Vídeo corto,1,27775.0,44250.0,1666.0,99,179,139.0,66,13,2083.0,0.07499549954995499,False
P01995,2025-06-14,Instagram,Directo,Carrusel,1,39539.0,53852.0,3145.0,181,253,122.0,110,29,3701.0,0.09360378360605984,False
P01996,2025-06-14,X,Efeméride,Imagen,1,38130.0,47230.0,311.0,28,27,29.0,18,5,395.0,0.01035929714135851,False
P01997,2025-06-14,X,Directo,Texto,1,55106.0,62831.0,1126.0,62,92,65.0,41,9,1345.0,0.024407505534787502,False
P01998,2025-06-14,Facebook,Entrenamiento,Vídeo corto,1,15090.0,18852.0,274.0,18,26,11.0,12,3,329.0,0.021802518223989396,False
P01999,2025-06-14,Facebook,Entrenamiento,Vídeo corto,1,24870.0,34967.0,271.0,26,20,26.0,18,3,343.0,0.013791716928025733,False
P02000,2025-06-14,TikTok,Afición,Vídeo corto,1,29286.0,13103.0,4904.0,418,329,275.0,316,41,5926.0,0.20234924537321586,False
P02001,2025-06-14,TikTok,Directo,Vídeo corto,1,9049.0,11092.0,1755.0,111,148,110.0,80,16,2124.0,0.234722068736877,False
P02002,2025-06-14,TikTok,Previa,Vídeo corto,1,4807.0,7122.0,720.0,52,57,50.0,35,8,879.0,0.18285833159975037,False
P02003,2025-06-14,TikTok,Institucional,Vídeo corto,1,6542.0,9790.0,312.0,17,30,29.0,11,3,388.0,0.0593090797921125,False
P02004,2025-06-14,YouTube,Directo,Vídeo largo,1,5010.0,6758.0,164.0,10,12,13.0,6,2,199.0,0.03972055888223553,False
P02005,2025-06-14,YouTube,Previa,Vídeo corto,1,7203.0,8718.0,289.0,17,28,12.0,12,1,346.0,0.04803554074691101,False
P02006,2025-06-15,Instagram,Entrenamiento,Carrusel,0,25175.0,30193.0,964.0,52,67,144.0,29,10,1227.0,0.04873882820258193,False
P02007,2025-06-15,Instagram,Fichajes,Imagen,0,26396.0,34694.0,2446.0,225,247,116.0,132,44,3034.0,0.11494165782694347,False
P02008,2025-06-15,X,Resumen,Imagen,0,23993.0,33920.0,263.0,25,19,8.0,10,6,315.0,0.01312882924186221,False
P02009,2025-06-15,Facebook,Efeméride,Texto,0,25144.0,32034.0,167.0,8,14,14.0,3,2,203.0,0.008073496659242762,False
P02010,2025-06-15,YouTube,Afición,Vídeo largo,0,4965.0,5570.0,135.0,9,12,10.0,5,2,166.0,0.033434038267875124,False
