post_id,fecha_id,fecha,plataforma,tipo_contenido,formato,es_dia_partido,jornada,jornada_etiqueta,resultado,rival,condicion,alcance,impresiones,likes,comentarios,compartidos,guardados,interacciones,comentarios_positivos,comentarios_negativos,comentarios_neutros,atipico
P00001,20240805,2024-08-05,Instagram,Entrenamiento,Vídeo corto,0,,,,,,10352.0,16610.0,470.0,29,49,41.0,589.0,18,4,7,False
P00002,20240805,2024-08-05,Instagram,Patrocinador,Imagen,0,,,,,,12634.0,19037.0,196.0,14,14,13.0,237.0,8,2,4,False
P00003,20240805,2024-08-05,X,Institucional,Imagen,0,,,,,,28112.0,45544.0,122.0,6,6,21.0,155.0,3,1,2,False
P00004,20240805,2024-08-05,Facebook,Patrocinador,Imagen,0,,,,,,17709.0,22778.0,77.0,6,6,5.0,94.0,2,1,3,False
P00005,20240805,2024-08-05,Facebook,Cantera,Vídeo corto,0,,,,,,30518.0,36656.0,172.0,11,8,17.0,208.0,6,2,3,False
P00006,20240806,2024-08-06,Instagram,Resumen,Imagen,0,,,,,,46075.0,53079.0,3197.0,297,261,104.0,3859.0,150,57,90,False
P00007,20240806,2024-08-06,Instagram,Entrenamiento,Imagen,0,,,,,,22168.0,27740.0,833.0,81,91,52.0,1057.0,46,18,17,False
P00008,20240806,2024-08-06,Instagram,Efeméride,Vídeo largo,0,,,,,,26923.0,38123.0,1342.0,79,119,84.0,1624.0,45,16,18,False
P00009,20240806,2024-08-06,X,Patrocinador,Vídeo corto,0,,,,,,21169.0,24646.0,274.0,20,20,22.0,336.0,11,5,4,False
P00010,20240806,2024-08-06,X,Fichajes,Vídeo largo,0,,,,,,14533.0,22640.0,266.0,18,27,10.0,321.0,10,4,4,False
P00011,20240806,2024-08-06,Facebook,Entrenamiento,Vídeo largo,0,,,,,,14519.0,16789.0,74.0,7,5,8.0,94.0,3,1,3,False
P00012,20240806,2024-08-06,Facebook,Entrenamiento,Vídeo corto,0,,,,,,7852.0,9327.0,99.0,4,6,7.0,116.0,1,1,2,False
P00013,20240806,2024-08-06,Facebook,Entrenamiento,Imagen,0,,,,,,16197.0,19351.0,135.0,12,7,13.0,167.0,6,2,4,False
P00014,20240806,2024-08-06,TikTok,Fichajes,Vídeo corto,0,,,,,,10964.0,16916.0,1372.0,96,94,54.0,1616.0,46,25,25,False
P00015,20240807,2024-08-07,Instagram,Afición,Vídeo corto,0,,,,,,20360.0,26734.0,1605.0,89,153,75.0,1922.0,48,24,17,False
P00016,20240807,2024-08-07,Instagram,Cantera,Carrusel,0,,,,,,8165.0,12746.0,529.0,26,43,17.0,615.0,12,6,8,False
P00017,20240807,2024-08-07,Instagram,Afición,Imagen,0,,,,,,16209.0,21518.0,721.0,43,61,28.0,853.0,20,10,13,False
P00018,20240807,2024-08-07,YouTube,Cantera,Vídeo largo,0,,,,,,2577.0,3718.0,53.0,2,3,5.0,63.0,0,0,2,False
P00019,20240807,2024-08-07,YouTube,Efeméride,Vídeo corto,0,,,,,,4623.0,6682.0,127.0,10,8,15.0,160.0,5,2,3,False
P00020,20240807,2024-08-07,YouTube,Efeméride,Vídeo largo,0,,,,,,3353.0,5454.0,69.0,5,6,1.0,81.0,2,1,2,False
P00021,20240808,2024-08-08,Instagram,Afición,Carrusel,0,,,,,,44155.0,69828.0,2147.0,193,161,163.0,2664.0,111,39,43,False
P00022,20240808,2024-08-08,Instagram,Previa,Imagen,0,,,,,,16303.0,20913.0,562.0,32,58,63.0,715.0,16,8,8,False
P00023,20240808,2024-08-08,X,Entrenamiento,Texto,0,,,,,,15970.0,24290.0,90.0,7,5,4.0,106.0,4,1,2,False
P00024,20240808,2024-08-08,X,Cantera,Vídeo corto,0,,,,,,31690.0,39759.0,719.0,38,63,71.0,891.0,22,6,10,False
P00025,20240808,2024-08-08,YouTube,Resumen,Vídeo corto,0,,,,,,6351.0,10404.0,491.0,32,26,58.0,607.0,14,9,9,False
P00026,20240808,2024-08-08,YouTube,Fichajes,Vídeo corto,0,,,,,,4775.0,7606.0,261.0,15,13,18.0,307.0,8,3,4,False
P00027,20240808,2024-08-08,YouTube,Entrenamiento,Vídeo largo,0,,,,,,5763.0,7898.0,118.0,7,7,12.0,144.0,3,1,3,False
P00028,20240809,2024-08-09,Instagram,Entrenamiento,Vídeo corto,0,,,,,,23526.0,38595.0,1203.0,75,124,50.0,1452.0,38,16,21,False
P00029,20240809,2024-08-09,Instagram,Resumen,Imagen,0,,,,,,18208.0,28163.0,862.0,66,86,28.0,1042.0,35,14,17,False
P00030,20240809,2024-08-09,Instagram,Entrenamiento,Carrusel,0,,,,,,16855.0,23740.0,286.0,25,29,25.0,365.0,12,4,9,False
P00031,20240809,2024-08-09,X,Resumen,Vídeo corto,0,,,,,,14988.0,19301.0,627.0,56,41,51.0,775.0,24,13,19,False
P00032,20240809,2024-08-09,X,Efeméride,Texto,0,,,,,,18576.0,22868.0,169.0,8,15,14.0,206.0,4,1,3,False
P00033,20240809,2024-08-09,Facebook,Afición,Carrusel,0,,,,,,28377.0,36427.0,398.0,32,26,48.0,504.0,17,8,7,False
P00034,20240809,2024-08-09,Facebook,Efeméride,Imagen,0,,,,,,5523.0,7897.0,41.0,2,3,2.0,48.0,1,0,1,False
P00035,20240810,2024-08-10,Instagram,Institucional,Carrusel,0,,,,,,16082.0,25533.0,474.0,39,47,46.0,606.0,21,9,9,False
P00036,20240810,2024-08-10,Instagram,Institucional,Carrusel,0,,,,,,13341.0,15290.0,273.0,14,21,15.0,323.0,7,3,4,False
P00037,20240810,2024-08-10,X,Efeméride,Imagen,0,,,,,,12686.0,17448.0,177.0,16,9,10.0,212.0,7,4,5,False
P00038,20240810,2024-08-10,X,Efeméride,Texto,0,,,,,,18592.0,27527.0,248.0,17,14,24.0,303.0,9,2,6,False
P00039,20240810,2024-08-10,X,Afición,Vídeo corto,0,,,,,,19118.0,26026.0,299.0,16,20,40.0,375.0,7,3,6,False
P00040,20240810,2024-08-10,X,Entrenamiento,Imagen,0,,,,,,20731.0,25303.0,254.0,16,24,16.0,310.0,8,3,5,False
P00041,20240810,2024-08-10,X,Entrenamiento,Imagen,0,,,,,,14115.0,16148.0,255.0,16,19,10.0,300.0,7,4,5,False
P00042,20240810,2024-08-10,Facebook,Efeméride,Vídeo corto,0,,,,,,4969.0,6214.0,86.0,8,7,0.0,101.0,3,3,2,False
P00043,20240810,2024-08-10,YouTube,Resumen,Vídeo largo,0,,,,,,1555.0,7337.0,36.0,1,3,4.0,44.0,0,0,1,False
P00044,20240810,2024-08-10,YouTube,Entrenamiento,Vídeo largo,0,,,,,,5431.0,8213.0,114.0,6,9,13.0,142.0,3,1,2,False
P00045,20240811,2024-08-11,Instagram,Afición,Vídeo largo,0,,,,,,36004.0,55047.0,2164.0,120,177,160.0,2621.0,58,21,41,False
P00046,20240811,2024-08-11,X,Patrocinador,Imagen,0,,,,,,28419.0,34819.0,120.0,5,9,9.0,143.0,2,0,3,False
P00047,20240811,2024-08-11,Facebook,Fichajes,Imagen,0,,,,,,9052.0,13561.0,84.0,5,7,11.0,107.0,3,1,1,False
P00048,20240812,2024-08-12,Instagram,Entrenamiento,Carrusel,0,,,,,,8624.0,11326.0,361.0,24,34,18.0,437.0,12,4,8,False
P00049,20240812,2024-08-12,X,Entrenamiento,Texto,0,,,,,,18370.0,22070.0,237.0,21,22,16.0,296.0,12,3,6,False
P00050,20240812,2024-08-12,Facebook,Entrenamiento,Vídeo largo,0,,,,,,22544.0,26780.0,159.0,7,8,16.0,190.0,3,1,3,False
P00051,20240812,2024-08-12,YouTube,Entrenamiento,Vídeo largo,0,,,,,,7628.0,11893.0,91.0,6,9,9.0,115.0,3,1,2,False
P00052,20240813,2024-08-13,Instagram,Entrenamiento,Texto,0,,,,,,58635.0,91261.0,1750.0,126,87,168.0,2131.0,76,21,29,False
P00053,20240813,2024-08-13,Instagram,Cantera,Imagen,0,,,,,,24134.0,38280.0,465.0,37,23,52.0,577.0,18,8,11,False
P00054,20240813,2024-08-13,Instagram,Previa,Vídeo corto,0,,,,,,32958.0,43528.0,1790.0,121,130,77.0,2118.0,68,22,31,False
P00055,20240813,2024-08-13,YouTube,Patrocinador,Vídeo corto,0,,,,,,5773.0,8122.0,86.0,4,4,6.0,100.0,2,0,2,False
P00056,20240814,2024-08-14,Instagram,Fichajes,Vídeo corto,0,,,,,,10684.0,16002.0,981.0,85,85,70.0,1221.0,39,15,31,False
P00057,20240814,2024-08-14,Instagram,Resumen,Imagen,0,,,,,,29972.0,46864.0,2194.0,106,139,200.0,2639.0,60,21,25,False
P00058,20240814,2024-08-14,Instagram,Efeméride,Imagen,0,,,,,,19064.0,31086.0,598.0,34,34,59.0,725.0,18,9,7,False
P00059,20240815,2024-08-15,Instagram,Institucional,Carrusel,0,,,,,,66663.0,89255.0,2119.0,187,137,55.0,2498.0,73,40,74,False
P00060,20240815,2024-08-15,X,Cantera,Texto,0,,,,,,12828.0,15535.0,85.0,5,8,7.0,105.0,2,1,2,False
P00061,20240815,2024-08-15,Facebook,Afición,Imagen,0,,,,,,16033.0,22470.0,464.0,22,38,36.0,560.0,11,6,5,False
P00062,20240815,2024-08-15,TikTok,Afición,Vídeo corto,0,,,,,,5686.0,7205.0,664.0,49,62,41.0,816.0,29,10,10,False
P00063,20240815,2024-08-15,YouTube,Entrenamiento,Vídeo corto,0,,,,,,3761.0,5165.0,170.0,14,17,9.0,210.0,6,3,5,False
P00064,20240816,2024-08-16,Facebook,Entrenamiento,Vídeo corto,0,,,,,,10510.0,14950.0,212.0,19,10,10.0,251.0,11,3,5,False
P00065,20240816,2024-08-16,Facebook,Entrenamiento,Vídeo corto,0,,,,,,20264.0,24864.0,706.0,39,51,10.0,806.0,23,6,10,False
P00066,20240816,2024-08-16,YouTube,Previa,Vídeo largo,0,,,,,,4295.0,4924.0,102.0,7,11,11.0,131.0,4,1,2,False
P00067,20240817,2024-08-17,Instagram,Afición,Vídeo largo,1,1.0,J01,Empate,UE Montseny,Local,24249.0,27346.0,883.0,64,88,0.0,1035.0,29,19,16,False
P00068,20240817,2024-08-17,Instagram,Directo,Carrusel,1,1.0,J01,Empate,UE Montseny,Local,20673.0,26479.0,1589.0,98,149,16.0,1852.0,50,28,20,False
P00069,20240817,2024-08-17,X,Previa,Imagen,1,1.0,J01,Empate,UE Montseny,Local,16984.0,21807.0,153.0,10,15,8.0,186.0,6,1,3,False
P00070,20240817,2024-08-17,X,Resumen,Vídeo corto,1,1.0,J01,Empate,UE Montseny,Local,19024.0,22495.0,439.0,33,38,26.0,536.0,16,8,9,False
P00071,20240817,2024-08-17,Facebook,Resumen,Imagen,1,1.0,J01,Empate,UE Montseny,Local,17880.0,21797.0,312.0,21,33,31.0,397.0,13,4,4,False
P00072,20240817,2024-08-17,Facebook,Patrocinador,Vídeo corto,1,1.0,J01,Empate,UE Montseny,Local,48391.0,68276.0,380.0,22,27,14.0,443.0,10,5,7,False
P00073,20240817,2024-08-17,Facebook,Afición,Imagen,1,1.0,J01,Empate,UE Montseny,Local,29187.0,42661.0,312.0,22,27,19.0,380.0,10,5,7,False
P00074,20240817,2024-08-17,Facebook,Institucional,Imagen,1,1.0,J01,Empate,UE Montseny,Local,26155.0,32101.0,153.0,8,15,6.0,182.0,4,1,3,False
P00075,20240817,2024-08-17,TikTok,Resumen,Vídeo corto,1,1.0,J01,Empate,UE Montseny,Local,11598.0,14547.0,1754.0,163,152,179.0,2248.0,88,30,45,False
P00076,20240817,2024-08-17,TikTok,Afición,Vídeo corto,1,1.0,J01,Empate,UE Montseny,Local,6846.0,8334.0,886.0,50,73,110.0,1119.0,25,11,14,False
P00077,20240817,2024-08-17,TikTok,Resumen,Vídeo corto,1,1.0,J01,Empate,UE Montseny,Local,4333.0,4941.0,1172.0,93,90,79.0,1434.0,40,27,26,False
P00078,20240817,2024-08-17,YouTube,Previa,Vídeo corto,1,1.0,J01,Empate,UE Montseny,Local,8582.0,12972.0,279.0,22,17,37.0,355.0,11,4,7,False
P00079,20240817,2024-08-17,YouTube,Resumen,Vídeo largo,1,1.0,J01,Empate,UE Montseny,Local,16046.0,19867.0,1147.0,100,86,67.0,1400.0,51,18,31,False
P00080,20240817,2024-08-17,YouTube,Resumen,Vídeo largo,1,1.0,J01,Empate,UE Montseny,Local,2530.0,3988.0,83.0,7,4,5.0,99.0,4,1,2,False
P00081,20240818,2024-08-18,Instagram,Efeméride,Imagen,0,,,,,,13172.0,16759.0,508.0,44,55,37.0,644.0,22,7,15,False
P00082,20240818,2024-08-18,Instagram,Previa,Vídeo largo,0,,,,,,19465.0,21865.0,398.0,32,31,12.0,473.0,15,6,11,False
P00083,20240818,2024-08-18,Instagram,Institucional,Carrusel,0,,,,,,31532.0,40881.0,1127.0,84,81,91.0,1383.0,40,18,26,False
P00084,20240818,2024-08-18,X,Entrenamiento,Vídeo corto,0,,,,,,23148.0,33325.0,267.0,22,23,22.0,334.0,11,4,7,False
P00085,20240818,2024-08-18,X,Previa,Texto,0,,,,,,19148.0,28657.0,88.0,5,7,9.0,109.0,2,1,2,False
P00086,20240818,2024-08-18,Facebook,Directo,Imagen,0,,,,,,23051.0,33845.0,282.0,18,17,32.0,349.0,8,4,6,False
P00087,20240819,2024-08-19,Instagram,Entrenamiento,Carrusel,0,,,,,,21050.0,26163.0,779.0,39,60,107.0,985.0,22,7,10,False
P00088,20240819,2024-08-19,Instagram,Efeméride,Vídeo corto,0,,,,,,28290.0,39021.0,2105.0,142,230,217.0,2694.0,67,41,34,False
P00089,20240819,2024-08-19,YouTube,Entrenamiento,Vídeo largo,0,,,,,,4668.0,6789.0,54.0,2,3,8.0,67.0,1,0,1,False
P00090,20240820,2024-08-20,Facebook,Entrenamiento,Vídeo largo,0,,,,,,16714.0,22502.0,100.0,8,9,4.0,121.0,4,1,3,False
P00091,20240821,2024-08-21,Instagram,Entrenamiento,Imagen,0,,,,,,11208.0,16099.0,350.0,22,26,22.0,420.0,11,6,5,False
P00092,20240821,2024-08-21,Instagram,Efeméride,Vídeo corto,0,,,,,,16197.0,26649.0,888.0,75,86,42.0,1091.0,40,18,17,False
P00093,20240821,2024-08-21,X,Efeméride,Carrusel,0,,,,,,12390.0,15634.0,324.0,21,26,9.0,380.0,13,3,5,False
P00094,20240821,2024-08-21,X,Patrocinador,Texto,0,,,,,,28251.0,46130.0,123.0,7,12,7.0,149.0,3,1,3,False
P00095,20240821,2024-08-21,TikTok,Entrenamiento,Vídeo corto,0,,,,,,5021.0,6848.0,284.0,24,29,11.0,348.0,13,6,5,False
P00096,20240822,2024-08-22,Instagram,Afición,Imagen,0,,,,,,17469.0,28757.0,1097.0,67,84,35.0,1283.0,40,14,13,False
P00097,20240822,2024-08-22,Instagram,Entrenamiento,Carrusel,0,,,,,,39193.0,59970.0,811.0,65,73,67.0,1016.0,32,19,14,False
P00098,20240822,2024-08-22,Facebook,Cantera,Imagen,0,,,,,,11474.0,17165.0,73.0,3,5,4.0,85.0,1,0,2,False
P00099,20240822,2024-08-22,Facebook,Patrocinador,Vídeo corto,0,,,,,,18973.0,27939.0,139.0,11,8,17.0,175.0,5,2,4,False
P00100,20240822,2024-08-22,Facebook,Patrocinador,Vídeo corto,0,,,,,,12137.0,19771.0,96.0,7,4,11.0,118.0,3,1,3,False
P00101,20240822,2024-08-22,Facebook,Cantera,Imagen,0,,,,,,9724.0,15321.0,55.0,4,3,8.0,70.0,2,0,2,False
P00102,20240822,2024-08-22,Facebook,Entrenamiento,Imagen,0,,,,,,22995.0,28905.0,331.0,19,18,26.0,394.0,8,6,5,False
P00103,20240822,2024-08-22,Facebook,Previa,Carrusel,0,,,,,,5257.0,7209.0,51.0,4,3,5.0,63.0,2,0,2,False
P00104,20240822,2024-08-22,TikTok,Patrocinador,Vídeo corto,0,,,,,,5854.0,9658.0,233.0,22,16,22.0,293.0,12,4,6,False
P00105,20240823,2024-08-23,Instagram,Cantera,Vídeo corto,0,,,,,,28764.0,44667.0,1357.0,134,153,80.0,1724.0,69,26,39,False
P00106,20240823,2024-08-23,Instagram,Fichajes,Carrusel,0,,,,,,23478.0,27264.0,2150.0,176,228,44.0,2598.0,92,37,47,False
P00107,20240823,2024-08-23,X,Patrocinador,Imagen,0,,,,,,7115.0,11104.0,29.0,2,2,4.0,37.0,0,0,2,False
P00108,20240823,2024-08-23,X,Entrenamiento,Vídeo largo,0,,,,,,29760.0,47683.0,439.0,26,23,46.0,534.0,14,5,7,False
P00109,20240823,2024-08-23,Facebook,Previa,Vídeo corto,0,,,,,,13275.0,18463.0,278.0,16,24,13.0,331.0,8,3,5,False
P00110,20240824,2024-08-24,X,Institucional,Vídeo corto,1,2.0,J02,Victoria,Atlético Sierra,Visitante,40560.0,66342.0,726.0,48,39,36.0,849.0,32,5,11,False
P00111,20240824,2024-08-24,X,Previa,Texto,1,2.0,J02,Victoria,Atlético Sierra,Visitante,48831.0,67724.0,509.0,41,36,34.0,620.0,26,9,6,False
P00112,20240824,2024-08-24,Facebook,Directo,Vídeo corto,1,2.0,J02,Victoria,Atlético Sierra,Visitante,7935.0,11372.0,179.0,14,11,10.0,214.0,10,1,3,False
P00113,20240824,2024-08-24,Facebook,Resumen,Vídeo corto,1,2.0,J02,Victoria,Atlético Sierra,Visitante,17255.0,28374.0,556.0,42,52,62.0,712.0,30,5,7,False
P00114,20240824,2024-08-24,TikTok,Directo,Vídeo corto,1,2.0,J02,Victoria,Atlético Sierra,Visitante,7451.0,9241.0,858.0,55,63,69.0,1045.0,42,5,8,False
P00115,20240824,2024-08-24,TikTok,Resumen,Vídeo corto,1,2.0,J02,Victoria,Atlético Sierra,Visitante,8710.0,11669.0,1864.0,143,204,92.0,2303.0,96,28,19,False
P00116,20240824,2024-08-24,YouTube,Patrocinador,Vídeo largo,1,2.0,J02,Victoria,Atlético Sierra,Visitante,4058.0,5627.0,42.0,2,4,3.0,51.0,1,0,1,False
P00117,20240824,2024-08-24,YouTube,Resumen,Vídeo corto,1,2.0,J02,Victoria,Atlético Sierra,Visitante,5376.0,10673.0,525.0,45,39,57.0,666.0,30,8,7,True
P00118,20240824,2024-08-24,YouTube,Previa,Vídeo corto,1,2.0,J02,Victoria,Atlético Sierra,Visitante,6147.0,9345.0,256.0,19,27,26.0,328.0,13,2,4,False
P00119,20240825,2024-08-25,Instagram,Resumen,Imagen,0,,,,,,23611.0,29110.0,1319.0,99,89,50.0,1557.0,55,26,18,False
P00120,20240825,2024-08-25,X,Fichajes,Imagen,0,,,,,,22937.0,32258.0,549.0,51,57,21.0,678.0,26,8,17,False
P00121,20240825,2024-08-25,Facebook,Efeméride,Imagen,0,,,,,,9666.0,11151.0,41.0,2,3,3.0,49.0,1,0,1,False
P00122,20240825,2024-08-25,TikTok,Patrocinador,Vídeo corto,0,,,,,,8306.0,2975.0,115.0,10,8,11.0,144.0,5,2,3,False
P00123,20240825,2024-08-25,TikTok,Efeméride,Vídeo corto,0,,,,,,7097.0,7966.0,493.0,43,36,29.0,601.0,21,10,12,False
P00124,20240826,2024-08-26,X,Entrenamiento,Vídeo corto,0,,,,,,10042.0,14312.0,170.0,14,8,22.0,214.0,5,3,6,False
P00125,20240826,2024-08-26,X,Previa,Vídeo corto,0,,,,,,18476.0,25908.0,265.0,20,20,21.0,326.0,9,5,6,False
P00126,20240826,2024-08-26,TikTok,Cantera,Vídeo corto,0,,,,,,11568.0,17595.0,941.0,89,57,42.0,1129.0,52,21,16,False
P00127,20240827,2024-08-27,Facebook,Efeméride,Carrusel,0,,,,,,14017.0,20063.0,156.0,14,12,5.0,187.0,5,3,6,False
P00128,20240827,2024-08-27,Facebook,Entrenamiento,Texto,0,,,,,,12844.0,18518.0,113.0,6,12,5.0,136.0,2,1,3,False
P00129,20240827,2024-08-27,Facebook,Fichajes,Vídeo corto,0,,,,,,13209.0,16408.0,224.0,17,11,23.0,275.0,10,2,5,False
P00130,20240827,2024-08-27,Facebook,Efeméride,Carrusel,0,,,,,,6082.0,8494.0,60.0,4,5,6.0,75.0,1,1,2,False
P00131,20240827,2024-08-27,Facebook,Patrocinador,Vídeo corto,0,,,,,,11501.0,16822.0,97.0,7,5,8.0,117.0,4,1,2,False
P00132,20240828,2024-08-28,X,Entrenamiento,Texto,0,,,,,,32981.0,43886.0,383.0,30,37,25.0,475.0,16,8,6,False
P00133,20240828,2024-08-28,X,Efeméride,Texto,0,,,,,,22794.0,36812.0,171.0,11,10,18.0,210.0,6,2,3,False
P00134,20240828,2024-08-28,Facebook,Efeméride,Vídeo largo,0,,,,,,6821.0,8520.0,52.0,3,4,6.0,65.0,1,0,2,False
P00135,20240828,2024-08-28,TikTok,Entrenamiento,Vídeo corto,0,,,,,,5449.0,6270.0,483.0,34,45,45.0,607.0,20,5,9,False
P00136,20240828,2024-08-28,TikTok,Afición,Vídeo corto,0,,,,,,5837.0,6787.0,847.0,53,55,87.0,1042.0,27,16,10,False
P00137,20240828,2024-08-28,TikTok,Patrocinador,Vídeo corto,0,,,,,,2915.0,4537.0,201.0,17,18,0.0,236.0,9,3,5,False
P00138,20240828,2024-08-28,TikTok,Afición,Vídeo corto,0,,,,,,7108.0,8417.0,732.0,49,71,24.0,876.0,27,13,9,False
P00139,20240828,2024-08-28,YouTube,Cantera,Vídeo largo,0,,,,,,4944.0,6709.0,101.0,7,11,7.0,126.0,4,1,2,False
P00140,20240829,2024-08-29,X,Institucional,Imagen,0,,,,,,26408.0,32079.0,179.0,11,13,14.0,217.0,5,3,3,False
P00141,20240829,2024-08-29,X,Afición,Texto,0,,,,,,14956.0,18838.0,169.0,9,15,22.5,215.5,5,2,2,False
P00142,20240829,2024-08-29,X,Institucional,Vídeo corto,0,,,,,,22531.0,28424.0,265.0,15,21,36.0,337.0,8,3,4,False
P00143,20240829,2024-08-29,YouTube,Cantera,Vídeo largo,0,,,,,,8946.0,10664.0,110.0,9,9,6.0,134.0,5,1,3,False
P00144,20240830,2024-08-30,Instagram,Institucional,Texto,0,,,,,,33703.0,53691.0,612.0,53,33,64.0,762.0,28,10,15,False
P00145,20240830,2024-08-30,X,Efeméride,Carrusel,0,,,,,,17676.0,21616.0,323.0,26,18,14.0,381.0,14,7,5,False
P00146,20240830,2024-08-30,Facebook,Entrenamiento,Imagen,0,,,,,,18877.0,27483.0,163.0,11,12,18.0,204.0,6,1,4,False
P00147,20240831,2024-08-31,Instagram,Afición,Vídeo corto,1,3.0,J03,Victoria,Real Villalba CF,Local,51962.0,66418.0,5894.0,360,592,340.0,7186.0,253,49,58,False
P00148,20240831,2024-08-31,Instagram,Cantera,Imagen,1,3.0,J03,Victoria,Real Villalba CF,Local,72492.0,117303.0,1797.0,114,188,110.0,2209.0,77,23,14,False
P00149,20240831,2024-08-31,X,Directo,Imagen,1,3.0,J03,Victoria,Real Villalba CF,Local,22964.0,34331.0,795.0,58,65,16.0,934.0,42,8,8,False
P00150,20240831,2024-08-31,X,Previa,Vídeo corto,1,3.0,J03,Victoria,Real Villalba CF,Local,46287.0,74800.0,1080.0,58,103,17.0,1258.0,35,11,12,False
P00151,20240831,2024-08-31,X,Resumen,Imagen,1,3.0,J03,Victoria,Real Villalba CF,Local,17580.0,26433.0,415.0,32,42,40.0,529.0,19,5,8,False
P00152,20240831,2024-08-31,Facebook,Previa,Vídeo corto,1,3.0,J03,Victoria,Real Villalba CF,Local,28416.0,38441.0,562.0,41,28,30.0,661.0,27,6,8,False
P00153,20240831,2024-08-31,TikTok,Previa,Vídeo corto,1,3.0,J03,Victoria,Real Villalba CF,Local,7103.0,9490.0,1231.0,71,76,74.0,1452.0,48,10,13,False
P00154,20240831,2024-08-31,TikTok,Resumen,Vídeo corto,1,3.0,J03,Victoria,Real Villalba CF,Local,13609.0,21553.0,2988.0,259,189,163.0,3599.0,181,27,51,False
P00155,20240831,2024-08-31,YouTube,Patrocinador,Vídeo corto,1,3.0,J03,Victoria,Real Villalba CF,Local,3967.0,5848.0,82.0,4,8,10.0,104.0,3,0,1,False
P00156,20240831,2024-08-31,YouTube,Directo,Vídeo largo,1,3.0,J03,Victoria,Real Villalba CF,Local,8196.0,9511.0,352.0,30,29,8.0,419.0,20,4,6,False
P00157,20240831,2024-08-31,YouTube,Resumen,Vídeo largo,1,3.0,J03,Victoria,Real Villalba CF,Local,5749.0,9357.0,186.0,9,13,8.0,216.0,5,2,2,False
P00158,20240901,2024-09-01,Instagram,Patrocinador,Imagen,0,,,,,,19375.0,29077.0,308.0,27,29,21.0,385.0,14,6,7,False
P00159,20240901,2024-09-01,Instagram,Fichajes,Imagen,0,,,,,,26015.0,29263.0,1227.0,65,128,84.0,1504.0,31,19,15,False
P00160,20240901,2024-09-01,X,Fichajes,Vídeo corto,0,,,,,,13822.0,21190.0,621.0,55,44,15.0,735.0,30,9,16,False
P00161,20240901,2024-09-01,Facebook,Entrenamiento,Vídeo corto,0,,,,,,17052.0,19365.0,149.0,13,12,7.0,181.0,8,2,3,False
P00162,20240901,2024-09-01,Facebook,Entrenamiento,Vídeo corto,0,,,,,,11149.0,17523.0,182.0,16,18,0.0,216.0,7,5,4,False
P00163,20240901,2024-09-01,YouTube,Institucional,Vídeo largo,0,,,,,,4768.0,6937.0,37.0,2,3,3.0,45.0,0,0,2,False
P00164,20240902,2024-09-02,Instagram,Efeméride,Vídeo largo,0,,,,,,18822.0,23892.0,808.0,45,49,46.0,948.0,27,10,8,False
P00165,20240902,2024-09-02,Instagram,Fichajes,Vídeo corto,0,,,,,,23656.0,35401.0,2871.0,172,254,234.0,3531.0,89,39,44,False
P00166,20240902,2024-09-02,Instagram,Entrenamiento,Imagen,0,,,,,,16716.0,18897.0,510.0,37,49,5.0,601.0,19,10,8,False
P00167,20240902,2024-09-02,X,Cantera,Carrusel,0,,,,,,30223.0,48018.0,286.0,26,19,6.0,337.0,13,6,7,False
P00168,20240902,2024-09-02,X,Patrocinador,Vídeo largo,0,,,,,,37245.0,54331.0,233.0,19,21,8.0,281.0,8,3,8,False
P00169,20240903,2024-09-03,Instagram,Institucional,Imagen,0,,,,,,25530.0,40102.0,522.0,40,52,2.0,616.0,20,7,13,False
P00170,20240903,2024-09-03,Instagram,Entrenamiento,Vídeo corto,0,,,,,,20325.0,24733.0,1647.0,155,85,111.0,1998.0,93,34,28,False
P00171,20240903,2024-09-03,Instagram,Afición,Vídeo corto,0,,,,,,72858.0,113850.0,9616.0,797,825,295.0,11533.0,393,236,168,False
P00172,20240903,2024-09-03,X,Cantera,Imagen,0,,,,,,14225.0,17436.0,258.0,15,26,31.0,330.0,8,3,4,False
P00173,20240903,2024-09-03,Facebook,Fichajes,Vídeo corto,0,,,,,,8191.0,12396.0,246.0,19,18,24.0,307.0,11,4,4,False
P00174,20240903,2024-09-03,TikTok,Institucional,Vídeo corto,0,,,,,,3886.0,4921.0,234.0,18,22,2.0,276.0,9,4,5,False
P00175,20240904,2024-09-04,X,Afición,Imagen,0,,,,,,15961.0,23928.0,163.0,8,12,11.0,194.0,4,1,3,False
P00176,20240904,2024-09-04,Facebook,Previa,Imagen,0,,,,,,11226.0,12742.0,96.0,5,6,6.0,113.0,2,1,2,False
P00177,20240904,2024-09-04,Facebook,Afición,Imagen,0,,,,,,12796.0,14840.0,130.0,7,11,5.0,153.0,2,1,4,False
P00178,20240905,2024-09-05,X,Patrocinador,Vídeo corto,0,,,,,,26665.0,32448.0,333.0,27,22,13.0,395.0,16,4,7,False
P00179,20240905,2024-09-05,Facebook,Fichajes,Imagen,0,,,,,,14564.0,23939.0,134.0,9,9,10.0,162.0,5,1,3,False
P00180,20240905,2024-09-05,Facebook,Previa,Vídeo corto,0,,,,,,21957.0,30622.0,236.0,15,11,20.0,282.0,8,4,3,False
P00181,20240906,2024-09-06,Instagram,Entrenamiento,Imagen,0,,,,,,13839.0,20145.0,345.0,32,30,29.0,436.0,15,7,10,False
P00182,20240906,2024-09-06,Instagram,Efeméride,Imagen,0,,,,,,9634.0,15424.0,416.0,30,33,7.0,486.0,15,9,6,False
P00183,20240906,2024-09-06,X,Cantera,Texto,0,,,,,,18516.0,21083.0,144.0,11,15,0.0,170.0,5,3,3,False
P00184,20240906,2024-09-06,YouTube,Patrocinador,Vídeo corto,0,,,,,,4187.0,4945.0,69.0,4,4,5.0,82.0,2,0,2,False
P00185,20240906,2024-09-06,YouTube,Resumen,Vídeo corto,0,,,,,,4790.0,5506.0,461.0,27,46,4.0,538.0,14,7,6,True
P00186,20240907,2024-09-07,Instagram,Efeméride,Imagen,1,4.0,J04,Derrota,CF Duero,Visitante,37175.0,55914.0,922.0,49,57,134.0,1162.0,16,12,21,False
P00187,20240907,2024-09-07,Instagram,Resumen,Vídeo corto,1,4.0,J04,Derrota,CF Duero,Visitante,28048.0,31768.0,1925.0,174,124,60.0,2283.0,81,34,59,False
P00188,20240907,2024-09-07,Instagram,Previa,Imagen,1,4.0,J04,Derrota,CF Duero,Visitante,28899.0,44512.0,1231.0,109,96,80.0,1516.0,47,25,37,False
P00189,20240907,2024-09-07,Instagram,Previa,Carrusel,1,4.0,J04,Derrota,CF Duero,Visitante,23624.0,37914.0,789.0,74,66,76.0,1005.0,23,26,25,False
P00190,20240907,2024-09-07,Facebook,Afición,Carrusel,1,4.0,J04,Derrota,CF Duero,Visitante,22756.0,37500.0,406.0,31,31,26.0,494.0,8,8,15,False
P00191,20240907,2024-09-07,Facebook,Directo,Vídeo corto,1,4.0,J04,Derrota,CF Duero,Visitante,30437.0,35563.0,621.0,33,57,17.0,728.0,12,9,12,False
P00192,20240907,2024-09-07,Facebook,Directo,Imagen,1,4.0,J04,Derrota,CF Duero,Visitante,15989.0,21414.0,155.0,13,7,16.0,191.0,5,3,5,False
P00193,20240907,2024-09-07,Facebook,Institucional,Vídeo largo,1,4.0,J04,Derrota,CF Duero,Visitante,33794.0,44553.0,89.0,8,6,6.0,109.0,3,2,3,False
P00194,20240907,2024-09-07,TikTok,Directo,Vídeo corto,1,4.0,J04,Derrota,CF Duero,Visitante,6280.0,9217.0,515.0,32,49,68.5,664.5,9,9,14,False
P00195,20240907,2024-09-07,YouTube,Patrocinador,Vídeo corto,1,4.0,J04,Derrota,CF Duero,Visitante,4899.0,8031.0,54.0,3,5,1.0,63.0,1,0,2,False
P00196,20240907,2024-09-07,YouTube,Efeméride,Vídeo corto,1,4.0,J04,Derrota,CF Duero,Visitante,3150.0,4496.0,79.0,6,6,8.0,99.0,2,1,3,False
P00197,20240907,2024-09-07,YouTube,Resumen,Vídeo largo,1,4.0,J04,Derrota,CF Duero,Visitante,9295.0,13619.0,196.0,19,14,15.0,244.0,6,4,9,False
P00198,20240908,2024-09-08,Instagram,Institucional,Imagen,0,,,,,,36587.0,41812.0,714.0,41,57,59.0,871.0,22,8,11,False
P00199,20240908,2024-09-08,Instagram,Entrenamiento,Texto,0,,,,,,25758.0,36688.0,358.0,30,35,32.0,455.0,16,7,7,False
P00200,20240908,2024-09-08,Instagram,Afición,Imagen,0,,,,,,23821.0,31571.0,1171.0,91,108,108.0,1478.0,48,16,27,False
P00201,20240908,2024-09-08,X,Efeméride,Vídeo corto,0,,,,,,47306.0,65207.0,610.0,50,41,32.0,733.0,35,9,6,False
P00202,20240908,2024-09-08,X,Efeméride,Texto,0,,,,,,26042.0,37496.0,183.0,14,20,14.0,231.0,6,3,5,False
P00203,20240908,2024-09-08,X,Afición,Texto,0,,,,,,23890.0,34774.0,250.0,15,19,18.0,302.0,8,4,3,False
P00204,20240908,2024-09-08,X,Entrenamiento,Carrusel,0,,,,,,12636.0,20303.0,207.0,15,14,21.0,257.0,8,4,3,False
P00205,20240908,2024-09-08,Facebook,Entrenamiento,Vídeo largo,0,,,,,,8991.0,10890.0,91.0,7,6,3.0,107.0,3,2,2,False
P00206,20240909,2024-09-09,Instagram,Entrenamiento,Texto,0,,,,,,33131.0,45527.0,936.0,51,95,83.0,1165.0,26,10,15,False
P00207,20240909,2024-09-09,Instagram,Fichajes,Vídeo corto,0,,,,,,36481.0,46488.0,2148.0,106,186,159.0,2599.0,57,23,26,False
P00208,20240909,2024-09-09,Instagram,Institucional,Imagen,0,,,,,,11578.0,17520.0,289.0,18,26,35.0,368.0,9,5,4,False
P00209,20240909,2024-09-09,Instagram,Afición,Vídeo corto,0,,,,,,22825.0,37404.0,1264.0,119,90,80.0,1553.0,69,28,22,False
P00210,20240909,2024-09-09,X,Institucional,Vídeo corto,0,,,,,,18696.0,24790.0,95.0,5,6,5.0,111.0,2,0,3,False
P00211,20240909,2024-09-09,Facebook,Previa,Imagen,0,,,,,,16157.0,18387.0,253.0,18,14,37.0,322.0,11,3,4,False
P00212,20240909,2024-09-09,Facebook,Entrenamiento,Carrusel,0,,,,,,18586.0,29209.0,149.0,11,15,13.0,188.0,5,2,4,False
P00213,20240910,2024-09-10,Instagram,Afición,Carrusel,0,,,,,,19894.0,24527.0,710.0,60,47,35.0,852.0,30,18,12,False
P00214,20240910,2024-09-10,Instagram,Efeméride,Imagen,0,,,,,,15842.0,26109.0,728.0,68,43,51.0,890.0,29,20,19,False
P00215,20240910,2024-09-10,Facebook,Institucional,Carrusel,0,,,,,,10791.0,13896.0,53.0,3,3,8.0,67.0,1,0,2,False
P00216,20240910,2024-09-10,Facebook,Efeméride,Carrusel,0,,,,,,9561.0,14689.0,72.0,4,7,5.0,88.0,1,0,3,False
P00217,20240910,2024-09-10,YouTube,Patrocinador,Vídeo largo,0,,,,,,6726.0,8339.0,62.0,4,6,2.0,74.0,2,0,2,False
P00218,20240911,2024-09-11,Instagram,Cantera,Imagen,0,,,,,,30380.0,38465.0,775.0,53,83,69.0,980.0,23,14,16,False
P00219,20240911,2024-09-11,X,Entrenamiento,Texto,0,,,,,,21158.0,26849.0,152.0,14,15,11.0,192.0,7,3,4,False
P00220,20240911,2024-09-11,Facebook,Resumen,Imagen,0,,,,,,50340.0,74958.0,530.0,27,54,6.0,617.0,15,4,8,False
P00221,20240911,2024-09-11,Facebook,Afición,Carrusel,0,,,,,,9301.0,14300.0,91.0,6,4,17.0,118.0,3,1,2,False
P00222,20240911,2024-09-11,TikTok,Patrocinador,Vídeo corto,0,,,,,,5188.0,6415.0,192.0,12,16,23.0,243.0,6,3,3,False
P00223,20240911,2024-09-11,TikTok,Institucional,Vídeo corto,0,,,,,,7005.0,11443.0,274.0,24,17,7.0,322.0,13,5,6,False
P00224,20240911,2024-09-11,YouTube,Efeméride,Vídeo largo,0,,,,,,3693.0,4184.0,88.0,6,4,5.0,103.0,3,1,2,False
P00225,20240912,2024-09-12,Instagram,Cantera,Imagen,0,,,,,,17486.0,26108.0,279.0,19,16,39.0,353.0,10,4,5,False
P00226,20240912,2024-09-12,Instagram,Previa,Imagen,0,,,,,,28598.0,39097.0,1086.0,92,102,64.0,1344.0,60,13,19,False
P00227,20240912,2024-09-12,Instagram,Patrocinador,Imagen,0,,,,,,21534.0,32862.0,420.0,30,43,44.0,537.0,16,6,8,False
P00228,20240912,2024-09-12,X,Entrenamiento,Carrusel,0,,,,,,11235.0,14318.0,191.0,12,13,22.0,238.0,6,2,4,False
P00229,20240912,2024-09-12,Facebook,Directo,Imagen,0,,,,,,9681.0,12730.0,179.0,10,16,11.0,216.0,5,2,3,False
P00230,20240912,2024-09-12,Facebook,Fichajes,Vídeo corto,0,,,,,,6441.0,7842.0,125.0,12,7,16.0,160.0,6,3,3,False
P00231,20240912,2024-09-12,TikTok,Institucional,Vídeo corto,0,,,,,,6303.0,8943.0,377.0,19,33,26.0,455.0,9,4,6,False
P00232,20240912,2024-09-12,YouTube,Cantera,Vídeo largo,0,,,,,,5626.0,7738.0,69.0,6,4,8.0,87.0,2,1,3,False
P00233,20240912,2024-09-12,YouTube,Fichajes,Vídeo corto,0,,,,,,4411.0,6217.0,472.0,33,22,27.0,554.0,15,9,9,True
P00234,20240913,2024-09-13,Instagram,Efeméride,Vídeo corto,0,,,,,,14596.0,17197.0,606.0,38,36,44.0,724.0,21,8,9,False
P00235,20240913,2024-09-13,X,Entrenamiento,Texto,0,,,,,,10736.0,17075.0,87.0,8,7,9.0,111.0,3,2,3,False
P00236,20240913,2024-09-13,X,Entrenamiento,Carrusel,0,,,,,,15770.0,20429.0,226.0,21,13,8.0,268.0,11,5,5,False
P00237,20240913,2024-09-13,Facebook,Fichajes,Imagen,0,,,,,,13805.0,19670.0,233.0,16,13,24.0,286.0,8,3,5,False
P00238,20240913,2024-09-13,YouTube,Patrocinador,Vídeo corto,0,,,,,,4285.0,6033.0,44.0,3,3,3.0,53.0,1,0,2,False
P00239,20240914,2024-09-14,Instagram,Resumen,Imagen,1,5.0,J05,Derrota,CD Val de Oro,Local,35668.0,52303.0,1389.0,124,113,41.0,1667.0,39,34,51,False
P00240,20240914,2024-09-14,Instagram,Previa,Carrusel,1,5.0,J05,Derrota,CD Val de Oro,Local,47336.0,70628.0,1123.0,86,57,60.0,1326.0,28,23,35,False
P00241,20240914,2024-09-14,Instagram,Afición,Vídeo corto,1,5.0,J05,Derrota,CD Val de Oro,Local,21377.0,24584.0,1255.0,101,86,107.0,1549.0,35,30,36,False
P00242,20240914,2024-09-14,Instagram,Institucional,Vídeo largo,1,5.0,J05,Derrota,CD Val de Oro,Local,30692.0,50242.0,354.0,32,25,36.0,447.0,11,8,13,False
P00243,20240914,2024-09-14,Instagram,Directo,Vídeo corto,1,5.0,J05,Derrota,CD Val de Oro,Local,29070.0,39927.0,1758.0,150,104,96.0,2108.0,37,53,60,False
P00244,20240914,2024-09-14,X,Resumen,Vídeo corto,1,5.0,J05,Derrota,CD Val de Oro,Local,18197.0,21981.0,357.0,27,21,35.0,440.0,9,10,8,False
P00245,20240914,2024-09-14,X,Previa,Texto,1,5.0,J05,Derrota,CD Val de Oro,Local,26360.0,37134.0,169.0,11,18,11.0,209.0,3,4,4,False
P00246,20240914,2024-09-14,X,Directo,Carrusel,1,5.0,J05,Derrota,CD Val de Oro,Local,23171.0,29341.0,295.0,15,27,26.0,363.0,4,5,6,False
P00247,20240914,2024-09-14,X,Previa,Texto,1,5.0,J05,Derrota,CD Val de Oro,Local,47125.0,61483.0,296.0,21,14,16.0,347.0,5,7,9,False
P00248,20240914,2024-09-14,X,Patrocinador,Texto,1,5.0,J05,Derrota,CD Val de Oro,Local,14846.0,19754.0,35.0,2,3,1.0,41.0,0,0,2,False
P00249,20240914,2024-09-14,Facebook,Directo,Imagen,1,5.0,J05,Derrota,CD Val de Oro,Local,10575.0,15230.0,105.0,10,9,8.0,132.0,3,2,5,False
P00250,20240914,2024-09-14,Facebook,Efeméride,Carrusel,1,5.0,J05,Derrota,CD Val de Oro,Local,26699.0,31748.0,172.0,14,13,20.0,219.0,4,6,4,False
P00251,20240914,2024-09-14,Facebook,Previa,Texto,1,5.0,J05,Derrota,CD Val de Oro,Local,20806.0,26307.0,185.0,16,13,9.0,223.0,4,4,8,False
P00252,20240914,2024-09-14,TikTok,Efeméride,Vídeo corto,1,5.0,J05,Derrota,CD Val de Oro,Local,10653.0,14749.0,868.0,62,80,73.0,1083.0,24,23,15,False
P00253,20240914,2024-09-14,TikTok,Directo,Vídeo corto,1,5.0,J05,Derrota,CD Val de Oro,Local,8066.0,10272.0,608.0,45,30,67.0,750.0,9,16,20,False
P00254,20240914,2024-09-14,TikTok,Previa,Vídeo corto,1,5.0,J05,Derrota,CD Val de Oro,Local,6635.0,9654.0,515.0,32,46,31.0,624.0,15,8,9,False
P00255,20240914,2024-09-14,YouTube,Entrenamiento,Vídeo corto,1,5.0,J05,Derrota,CD Val de Oro,Local,17852.0,23944.0,391.0,22,37,32.0,482.0,4,6,12,False
P00256,20240914,2024-09-14,YouTube,Fichajes,Vídeo largo,1,5.0,J05,Derrota,CD Val de Oro,Local,2762.0,3975.0,66.0,5,5,1.0,77.0,1,1,3,False
P00257,20240915,2024-09-15,Instagram,Afición,Texto,0,,,,,,12944.0,14521.0,658.0,42,58,27.0,785.0,24,7,11,False
P00258,20240915,2024-09-15,Facebook,Cantera,Vídeo corto,0,,,,,,16861.0,23971.0,197.0,13,18,19.0,247.0,6,3,4,False
P00259,20240915,2024-09-15,Facebook,Entrenamiento,Vídeo corto,0,,,,,,7731.0,11755.0,69.0,5,5,3.0,82.0,3,1,1,False
P00260,20240915,2024-09-15,Facebook,Resumen,Imagen,0,,,,,,13993.0,21752.0,288.0,15,29,17.0,349.0,6,4,5,False
P00261,20240915,2024-09-15,Facebook,Afición,Carrusel,0,,,,,,7990.0,11394.0,115.0,8,8,6.0,137.0,4,1,3,False
P00262,20240915,2024-09-15,TikTok,Afición,Vídeo corto,0,,,,,,7888.0,10157.0,981.0,69,59,149.0,1258.0,32,21,16,False
P00263,20240915,2024-09-15,YouTube,Entrenamiento,Vídeo corto,0,,,,,,7740.0,12121.0,218.0,17,20,16.0,271.0,9,3,5,False
P00264,20240916,2024-09-16,Instagram,Institucional,Vídeo corto,0,,,,,,42715.0,54666.0,1781.0,164,132,11.0,2088.0,78,48,38,False
P00265,20240916,2024-09-16,Instagram,Resumen,Imagen,0,,,,,,12311.0,20072.0,639.0,58,34,20.0,751.0,33,15,10,False
P00266,20240916,2024-09-16,Instagram,Entrenamiento,Imagen,0,,,,,,37773.0,57889.0,1594.0,104,110,78.0,1886.0,46,35,23,False
P00267,20240916,2024-09-16,Instagram,Patrocinador,Vídeo corto,0,,,,,,41466.0,55115.0,862.0,70,42,83.0,1057.0,36,12,22,False
P00268,20240916,2024-09-16,X,Afición,Texto,0,,,,,,11560.0,17761.0,162.0,14,13,0.0,189.0,7,2,5,False
P00269,20240916,2024-09-16,Facebook,Fichajes,Vídeo corto,0,,,,,,12637.0,19114.0,319.0,18,18,21.0,376.0,10,3,5,False
P00270,20240916,2024-09-16,TikTok,Afición,Vídeo corto,0,,,,,,11242.0,16916.0,913.0,69,92,24.0,1098.0,43,11,15,False
P00271,20240916,2024-09-16,YouTube,Resumen,Vídeo corto,0,,,,,,3112.0,3889.0,198.0,14,15,16.0,243.0,7,3,4,False
P00272,20240916,2024-09-16,YouTube,Cantera,Vídeo largo,0,,,,,,3827.0,6184.0,42.0,2,2,4.0,50.0,1,0,1,False
P00273,20240917,2024-09-17,X,Fichajes,Imagen,0,,,,,,14728.0,20060.0,258.0,22,28,14.0,322.0,11,5,6,False
P00274,20240917,2024-09-17,Facebook,Cantera,Imagen,0,,,,,,17816.0,27626.0,110.0,9,9,2.0,130.0,4,2,3,False
P00275,20240917,2024-09-17,TikTok,Fichajes,Vídeo corto,0,,,,,,6047.0,7631.0,654.0,60,36,45.0,795.0,29,14,17,False
P00276,20240917,2024-09-17,TikTok,Patrocinador,Vídeo corto,0,,,,,,4137.0,6630.0,252.0,17,17,9.0,295.0,8,3,6,False
P00277,20240918,2024-09-18,Instagram,Entrenamiento,Carrusel,0,,,,,,16961.0,22439.0,864.0,57,80,94.0,1095.0,27,17,13,False
P00278,20240918,2024-09-18,X,Institucional,Texto,0,,,,,,33440.0,50451.0,137.0,8,7,22.0,174.0,4,2,2,False
P00279,20240918,2024-09-18,X,Entrenamiento,Imagen,0,,,,,,19624.0,27532.0,330.0,25,19,19.0,393.0,13,5,7,False
P00280,20240918,2024-09-18,X,Resumen,Texto,0,,,,,,20116.0,23222.0,161.0,10,16,10.0,197.0,5,2,3,False
P00281,20240918,2024-09-18,Facebook,Fichajes,Imagen,0,,,,,,19976.0,25138.0,348.0,27,23,32.0,430.0,16,6,5,False
P00282,20240918,2024-09-18,Facebook,Resumen,Carrusel,0,,,,,,26119.0,38287.0,284.0,22,16,36.0,358.0,13,3,6,False
P00283,20240918,2024-09-18,Facebook,Patrocinador,Carrusel,0,,,,,,6370.0,8952.0,21.0,1,1,4.0,27.0,0,0,1,False
P00284,20240918,2024-09-18,Facebook,Entrenamiento,Imagen,0,,,,,,18347.0,24182.0,172.0,8,12,12.0,204.0,3,2,3,False
P00285,20240918,2024-09-18,Facebook,Fichajes,Vídeo largo,0,,,,,,7416.0,10990.0,110.0,10,8,12.0,140.0,5,2,3,False
P00286,20240918,2024-09-18,Facebook,Afición,Imagen,0,,,,,,24829.0,36835.0,309.0,25,32,0.0,366.0,13,6,6,False
P00287,20240918,2024-09-18,YouTube,Directo,Vídeo largo,0,,,,,,3924.0,4439.0,118.0,6,6,12.0,142.0,3,1,2,False
P00288,20240919,2024-09-19,X,Directo,Texto,0,,,,,,22746.0,31130.0,189.0,14,11,10.0,224.0,7,2,5,False
P00289,20240919,2024-09-19,X,Directo,Imagen,0,,,,,,36593.0,46215.0,812.0,59,41,33.0,945.0,26,12,21,False
P00290,20240919,2024-09-19,Facebook,Fichajes,Vídeo corto,0,,,,,,13389.0,15051.0,240.0,16,14,17.0,287.0,9,4,3,False
P00291,20240919,2024-09-19,YouTube,Cantera,Vídeo largo,0,,,,,,3975.0,5541.0,56.0,3,6,7.0,72.0,1,0,2,False
P00292,20240920,2024-09-20,Instagram,Entrenamiento,Imagen,0,,,,,,18105.0,25164.0,870.0,76,48,92.0,1086.0,46,16,14,False
P00293,20240920,2024-09-20,Instagram,Entrenamiento,Carrusel,0,,,,,,21980.0,28983.0,920.0,50,53,64.0,1087.0,23,14,13,False
P00294,20240920,2024-09-20,Facebook,Entrenamiento,Vídeo corto,0,,,,,,6636.0,10421.0,100.0,6,11,11.0,128.0,3,1,2,False
P00295,20240921,2024-09-21,Instagram,Entrenamiento,Imagen,0,,,,,,15611.0,20384.0,550.0,40,57,7.0,654.0,21,11,8,False
P00296,20240922,2024-09-22,Instagram,Directo,Vídeo corto,0,,,,,,27816.0,44406.0,2132.0,110,194,120.0,2556.0,55,29,26,False
P00297,20240922,2024-09-22,X,Efeméride,Imagen,0,,,,,,23936.0,37886.0,402.0,20,37,35.0,494.0,10,5,5,False
P00298,20240922,2024-09-22,TikTok,Patrocinador,Vídeo corto,0,,,,,,6519.0,8052.0,222.0,13,11,38.0,284.0,7,2,4,False
P00299,20240923,2024-09-23,Instagram,Fichajes,Imagen,0,,,,,,32041.0,48288.0,2036.0,155,207,107.0,2505.0,68,39,48,False
P00300,20240923,2024-09-23,Instagram,Afición,Texto,0,,,,,,17033.0,26364.0,393.0,23,34,54.0,504.0,15,4,4,False
P00301,20240923,2024-09-23,Facebook,Cantera,Imagen,0,,,,,,17733.0,28947.0,113.0,9,8,9.0,139.0,4,2,3,False
P00302,20240923,2024-09-23,TikTok,Entrenamiento,Vídeo corto,0,,,,,,5785.0,7068.0,670.0,39,43,95.0,847.0,19,12,8,False
P00303,20240923,2024-09-23,TikTok,Cantera,Vídeo corto,0,,,,,,7071.0,9501.0,541.0,27,40,28.0,636.0,14,5,8,False
P00304,20240923,2024-09-23,YouTube,Previa,Vídeo largo,0,,,,,,3391.0,5502.0,62.0,3,5,5.0,75.0,1,0,2,False
P00305,20240923,2024-09-23,YouTube,Efeméride,Vídeo largo,0,,,,,,9909.0,14524.0,306.0,14,17,25.0,362.0,7,2,5,False
P00306,20240923,2024-09-23,YouTube,Patrocinador,Vídeo corto,0,,,,,,3891.0,4454.0,61.0,3,4,9.0,77.0,1,0,2,False
P00307,20240924,2024-09-24,Facebook,Institucional,Carrusel,0,,,,,,22475.0,36377.0,130.0,7,8,8.0,153.0,3,1,3,False
P00308,20240925,2024-09-25,Instagram,Patrocinador,Texto,0,,,,,,20695.0,32757.0,324.0,20,21,50.0,415.0,10,5,5,False
P00309,20240925,2024-09-25,X,Cantera,Imagen,0,,,,,,18676.0,21884.0,172.0,14,13,2.0,201.0,8,3,3,False
P00310,20240925,2024-09-25,X,Resumen,Vídeo largo,0,,,,,,20225.0,22700.0,273.0,26,27,21.0,347.0,15,6,5,False
P00311,20240925,2024-09-25,Facebook,Fichajes,Vídeo corto,0,,,,,,25182.0,36057.0,443.0,31,39,49.0,562.0,16,5,10,False
P00312,20240925,2024-09-25,Facebook,Efeméride,Imagen,0,,,,,,39182.0,45889.0,336.0,21,15,27.0,399.0,13,3,5,False
P00313,20240925,2024-09-25,Facebook,Patrocinador,Imagen,0,,,,,,11062.0,13887.0,66.0,4,6,5.0,81.0,1,0,3,False
P00314,20240925,2024-09-25,Facebook,Efeméride,Carrusel,0,,,,,,6693.0,7930.0,67.0,3,5,4.0,79.0,1,0,2,False
P00315,20240925,2024-09-25,Facebook,Resumen,Vídeo corto,0,,,,,,20701.0,25364.0,492.0,44,24,32.0,592.0,21,12,11,False
P00316,20240925,2024-09-25,Facebook,Entrenamiento,Vídeo largo,0,,,,,,9474.0,12802.0,89.0,4,4,11.0,108.0,1,1,2,False
P00317,20240925,2024-09-25,TikTok,Resumen,Vídeo corto,0,,,,,,21508.0,32661.0,2846.0,181,157,297.0,3481.0,83,51,47,False
P00318,20240925,2024-09-25,TikTok,Institucional,Vídeo corto,0,,,,,,7580.0,11071.0,390.0,20,24,35.0,469.0,11,3,6,False
P00319,20240926,2024-09-26,Instagram,Patrocinador,Imagen,0,,,,,,14471.0,21966.0,152.0,13,7,18.0,190.0,7,2,4,False
P00320,20240926,2024-09-26,Facebook,Resumen,Vídeo corto,0,,,,,,27808.0,32236.0,477.0,27,46,16.0,566.0,14,4,9,False
P00321,20240926,2024-09-26,TikTok,Fichajes,Vídeo corto,0,,,,,,7402.0,8668.0,920.0,52,91,78.0,1141.0,24,11,17,False
P00322,20240927,2024-09-27,YouTube,Resumen,Vídeo corto,0,,,,,,7054.0,10323.0,426.0,21,45,23.0,515.0,10,5,6,False
P00323,20240928,2024-09-28,Instagram,Resumen,Carrusel,1,6.0,J06,Empate,SD Puente Nuevo,Visitante,24181.0,37672.0,1937.0,115,134,145.0,2331.0,55,31,29,False
P00324,20240928,2024-09-28,Instagram,Directo,Vídeo largo,1,6.0,J06,Empate,SD Puente Nuevo,Visitante,34689.0,52667.0,2825.0,259,265,84.0,3433.0,126,81,52,False
P00325,20240928,2024-09-28,Instagram,Directo,Carrusel,1,6.0,J06,Empate,SD Puente Nuevo,Visitante,16963.0,22726.0,971.0,61,75,51.0,1158.0,31,14,16,False
P00326,20240928,2024-09-28,X,Resumen,Imagen,1,6.0,J06,Empate,SD Puente Nuevo,Visitante,14641.0,17365.0,331.0,30,33,11.0,405.0,15,6,9,False
P00327,20240928,2024-09-28,X,Fichajes,Imagen,1,6.0,J06,Empate,SD Puente Nuevo,Visitante,18453.0,27650.0,364.0,18,36,39.0,457.0,8,5,5,False
P00328,20240928,2024-09-28,Facebook,Previa,Imagen,1,6.0,J06,Empate,SD Puente Nuevo,Visitante,15834.0,19355.0,146.0,7,9,9.0,171.0,3,2,2,False
P00329,20240928,2024-09-28,Facebook,Afición,Imagen,1,6.0,J06,Empate,SD Puente Nuevo,Visitante,18411.0,25159.0,248.0,13,22,17.0,300.0,6,3,4,False
P00330,20240928,2024-09-28,TikTok,Afición,Vídeo corto,1,6.0,J06,Empate,SD Puente Nuevo,Visitante,11993.0,18963.0,537.0,44,45,29.0,655.0,21,9,14,False
P00331,20240928,2024-09-28,TikTok,Resumen,Vídeo corto,1,6.0,J06,Empate,SD Puente Nuevo,Visitante,7599.0,8870.0,1297.0,119,114,62.0,1592.0,59,36,24,False
P00332,20240929,2024-09-29,Instagram,Patrocinador,Imagen,0,,,,,,23113.0,34001.0,279.0,19,22,20.0,340.0,9,4,6,False
P00333,20240929,2024-09-29,Instagram,Efeméride,Imagen,0,,,,,,21270.0,32509.0,602.0,42,61,11.0,716.0,22,7,13,False
P00334,20240929,2024-09-29,Instagram,Resumen,Vídeo corto,0,,,,,,16033.0,26207.0,1683.0,105,85,117.0,1990.0,62,20,23,False
P00335,20240929,2024-09-29,X,Patrocinador,Imagen,0,,,,,,22164.0,31340.0,89.0,4,7,10.0,110.0,1,1,2,False
P00336,20240929,2024-09-29,Facebook,Entrenamiento,Imagen,0,,,,,,14573.0,16969.0,135.0,7,14,15.0,171.0,3,1,3,False
P00337,20240929,2024-09-29,TikTok,Resumen,Vídeo corto,0,,,,,,5123.0,7067.0,500.0,37,49,16.0,602.0,22,8,7,False
P00338,20240929,2024-09-29,YouTube,Entrenamiento,Vídeo largo,0,,,,,,3886.0,4935.0,74.0,4,3,13.0,94.0,2,0,2,False
P00339,20240929,2024-09-29,YouTube,Resumen,Vídeo largo,0,,,,,,1309.0,2043.0,36.0,1,1,8.0,46.0,0,0,1,False
P00340,20240930,2024-09-30,Instagram,Institucional,Imagen,0,,,,,,58893.0,79015.0,1382.0,126,102,102.0,1712.0,74,23,29,False
P00341,20240930,2024-09-30,Facebook,Institucional,Carrusel,0,,,,,,10660.0,15591.0,50.0,4,4,1.0,59.0,2,0,2,False
P00342,20240930,2024-09-30,Facebook,Cantera,Imagen,0,,,,,,15726.0,20128.0,166.0,11,16,9.0,202.0,5,2,4,False
P00343,20240930,2024-09-30,Facebook,Afición,Imagen,0,,,,,,13782.0,19407.0,169.0,16,15,12.0,212.0,8,3,5,False
P00344,20241001,2024-10-01,Instagram,Previa,Vídeo corto,0,,,,,,35930.0,56378.0,2183.0,140,170,277.0,2770.0,55,38,47,False
P00345,20241001,2024-10-01,Instagram,Fichajes,Texto,0,,,,,,21320.0,30067.0,1052.0,101,85,90.0,1328.0,51,24,26,False
P00346,20241001,2024-10-01,Instagram,Cantera,Vídeo corto,0,,,,,,21974.0,27813.0,880.0,50,98,88.0,1116.0,25,10,15,False
P00347,20241001,2024-10-01,X,Previa,Texto,0,,,,,,10547.0,13133.0,73.0,5,5,4.0,87.0,2,1,2,False
P00348,20241001,2024-10-01,Facebook,Institucional,Imagen,0,,,,,,7799.0,11984.0,28.0,1,2,3.0,34.0,0,0,1,False
P00349,20241001,2024-10-01,Facebook,Institucional,Vídeo corto,0,,,,,,12483.0,16291.0,107.0,8,9,5.0,129.0,4,1,3,False
P00350,20241002,2024-10-02,Instagram,Previa,Imagen,0,,,,,,25620.0,39486.0,693.0,40,48,60.0,841.0,22,7,11,False
P00351,20241002,2024-10-02,Facebook,Patrocinador,Vídeo corto,0,,,,,,19216.0,25031.0,121.0,7,8,14.0,150.0,4,1,2,False
P00352,20241002,2024-10-02,Facebook,Entrenamiento,Vídeo corto,0,,,,,,10956.0,17624.0,93.0,6,7,7.0,113.0,2,1,3,False
P00353,20241003,2024-10-03,Instagram,Patrocinador,Carrusel,0,,,,,,19101.0,26884.0,598.0,34,51,46.0,729.0,12,10,12,False
P00354,20241003,2024-10-03,Instagram,Institucional,Imagen,0,,,,,,44121.0,61148.0,723.0,51,37,55.0,866.0,29,12,10,False
P00355,20241003,2024-10-03,X,Entrenamiento,Imagen,0,,,,,,36319.0,47108.0,524.0,35,41,38.0,638.0,19,10,6,False
P00356,20241003,2024-10-03,TikTok,Resumen,Vídeo corto,0,,,,,,12265.0,19759.0,1107.0,60,85,44.0,1296.0,26,19,15,False
P00357,20241003,2024-10-03,TikTok,Directo,Vídeo corto,0,,,,,,10815.0,16724.0,1458.0,79,143,96.0,1776.0,35,20,24,False
P00358,20241003,2024-10-03,TikTok,Resumen,Vídeo corto,0,,,,,,5823.0,8712.0,791.0,78,78,38.0,985.0,42,13,23,False
P00359,20241003,2024-10-03,TikTok,Cantera,Vídeo corto,0,,,,,,4261.0,5539.0,337.0,27,26,7.0,397.0,15,4,8,False
P00360,20241003,2024-10-03,YouTube,Institucional,Vídeo largo,0,,,,,,9503.0,13568.0,92.0,8,5,6.0,111.0,4,1,3,False
P00361,20241004,2024-10-04,Instagram,Efeméride,Imagen,0,,,,,,25733.0,31563.0,612.0,41,70,57.0,780.0,20,8,13,False
P00362,20241004,2024-10-04,Instagram,Patrocinador,Vídeo corto,0,,,,,,77714.0,120143.0,2855.0,207,214,200.0,3476.0,112,53,42,False
P00363,20241004,2024-10-04,Instagram,Entrenamiento,Imagen,0,,,,,,12412.0,18150.0,354.0,17,18,41.0,430.0,10,3,4,False
P00364,20241004,2024-10-04,Instagram,Afición,Carrusel,0,,,,,,6760.0,8398.0,310.0,21,26,10.0,367.0,10,5,6,False
P00365,20241004,2024-10-04,X,Cantera,Imagen,0,,,,,,28268.0,33685.0,247.0,16,22,17.0,302.0,6,5,5,False
P00366,20241004,2024-10-04,X,Efeméride,Texto,0,,,,,,12495.0,14355.0,114.0,6,8,8.0,136.0,3,1,2,False
P00367,20241004,2024-10-04,YouTube,Afición,Vídeo largo,0,,,,,,2098.0,2667.0,39.0,2,2,3.0,46.0,1,0,1,False
P00368,20241005,2024-10-05,Instagram,Resumen,Imagen,1,7.0,J07,Victoria,AD Genil,Local,24679.0,30375.0,1552.0,114,136,33.0,1835.0,79,12,23,False
P00369,20241005,2024-10-05,Instagram,Directo,Texto,1,7.0,J07,Victoria,AD Genil,Local,16165.0,23483.0,630.0,40,50,65.0,785.0,29,3,8,False
P00370,20241005,2024-10-05,X,Entrenamiento,Carrusel,1,7.0,J07,Victoria,AD Genil,Local,18706.0,21584.0,231.0,11,20,12.0,274.0,7,1,3,False
P00371,20241005,2024-10-05,X,Resumen,Imagen,1,7.0,J07,Victoria,AD Genil,Local,29283.0,46031.0,351.0,25,22,50.0,448.0,19,3,3,False
P00372,20241005,2024-10-05,X,Resumen,Vídeo corto,1,7.0,J07,Victoria,AD Genil,Local,14601.0,21001.0,477.0,38,34,22.0,571.0,23,7,8,False
P00373,20241005,2024-10-05,X,Directo,Imagen,1,7.0,J07,Victoria,AD Genil,Local,36033.0,56235.0,981.0,74,50,122.0,1227.0,51,14,9,False
P00374,20241005,2024-10-05,Facebook,Afición,Imagen,1,7.0,J07,Victoria,AD Genil,Local,41216.0,56810.0,696.0,57,71,9.0,833.0,35,7,15,False
P00375,20241005,2024-10-05,TikTok,Directo,Vídeo corto,1,7.0,J07,Victoria,AD Genil,Local,9950.0,14326.0,1420.0,85,80,117.0,1702.0,56,16,13,False
P00376,20241005,2024-10-05,TikTok,Fichajes,Vídeo corto,1,7.0,J07,Victoria,AD Genil,Local,9977.0,10777.0,1104.0,99,55,43.0,1301.0,62,20,17,False
P00377,20241005,2024-10-05,TikTok,Resumen,Vídeo corto,1,7.0,J07,Victoria,AD Genil,Local,5553.0,6301.0,1110.0,78,81,102.0,1371.0,52,14,12,False
P00378,20241005,2024-10-05,TikTok,Resumen,Vídeo corto,1,7.0,J07,Victoria,AD Genil,Local,10971.0,13747.0,2131.0,142,144,240.0,2657.0,93,17,32,False
P00379,20241005,2024-10-05,YouTube,Directo,Vídeo largo,1,7.0,J07,Victoria,AD Genil,Local,1581.0,2251.0,48.0,4,4,1.0,57.0,2,0,2,False
P00380,20241006,2024-10-06,Instagram,Patrocinador,Carrusel,0,,,,,,31354.0,36905.0,704.0,45,49,102.0,900.0,27,9,9,False
P00381,20241006,2024-10-06,Instagram,Patrocinador,Imagen,0,,,,,,47073.0,69898.0,786.0,60,77,17.0,940.0,32,14,14,False
P00382,20241006,2024-10-06,TikTok,Institucional,Vídeo corto,0,,,,,,12071.0,14004.0,654.0,59,46,27.0,786.0,25,20,14,False
P00383,20241006,2024-10-06,YouTube,Entrenamiento,Vídeo largo,0,,,,,,3280.0,4942.0,88.0,5,4,11.0,108.0,3,0,2,False
P00384,20241007,2024-10-07,Instagram,Fichajes,Vídeo corto,0,,,,,,22878.0,36082.0,1850.0,152,154,39.0,2195.0,97,23,32,False
P00385,20241007,2024-10-07,Instagram,Cantera,Vídeo corto,0,,,,,,12315.0,18281.0,870.0,62,58,115.0,1105.0,31,18,13,False
P00386,20241007,2024-10-07,Instagram,Previa,Vídeo corto,0,,,,,,39553.0,58052.0,1684.0,100,82,199.0,2065.0,61,24,15,False
P00387,20241007,2024-10-07,Facebook,Entrenamiento,Carrusel,0,,,,,,10834.0,12805.0,118.0,6,9,9.0,142.0,2,1,3,False
P00388,20241007,2024-10-07,Facebook,Resumen,Vídeo largo,0,,,,,,34622.0,56720.0,448.0,25,35,51.0,559.0,11,6,8,False
P00389,20241007,2024-10-07,TikTok,Previa,Vídeo corto,0,,,,,,4807.0,6653.0,448.0,22,47,38.0,555.0,10,5,7,False
P00390,20241008,2024-10-08,Instagram,Efeméride,Vídeo largo,0,,,,,,46330.0,51920.0,2126.0,198,183,182.0,2689.0,107,38,53,False
P00391,20241008,2024-10-08,Instagram,Previa,Vídeo corto,0,,,,,,31347.0,48759.0,1244.0,107,114,55.0,1520.0,57,29,21,False
P00392,20241008,2024-10-08,Instagram,Patrocinador,Vídeo corto,0,,,,,,32752.0,52919.0,938.0,47,53,78.0,1116.0,24,14,9,False
P00393,20241008,2024-10-08,Instagram,Entrenamiento,Vídeo corto,0,,,,,,22750.0,34630.0,1330.0,64,140,83.0,1617.0,30,12,22,False
P00394,20241008,2024-10-08,X,Efeméride,Vídeo corto,0,,,,,,42830.0,55551.0,805.0,67,64,54.0,990.0,39,13,15,False
P00395,20241008,2024-10-08,Facebook,Cantera,Imagen,0,,,,,,15797.0,23886.0,82.0,6,8,5.0,101.0,3,1,2,False
P00396,20241008,2024-10-08,YouTube,Patrocinador,Vídeo corto,0,,,,,,1764.0,2048.0,30.0,2,2,1.0,35.0,1,0,1,False
P00397,20241008,2024-10-08,YouTube,Efeméride,Vídeo corto,0,,,,,,3003.0,3397.0,99.0,8,5,11.0,123.0,5,1,2,False
P00398,20241009,2024-10-09,X,Entrenamiento,Vídeo largo,0,,,,,,44836.0,68804.0,632.0,59,62,26.0,779.0,34,15,10,False
P00399,20241009,2024-10-09,Facebook,Entrenamiento,Carrusel,0,,,,,,15737.0,23350.0,75.0,3,5,9.0,92.0,1,0,2,False
P00400,20241010,2024-10-10,Instagram,Institucional,Carrusel,0,,,,,,46354.0,53918.0,1061.0,66,55,157.0,1339.0,29,21,16,False
P00401,20241010,2024-10-10,Instagram,Fichajes,Vídeo corto,0,,,,,,14434.0,20056.0,1156.0,109,101,91.0,1457.0,50,25,34,False
P00402,20241010,2024-10-10,Instagram,Efeméride,Vídeo corto,0,,,,,,36436.0,54181.0,2618.0,139,251,247.0,3255.0,68,29,42,False
P00403,20241010,2024-10-10,Instagram,Entrenamiento,Vídeo corto,0,,,,,,63132.0,86329.0,2546.0,197,184,69.0,2996.0,106,39,52,False
P00404,20241010,2024-10-10,X,Cantera,Vídeo corto,0,,,,,,22135.0,28277.0,305.0,21,18,35.0,379.0,12,3,6,False
P00405,20241010,2024-10-10,X,Entrenamiento,Texto,0,,,,,,16520.0,22064.0,90.0,6,4,13.0,113.0,3,1,2,False
P00406,20241010,2024-10-10,X,Efeméride,Imagen,0,,,,,,18795.0,27540.0,221.0,16,18,25.0,280.0,9,3,4,False
P00407,20241010,2024-10-10,Facebook,Resumen,Carrusel,0,,,,,,14849.0,22222.0,288.0,21,26,12.0,347.0,10,4,7,False
P00408,20241010,2024-10-10,Facebook,Institucional,Imagen,0,,,,,,6427.0,8532.0,32.0,3,1,3.0,39.0,1,0,2,False
P00409,20241010,2024-10-10,TikTok,Entrenamiento,Vídeo corto,0,,,,,,10563.0,16522.0,1037.0,73,83,90.0,1283.0,41,11,21,False
P00410,20241011,2024-10-11,X,Patrocinador,Imagen,0,,,,,,10646.0,12880.0,71.0,4,5,11.0,91.0,1,1,2,False
P00411,20241011,2024-10-11,X,Directo,Imagen,0,,,,,,18592.0,25157.0,350.0,23,31,15.0,419.0,10,7,6,False
P00412,20241011,2024-10-11,X,Efeméride,Carrusel,0,,,,,,21580.0,32826.0,247.0,17,15,19.0,298.0,7,4,6,False
P00413,20241011,2024-10-11,Facebook,Previa,Vídeo corto,0,,,,,,22107.0,27401.0,387.0,20,26,57.0,490.0,8,5,7,False
P00414,20241011,2024-10-11,Facebook,Fichajes,Carrusel,0,,,,,,9483.0,11651.0,121.0,10,12,0.0,143.0,5,2,3,False
P00415,20241011,2024-10-11,Facebook,Cantera,Vídeo corto,0,,,,,,21552.0,29919.0,219.0,12,16,24.0,271.0,6,3,3,False
P00416,20241011,2024-10-11,TikTok,Cantera,Vídeo corto,0,,,,,,6633.0,8564.0,394.0,34,19,42.0,489.0,17,9,8,False
P00417,20241011,2024-10-11,TikTok,Cantera,Vídeo corto,0,,,,,,8811.0,13440.0,461.0,42,46,35.0,584.0,21,7,14,False
P00418,20241012,2024-10-12,Instagram,Previa,Vídeo corto,1,8.0,J08,Derrota,Real Xarama,Visitante,17071.0,20256.0,605.0,56,41,18.0,720.0,21,13,22,False
P00419,20241012,2024-10-12,Instagram,Directo,Vídeo largo,1,8.0,J08,Derrota,Real Xarama,Visitante,33672.0,48519.0,1607.0,110,135,93.5,1945.5,40,37,33,False
P00420,20241012,2024-10-12,Instagram,Patrocinador,Vídeo corto,1,8.0,J08,Derrota,Real Xarama,Visitante,15676.0,23826.0,337.0,27,24,31.0,419.0,11,7,9,False
P00421,20241012,2024-10-12,X,Patrocinador,Texto,1,8.0,J08,Derrota,Real Xarama,Visitante,35605.0,56645.0,56.0,3,4,7.0,70.0,0,1,2,False
P00422,20241012,2024-10-12,X,Fichajes,Texto,1,8.0,J08,Derrota,Real Xarama,Visitante,15090.0,20357.0,203.0,15,12,13.0,243.0,5,5,5,False
P00423,20241012,2024-10-12,X,Resumen,Texto,1,8.0,J08,Derrota,Real Xarama,Visitante,16589.0,22288.0,178.0,16,10,5.0,209.0,4,6,6,False
P00424,20241012,2024-10-12,X,Afición,Imagen,1,8.0,J08,Derrota,Real Xarama,Visitante,21183.0,31775.0,241.0,16,13,23.0,293.0,4,6,6,False
P00425,20241012,2024-10-12,X,Afición,Vídeo corto,1,8.0,J08,Derrota,Real Xarama,Visitante,27350.0,39516.0,642.0,36,35,37.0,750.0,10,16,10,False
P00426,20241012,2024-10-12,X,Afición,Imagen,1,8.0,J08,Derrota,Real Xarama,Visitante,12747.0,14415.0,184.0,14,11,14.0,223.0,3,4,7,False
P00427,20241012,2024-10-12,Facebook,Entrenamiento,Imagen,1,8.0,J08,Derrota,Real Xarama,Visitante,9588.0,14307.0,51.0,2,4,4.0,61.0,0,0,2,False
P00428,20241012,2024-10-12,Facebook,Resumen,Imagen,1,8.0,J08,Derrota,Real Xarama,Visitante,37789.0,50515.0,383.0,33,38,0.0,454.0,13,9,11,False
P00429,20241012,2024-10-12,Facebook,Directo,Vídeo corto,1,8.0,J08,Derrota,Real Xarama,Visitante,23346.0,27817.0,323.0,22,31,33.0,409.0,5,5,12,False
P00430,20241012,2024-10-12,Facebook,Patrocinador,Carrusel,1,8.0,J08,Derrota,Real Xarama,Visitante,41184.0,61161.0,206.0,18,14,6.0,244.0,7,5,6,False
P00431,20241012,2024-10-12,TikTok,Patrocinador,Vídeo corto,1,8.0,J08,Derrota,Real Xarama,Visitante,7991.0,10476.0,248.0,21,13,26.0,308.0,7,8,6,False
P00432,20241013,2024-10-13,Instagram,Entrenamiento,Texto,0,,,,,,24124.0,29376.0,527.0,51,39,58.0,675.0,28,12,11,False
P00433,20241013,2024-10-13,Instagram,Institucional,Vídeo largo,0,,,,,,36583.0,57879.0,401.0,29,21,35.0,486.0,18,5,6,False
P00434,20241013,2024-10-13,YouTube,Resumen,Vídeo largo,0,,,,,,6331.0,8649.0,321.0,20,32,7.0,380.0,13,3,4,False
P00435,20241014,2024-10-14,Instagram,Patrocinador,Vídeo corto,0,,,,,,17177.0,23788.0,525.0,43,45,14.0,627.0,24,7,12,False
P00436,20241014,2024-10-14,Instagram,Institucional,Imagen,0,,,,,,27539.0,40222.0,573.0,43,49,10.0,675.0,26,9,8,False
P00437,20241014,2024-10-14,Instagram,Previa,Vídeo corto,0,,,,,,22109.0,34000.0,1237.0,107,101,23.0,1468.0,52,25,30,False
P00438,20241014,2024-10-14,X,Patrocinador,Imagen,0,,,,,,43433.0,67097.0,174.0,12,8,20.0,214.0,5,2,5,False
P00439,20241014,2024-10-14,Facebook,Institucional,Imagen,0,,,,,,7377.0,9835.0,31.0,1,2,3.0,37.0,0,0,1,False
P00440,20241014,2024-10-14,YouTube,Resumen,Vídeo largo,0,,,,,,4615.0,7009.0,127.0,10,6,8.0,151.0,4,2,4,False
P00441,20241015,2024-10-15,Instagram,Previa,Vídeo largo,0,,,,,,29099.0,40912.0,464.0,25,52,41.0,582.0,14,4,7,False
P00442,20241015,2024-10-15,Instagram,Entrenamiento,Vídeo corto,0,,,,,,33120.0,46311.0,1364.0,106,151,120.0,1741.0,55,22,29,False
P00443,20241015,2024-10-15,X,Patrocinador,Texto,0,,,,,,9566.0,14185.0,64.0,5,4,4.0,77.0,2,1,2,False
P00444,20241015,2024-10-15,Facebook,Afición,Carrusel,0,,,,,,7751.0,11156.0,81.0,4,8,10.0,103.0,2,0,2,False
P00445,20241015,2024-10-15,Facebook,Cantera,Vídeo corto,0,,,,,,11852.0,15747.0,176.0,13,19,8.0,216.0,7,2,4,False
P00446,20241015,2024-10-15,YouTube,Institucional,Vídeo largo,0,,,,,,8445.0,12595.0,76.0,6,8,5.0,95.0,3,1,2,False
P00447,20241016,2024-10-16,Instagram,Institucional,Vídeo corto,0,,,,,,13413.0,18860.0,492.0,34,28,65.0,619.0,19,6,9,False
P00448,20241016,2024-10-16,X,Entrenamiento,Vídeo corto,0,,,,,,30253.0,43465.0,669.0,39,60,71.0,839.0,21,8,10,False
P00449,20241016,2024-10-16,Facebook,Resumen,Imagen,0,,,,,,57188.0,68507.0,758.0,47,40,93.0,938.0,27,9,11,False
P00450,20241016,2024-10-16,TikTok,Cantera,Vídeo corto,0,,,,,,6181.0,9276.0,352.0,31,17,34.0,434.0,16,8,7,False
P00451,20241016,2024-10-16,YouTube,Efeméride,Vídeo corto,0,,,,,,5873.0,3607.0,123.0,8,7,14.0,152.0,3,1,4,False
P00452,20241016,2024-10-16,YouTube,Previa,Vídeo largo,0,,,,,,1228.0,1882.0,23.0,1,2,3.0,29.0,0,0,1,False
P00453,20241016,2024-10-16,YouTube,Previa,Vídeo largo,0,,,,,,4008.0,5093.0,108.0,8,9,9.0,134.0,4,1,3,False
P00454,20241017,2024-10-17,Instagram,Fichajes,Texto,0,,,,,,20869.0,26524.0,1614.0,119,158,0.0,1891.0,66,28,25,False
P00455,20241017,2024-10-17,Instagram,Efeméride,Carrusel,0,,,,,,33882.0,42494.0,2185.0,178,114,90.0,2567.0,108,27,43,False
P00456,20241017,2024-10-17,Facebook,Patrocinador,Imagen,0,,,,,,29429.0,45124.0,78.0,5,7,7.0,97.0,2,1,2,False
P00457,20241017,2024-10-17,TikTok,Efeméride,Vídeo corto,0,,,,,,9369.0,12211.0,1038.0,62,87,27.0,1214.0,32,14,16,False
P00458,20241018,2024-10-18,Instagram,Institucional,Imagen,0,,,,,,13198.0,15483.0,358.0,26,32,20.0,436.0,15,6,5,False
P00459,20241018,2024-10-18,Instagram,Entrenamiento,Vídeo corto,0,,,,,,35974.0,50368.0,2454.0,188,167,108.0,2917.0,80,46,62,False
P00460,20241018,2024-10-18,Instagram,Efeméride,Texto,0,,,,,,37036.0,46307.0,945.0,55,84,92.0,1176.0,32,10,13,False
P00461,20241018,2024-10-18,X,Resumen,Carrusel,0,,,,,,38192.0,56180.0,1036.0,63,98,126.0,1323.0,29,17,17,False
P00462,20241018,2024-10-18,X,Cantera,Texto,0,,,,,,16041.0,22566.0,78.0,4,5,7.0,94.0,2,0,2,False
P00463,20241018,2024-10-18,X,Cantera,Vídeo corto,0,,,,,,20770.0,28467.0,265.0,15,16,20.0,316.0,8,3,4,False
P00464,20241018,2024-10-18,YouTube,Patrocinador,Vídeo corto,0,,,,,,7189.0,10183.0,87.0,7,4,5.0,103.0,4,1,2,False
P00465,20241019,2024-10-19,Instagram,Resumen,Imagen,1,9.0,J09,Victoria,SD Torrelinda,Local,10730.0,15142.0,569.0,47,38,59.0,713.0,36,4,7,False
P00466,20241019,2024-10-19,X,Efeméride,Vídeo corto,1,9.0,J09,Victoria,SD Torrelinda,Local,14724.0,17255.0,261.0,20,22,15.0,318.0,12,4,4,False
P00467,20241019,2024-10-19,X,Previa,Imagen,1,9.0,J09,Victoria,SD Torrelinda,Local,29622.0,36557.0,440.0,31,22,39.0,532.0,22,3,6,False
P00468,20241019,2024-10-19,X,Resumen,Vídeo largo,1,9.0,J09,Victoria,SD Torrelinda,Local,10312.0,15889.0,278.0,14,28,14.0,334.0,9,2,3,False
P00469,20241019,2024-10-19,Facebook,Directo,Imagen,1,9.0,J09,Victoria,SD Torrelinda,Local,32702.0,49380.0,469.0,28,36,43.0,576.0,13,5,10,False
P00470,20241019,2024-10-19,Facebook,Previa,Vídeo corto,1,9.0,J09,Victoria,SD Torrelinda,Local,10900.0,16252.0,256.0,23,17,17.0,313.0,14,3,6,False
P00471,20241019,2024-10-19,Facebook,Directo,Vídeo corto,1,9.0,J09,Victoria,SD Torrelinda,Local,17422.0,22402.0,368.0,30,37,1.0,436.0,17,6,7,False
P00472,20241019,2024-10-19,Facebook,Resumen,Vídeo corto,1,9.0,J09,Victoria,SD Torrelinda,Local,24032.0,31558.0,463.0,34,28,32.0,557.0,22,5,7,False
P00473,20241019,2024-10-19,TikTok,Directo,Vídeo corto,1,9.0,J09,Victoria,SD Torrelinda,Local,12189.0,17599.0,1514.0,114,107,32.0,1767.0,81,19,14,False
P00474,20241019,2024-10-19,TikTok,Directo,Vídeo corto,1,9.0,J09,Victoria,SD Torrelinda,Local,12041.0,14582.0,1271.0,73,74,74.0,1492.0,55,6,12,False
P00475,20241020,2024-10-20,Instagram,Resumen,Carrusel,0,,,,,,55399.0,64159.0,3167.0,261,242,91.0,3761.0,131,81,49,False
P00476,20241020,2024-10-20,X,Afición,Texto,0,,,,,,8353.0,10346.0,63.0,5,4,4.0,76.0,1,1,3,False
P00477,20241020,2024-10-20,X,Cantera,Texto,0,,,,,,17273.0,20609.0,110.0,6,11,4.0,131.0,3,1,2,False
P00478,20241020,2024-10-20,X,Institucional,Vídeo largo,0,,,,,,12065.0,19549.0,90.0,5,8,11.0,114.0,2,1,2,False
P00479,20241020,2024-10-20,X,Patrocinador,Vídeo corto,0,,,,,,41927.0,58762.0,413.0,31,27,39.0,510.0,14,6,11,False
P00480,20241020,2024-10-20,Facebook,Fichajes,Vídeo corto,0,,,,,,3751.0,4717.0,80.0,6,4,8.0,98.0,3,1,2,False
P00481,20241020,2024-10-20,Facebook,Cantera,Imagen,0,,,,,,15525.0,20075.0,99.0,7,9,1.0,116.0,3,1,3,False
P00482,20241020,2024-10-20,Facebook,Entrenamiento,Carrusel,0,,,,,,15886.0,22806.0,169.0,16,12,18.0,215.0,10,2,4,False
P00483,20241020,2024-10-20,TikTok,Cantera,Vídeo corto,0,,,,,,14231.0,21302.0,883.0,48,52,80.0,1063.0,26,12,10,False
P00484,20241020,2024-10-20,TikTok,Resumen,Vídeo corto,0,,,,,,9754.0,4721.0,450.0,35,47,0.0,532.0,18,6,11,False
P00485,20241020,2024-10-20,TikTok,Patrocinador,Vídeo corto,0,,,,,,9876.0,10476.0,299.0,25,19,35.0,378.0,12,6,7,False
P00486,20241020,2024-10-20,YouTube,Institucional,Vídeo largo,0,,,,,,9545.0,12438.0,134.0,8,13,6.0,161.0,3,2,3,False
P00487,20241020,2024-10-20,YouTube,Patrocinador,Vídeo corto,0,,,,,,7252.0,8699.0,160.0,9,13,22.0,204.0,6,1,2,False
P00488,20241021,2024-10-21,X,Resumen,Texto,0,,,,,,20056.0,22807.0,329.0,20,26,17.0,392.0,11,4,5,False
P00489,20241021,2024-10-21,YouTube,Entrenamiento,Vídeo largo,0,,,,,,1608.0,2342.0,28.0,1,1,3.0,33.0,0,0,1,False
P00490,20241022,2024-10-22,Instagram,Previa,Imagen,0,,,,,,571800.0,643320.0,20832.0,1896,1296,66.0,24090.0,34,19,1843,False
P00491,20241022,2024-10-22,Instagram,Afición,Carrusel,0,,,,,,12390.0,18878.0,704.0,62,62,69.0,897.0,29,17,16,False
P00492,20241022,2024-10-22,Instagram,Patrocinador,Imagen,0,,,,,,16311.0,23851.0,258.0,21,13,37.0,329.0,10,3,8,False
P00493,20241022,2024-10-22,X,Patrocinador,Texto,0,,,,,,75245.0,98146.0,110.0,9,7,14.0,140.0,5,1,3,False
P00494,20241022,2024-10-22,Facebook,Cantera,Carrusel,0,,,,,,6009.0,6974.0,52.0,4,3,2.0,61.0,2,0,2,False
P00495,20241022,2024-10-22,Facebook,Patrocinador,Vídeo corto,0,,,,,,25017.0,29371.0,384.0,30,20,44.0,478.0,15,7,8,False
P00496,20241022,2024-10-22,Facebook,Fichajes,Imagen,0,,,,,,19284.0,31224.0,215.0,15,24,17.0,271.0,8,3,4,False
P00497,20241022,2024-10-22,Facebook,Entrenamiento,Carrusel,0,,,,,,32701.0,44949.0,339.0,20,26,45.0,430.0,11,3,6,False
P00498,20241023,2024-10-23,Instagram,Directo,Imagen,0,,,,,,41055.0,59180.0,1931.0,107,158,78.0,2274.0,67,15,25,False
P00499,20241023,2024-10-23,Facebook,Entrenamiento,Carrusel,0,,,,,,17326.0,20485.0,177.0,10,16,10.0,213.0,5,2,3,False
P00500,20241023,2024-10-23,Facebook,Patrocinador,Vídeo corto,0,,,,,,25443.0,40741.0,193.0,12,16,10.0,231.0,6,2,4,False
P00501,20241023,2024-10-23,Facebook,Fichajes,Carrusel,0,,,,,,13199.0,17341.0,283.0,19,27,32.0,361.0,10,3,6,False
P00502,20241023,2024-10-23,TikTok,Afición,Vídeo corto,0,,,,,,7361.0,10762.0,812.0,78,76,61.0,1027.0,49,13,16,False
P00503,20241023,2024-10-23,TikTok,Patrocinador,Vídeo corto,0,,,,,,4178.0,5041.0,188.0,15,16,11.0,230.0,7,4,4,False
P00504,20241023,2024-10-23,YouTube,Entrenamiento,Vídeo corto,0,,,,,,4326.0,5142.0,87.0,8,9,7.0,111.0,3,1,4,False
P00505,20241024,2024-10-24,X,Previa,Vídeo largo,0,,,,,,39389.0,50523.0,539.0,49,54,0.0,642.0,26,8,15,False
P00506,20241024,2024-10-24,X,Efeméride,Texto,0,,,,,,8546.0,9882.0,87.0,5,5,10.0,107.0,2,0,3,False
P00507,20241024,2024-10-24,Facebook,Cantera,Carrusel,0,,,,,,10354.0,12724.0,97.0,7,8,2.0,114.0,2,1,4,False
P00508,20241025,2024-10-25,Instagram,Cantera,Vídeo corto,0,,,,,,27511.0,32072.0,1002.0,81,85,110.0,1278.0,44,20,17,False
P00509,20241025,2024-10-25,Facebook,Afición,Imagen,0,,,,,,29753.0,48812.0,406.0,29,38,35.0,508.0,16,6,7,False
P00510,20241025,2024-10-25,TikTok,Patrocinador,Vídeo corto,0,,,,,,5072.0,6321.0,237.0,19,14,21.0,291.0,9,3,7,False
P00511,20241026,2024-10-26,Instagram,Previa,Imagen,1,10.0,J10,Derrota,UD Almendral,Visitante,18273.0,25842.0,411.0,41,29,37.0,518.0,11,16,14,False
P00512,20241026,2024-10-26,Instagram,Previa,Carrusel,1,10.0,J10,Derrota,UD Almendral,Visitante,34791.0,54418.0,1305.0,72,76,182.0,1635.0,20,22,30,False
P00513,20241026,2024-10-26,X,Institucional,Carrusel,1,10.0,J10,Derrota,UD Almendral,Visitante,25036.0,38713.0,189.0,12,15,21.0,237.0,4,3,5,False
P00514,20241026,2024-10-26,X,Institucional,Texto,1,10.0,J10,Derrota,UD Almendral,Visitante,31658.0,42458.0,89.0,6,8,8.0,111.0,1,2,3,False
P00515,20241026,2024-10-26,X,Previa,Vídeo corto,1,10.0,J10,Derrota,UD Almendral,Visitante,15056.0,19965.0,199.0,13,20,21.0,253.0,4,4,5,False
P00516,20241026,2024-10-26,X,Directo,Imagen,1,10.0,J10,Derrota,UD Almendral,Visitante,14190.0,16319.0,342.0,23,21,18.0,404.0,5,8,10,False
P00517,20241026,2024-10-26,Facebook,Directo,Vídeo largo,1,10.0,J10,Derrota,UD Almendral,Visitante,18616.0,30557.0,134.0,9,7,12.0,162.0,3,2,4,False
P00518,20241026,2024-10-26,Facebook,Resumen,Vídeo largo,1,10.0,J10,Derrota,UD Almendral,Visitante,17855.0,29208.0,98.0,8,6,4.0,116.0,2,3,3,False
P00519,20241026,2024-10-26,Facebook,Directo,Carrusel,1,10.0,J10,Derrota,UD Almendral,Visitante,28877.0,33577.0,218.0,20,21,4.0,263.0,7,7,6,False
P00520,20241026,2024-10-26,Facebook,Fichajes,Vídeo corto,1,10.0,J10,Derrota,UD Almendral,Visitante,14218.0,19591.0,222.0,19,16,8.0,265.0,6,5,8,False
P00521,20241026,2024-10-26,Facebook,Entrenamiento,Carrusel,1,10.0,J10,Derrota,UD Almendral,Visitante,25092.0,31334.0,178.0,14,18,0.0,210.0,3,4,7,False
P00522,20241026,2024-10-26,Facebook,Fichajes,Imagen,1,10.0,J10,Derrota,UD Almendral,Visitante,28190.0,35518.0,434.0,22,33,27.0,516.0,6,5,11,False
P00523,20241026,2024-10-26,TikTok,Entrenamiento,Vídeo corto,1,10.0,J10,Derrota,UD Almendral,Visitante,10304.0,15602.0,468.0,22,47,16.0,553.0,8,5,9,False
P00524,20241026,2024-10-26,TikTok,Fichajes,Vídeo corto,1,10.0,J10,Derrota,UD Almendral,Visitante,8244.0,9565.0,1763.0,163,141,35.0,2102.0,59,46,58,False
P00525,20241026,2024-10-26,YouTube,Efeméride,Vídeo corto,1,10.0,J10,Derrota,UD Almendral,Visitante,17934.0,25213.0,569.0,39,42,27.0,677.0,10,11,18,False
P00526,20241027,2024-10-27,X,Fichajes,Texto,0,,,,,,27809.0,42768.0,391.0,29,41,34.0,495.0,15,7,7,False
P00527,20241027,2024-10-27,X,Cantera,Texto,0,,,,,,16480.0,22732.0,113.0,10,7,4.0,134.0,5,2,3,False
P00528,20241027,2024-10-27,Facebook,Fichajes,Imagen,0,,,,,,26438.0,38517.0,413.0,32,27,17.0,489.0,20,5,7,False
P00529,20241027,2024-10-27,Facebook,Fichajes,Imagen,0,,,,,,10658.0,14248.0,199.0,11,20,17.0,247.0,5,3,3,False
P00530,20241027,2024-10-27,TikTok,Entrenamiento,Vídeo corto,0,,,,,,7340.0,9074.0,732.0,49,55,46.0,882.0,25,11,13,False
P00531,20241027,2024-10-27,YouTube,Resumen,Vídeo corto,0,,,,,,3268.0,3704.0,248.0,19,18,6.0,291.0,9,4,6,False
P00532,20241028,2024-10-28,Instagram,Efeméride,Vídeo corto,0,,,,,,23649.0,33084.0,1745.0,130,113,107.0,2095.0,86,23,21,False
P00533,20241028,2024-10-28,Instagram,Resumen,Imagen,0,,,,,,33510.0,49407.0,1320.0,92,92,53.0,1557.0,48,27,17,False
P00534,20241028,2024-10-28,Instagram,Institucional,Imagen,0,,,,,,17428.0,21017.0,192.0,15,10,18.0,235.0,7,4,4,False
P00535,20241028,2024-10-28,X,Cantera,Vídeo corto,0,,,,,,24510.0,36708.0,294.0,15,25,35.0,369.0,8,3,4,False
P00536,20241028,2024-10-28,Facebook,Entrenamiento,Carrusel,0,,,,,,16850.0,26152.0,144.0,11,14,11.0,180.0,6,2,3,False
P00537,20241028,2024-10-28,Facebook,Efeméride,Carrusel,0,,,,,,16897.0,19110.0,213.0,19,22,7.0,261.0,9,4,6,False
P00538,20241028,2024-10-28,Facebook,Entrenamiento,Texto,0,,,,,,26010.0,41346.0,248.0,14,18,39.0,319.0,7,2,5,False
P00539,20241028,2024-10-28,YouTube,Efeméride,Vídeo largo,0,,,,,,3755.0,5406.0,98.0,6,5,7.0,116.0,2,1,3,False
P00540,20241028,2024-10-28,YouTube,Resumen,Vídeo corto,0,,,,,,3856.0,5500.0,214.0,11,13,13.0,251.0,6,2,3,False
P00541,20241029,2024-10-29,Instagram,Entrenamiento,Imagen,0,,,,,,31999.0,38716.0,1148.0,94,64,63.0,1369.0,60,13,21,False
P00542,20241029,2024-10-29,Instagram,Patrocinador,Imagen,0,,,,,,25055.0,34410.0,457.0,27,40,48.0,572.0,14,5,8,False
P00543,20241029,2024-10-29,X,Patrocinador,Texto,0,,,,,,14053.0,21546.0,84.0,6,8,2.0,100.0,2,1,3,False
P00544,20241029,2024-10-29,X,Afición,Vídeo corto,0,,,,,,44156.0,62981.0,1024.0,65,98,107.0,1294.0,33,15,17,False
P00545,20241029,2024-10-29,Facebook,Entrenamiento,Imagen,0,,,,,,16415.0,18909.0,141.0,13,15,12.0,181.0,7,2,4,False
P00546,20241029,2024-10-29,TikTok,Patrocinador,Vídeo corto,0,,,,,,3607.0,4620.0,207.0,10,10,31.0,258.0,5,2,3,False
P00547,20241029,2024-10-29,TikTok,Fichajes,Vídeo corto,0,,,,,,6176.0,7551.0,884.0,63,53,58.0,1058.0,32,15,16,False
P00548,20241030,2024-10-30,Instagram,Entrenamiento,Texto,0,,,,,,50735.0,83186.0,1181.0,117,66,125.0,1489.0,62,23,32,False
P00549,20241030,2024-10-30,Instagram,Cantera,Vídeo corto,0,,,,,,55274.0,62393.0,3693.0,177,346,193.0,4409.0,95,31,51,False
P00550,20241030,2024-10-30,X,Patrocinador,Vídeo corto,0,,,,,,19405.0,30717.0,147.0,7,14,10.0,178.0,4,1,2,False
P00551,20241030,2024-10-30,X,Efeméride,Texto,0,,,,,,17549.0,24193.0,148.0,9,8,14.0,179.0,5,1,3,False
P00552,20241030,2024-10-30,Facebook,Cantera,Vídeo corto,0,,,,,,13423.0,15807.0,118.0,7,9,10.0,144.0,4,1,2,False
P00553,20241031,2024-10-31,Instagram,Patrocinador,Vídeo corto,0,,,,,,12018.0,16064.0,287.0,24,28,1.0,340.0,12,5,7,False
P00554,20241031,2024-10-31,X,Entrenamiento,Vídeo corto,0,,,,,,18677.0,23662.0,290.0,23,25,17.0,355.0,11,5,7,False
P00555,20241031,2024-10-31,Facebook,Patrocinador,Imagen,0,,,,,,11406.0,13030.0,40.0,2,3,5.0,50.0,1,0,1,False
P00556,20241031,2024-10-31,Facebook,Entrenamiento,Vídeo corto,0,,,,,,7185.0,10901.0,100.0,5,7,6.0,118.0,2,1,2,False
P00557,20241031,2024-10-31,Facebook,Cantera,Imagen,0,,,,,,10171.0,21428.0,53.0,2,5,4.0,64.0,1,0,1,False
P00558,20241031,2024-10-31,TikTok,Efeméride,Vídeo corto,0,,,,,,8865.0,13630.0,708.0,62,38,25.0,833.0,35,13,14,False
P00559,20241101,2024-11-01,Instagram,Cantera,Imagen,0,,,,,,21252.0,26905.0,445.0,37,45,44.0,571.0,22,7,8,False
P00560,20241101,2024-11-01,X,Patrocinador,Vídeo corto,0,,,,,,25643.0,34805.0,195.0,13,17,23.0,248.0,6,3,4,False
P00561,20241101,2024-11-01,Facebook,Patrocinador,Imagen,0,,,,,,17267.0,21646.0,83.0,5,4,11.0,103.0,2,1,2,False
P00562,20241101,2024-11-01,TikTok,Patrocinador,Vídeo corto,0,,,,,,6773.0,10543.0,328.0,25,26,17.0,396.0,13,5,7,False
P00563,20241102,2024-11-02,Instagram,Institucional,Imagen,0,,,,,,27499.0,44905.0,569.0,38,28,31.0,666.0,22,6,10,False
P00564,20241102,2024-11-02,Instagram,Entrenamiento,Imagen,0,,,,,,51425.0,63608.0,1134.0,67,76,125.0,1402.0,36,16,15,False
P00565,20241102,2024-11-02,Facebook,Resumen,Vídeo corto,0,,,,,,13721.0,21455.0,332.0,29,29,8.0,398.0,18,5,6,False
P00566,20241102,2024-11-02,Facebook,Entrenamiento,Vídeo largo,0,,,,,,19029.0,25157.0,156.0,13,8,15.0,192.0,7,3,3,False
P00567,20241102,2024-11-02,YouTube,Efeméride,Vídeo largo,0,,,,,,5782.0,6570.0,141.0,10,9,14.0,174.0,5,1,4,False
P00568,20241103,2024-11-03,Instagram,Efeméride,Vídeo corto,0,,,,,,18498.0,30077.0,925.0,54,96,104.0,1179.0,30,14,10,False
P00569,20241103,2024-11-03,Instagram,Entrenamiento,Imagen,0,,,,,,47549.0,60714.0,1794.0,96,192,103.0,2185.0,55,15,26,False
P00570,20241103,2024-11-03,Instagram,Entrenamiento,Vídeo corto,0,,,,,,15037.0,17754.0,609.0,58,64,28.0,759.0,31,10,17,False
P00571,20241103,2024-11-03,X,Entrenamiento,Vídeo corto,0,,,,,,29820.0,39882.0,604.0,54,48,57.0,763.0,32,11,11,False
P00572,20241103,2024-11-03,X,Institucional,Imagen,0,,,,,,24105.0,34301.0,214.0,14,13,16.0,257.0,6,2,6,False
P00573,20241103,2024-11-03,X,Entrenamiento,Imagen,0,,,,,,18783.0,22918.0,177.0,17,12,20.0,226.0,7,4,6,False
P00574,20241103,2024-11-03,Facebook,Entrenamiento,Imagen,0,,,,,,13461.0,19704.0,122.0,10,13,11.0,156.0,5,2,3,False
P00575,20241103,2024-11-03,Facebook,Directo,Imagen,0,,,,,,13810.0,16497.0,143.0,8,10,19.0,180.0,4,1,3,False
P00576,20241103,2024-11-03,Facebook,Entrenamiento,Vídeo corto,0,,,,,,23806.0,29573.0,361.0,28,33,22.0,444.0,16,5,7,False
P00577,20241103,2024-11-03,Facebook,Patrocinador,Imagen,0,,,,,,17211.0,26919.0,55.0,4,4,5.0,68.0,2,1,1,False
P00578,20241103,2024-11-03,TikTok,Resumen,Vídeo corto,0,,,,,,11197.0,18417.0,1386.0,129,144,0.0,1659.0,58,43,28,False
P00579,20241104,2024-11-04,Instagram,Previa,Carrusel,0,,,,,,25288.0,40161.0,655.0,36,49,72.0,812.0,18,9,9,False
P00580,20241104,2024-11-04,Instagram,Patrocinador,Vídeo corto,0,,,,,,50861.0,60449.0,1918.0,117,198,153.0,2386.0,60,21,36,False
P00581,20241104,2024-11-04,X,Efeméride,Imagen,0,,,,,,9845.0,14852.0,122.0,11,6,5.0,144.0,6,1,4,False
P00582,20241104,2024-11-04,X,Previa,Texto,0,,,,,,23649.0,35448.0,211.0,17,15,22.0,265.0,8,3,6,False
P00583,20241104,2024-11-04,X,Cantera,Imagen,0,,,,,,12735.0,16815.0,122.0,8,9,10.0,149.0,4,1,3,False
P00584,20241104,2024-11-04,X,Cantera,Imagen,0,,,,,,14769.0,16919.0,107.0,9,6,11.0,133.0,4,3,2,False
P00585,20241104,2024-11-04,Facebook,Institucional,Carrusel,0,,,,,,12754.0,16671.0,80.0,7,4,7.0,98.0,4,1,2,False
P00586,20241104,2024-11-04,Facebook,Cantera,Texto,0,,,,,,8744.0,10301.0,42.0,2,3,6.0,53.0,1,0,1,False
P00587,20241105,2024-11-05,Instagram,Resumen,Vídeo corto,0,,,,,,18349.0,27730.0,1079.0,90,106,0.0,1275.0,53,13,24,False
P00588,20241105,2024-11-05,X,Institucional,Texto,0,,,,,,16641.0,20960.0,137.0,9,9,2.0,157.0,4,2,3,False
P00589,20241105,2024-11-05,X,Entrenamiento,Texto,0,,,,,,14814.0,23375.0,110.0,5,7,14.0,136.0,2,1,2,False
P00590,20241105,2024-11-05,YouTube,Patrocinador,Vídeo corto,0,,,,,,6919.0,7996.0,100.0,5,6,10.0,121.0,2,0,3,False
P00591,20241106,2024-11-06,X,Entrenamiento,Texto,0,,,,,,25108.0,37039.0,174.0,14,16,15.0,219.0,7,3,4,False
P00592,20241106,2024-11-06,X,Institucional,Imagen,0,,,,,,27098.0,41192.0,99.0,8,6,2.0,115.0,3,1,4,False
P00593,20241106,2024-11-06,X,Entrenamiento,Vídeo largo,0,,,,,,29076.0,35872.0,259.0,21,23,8.0,311.0,11,3,7,False
P00594,20241106,2024-11-06,X,Previa,Vídeo corto,0,,,,,,27888.0,37725.0,640.0,36,41,65.0,782.0,26,3,7,False
P00595,20241106,2024-11-06,X,Afición,Imagen,0,,,,,,25207.0,37267.0,294.0,25,24,0.0,343.0,13,4,8,False
P00596,20241106,2024-11-06,Facebook,Efeméride,Carrusel,0,,,,,,8231.0,13179.0,114.0,7,6,8.0,135.0,3,1,3,False
P00597,20241107,2024-11-07,Instagram,Cantera,Imagen,0,,,,,,16067.0,18706.0,346.0,19,32,43.0,440.0,11,4,4,False
P00598,20241107,2024-11-07,Instagram,Cantera,Carrusel,0,,,,,,39753.0,64486.0,970.0,88,49,87.0,1194.0,45,16,27,False
P00599,20241107,2024-11-07,Instagram,Entrenamiento,Carrusel,0,,,,,,35667.0,44802.0,1343.0,69,114,102.0,1628.0,46,13,10,False
P00600,20241107,2024-11-07,Instagram,Previa,Vídeo corto,0,,,,,,15442.0,23607.0,1266.0,61,86,82.0,1495.0,33,11,17,False
P00601,20241107,2024-11-07,X,Entrenamiento,Imagen,0,,,,,,9435.0,11427.0,115.0,5,9,8.0,137.0,2,1,2,False
P00602,20241107,2024-11-07,X,Efeméride,Imagen,0,,,,,,18576.0,44836.0,311.0,21,25,37.0,394.0,10,5,6,False
P00603,20241107,2024-11-07,YouTube,Entrenamiento,Vídeo corto,0,,,,,,2117.0,2587.0,69.0,5,6,9.0,89.0,2,1,2,False
P00604,20241108,2024-11-08,X,Cantera,Texto,0,,,,,,29643.0,37561.0,259.0,15,21,21.0,316.0,8,3,4,False
P00605,20241108,2024-11-08,X,Institucional,Texto,0,,,,,,15463.0,21172.0,113.0,6,11,5.0,135.0,3,1,2,False
P00606,20241108,2024-11-08,X,Resumen,Vídeo corto,0,,,,,,18560.0,20834.0,456.0,35,34,27.0,552.0,15,10,10,False
P00607,20241108,2024-11-08,X,Institucional,Texto,0,,,,,,17620.0,24424.0,149.0,8,11,17.0,185.0,4,1,3,False
P00608,20241108,2024-11-08,YouTube,Afición,Vídeo largo,0,,,,,,7693.0,10369.0,187.0,11,18,11.0,227.0,5,2,4,False
P00609,20241108,2024-11-08,YouTube,Entrenamiento,Vídeo largo,0,,,,,,8365.0,13002.0,131.0,11,6,15.0,163.0,6,2,3,False
P00610,20241109,2024-11-09,Instagram,Directo,Carrusel,1,11.0,J11,Derrota,CD Bahía Norte,Visitante,44399.0,59342.0,1502.0,83,108,55.0,1748.0,23,23,37,False
P00611,20241109,2024-11-09,Instagram,Resumen,Vídeo corto,1,11.0,J11,Derrota,CD Bahía Norte,Visitante,10952.0,12401.0,880.0,65,87,0.0,1032.0,31,19,15,False
P00612,20241109,2024-11-09,Instagram,Directo,Vídeo corto,1,11.0,J11,Derrota,CD Bahía Norte,Visitante,35166.0,50616.0,2794.0,194,212,160.0,3360.0,63,63,68,False
P00613,20241109,2024-11-09,Instagram,Directo,Texto,1,11.0,J11,Derrota,CD Bahía Norte,Visitante,28860.0,46347.0,860.0,67,57,45.0,1029.0,23,27,17,False
P00614,20241109,2024-11-09,Instagram,Previa,Vídeo corto,1,11.0,J11,Derrota,CD Bahía Norte,Visitante,31304.0,39347.0,1079.0,96,99,79.0,1353.0,11,45,40,False
P00615,20241109,2024-11-09,Instagram,Previa,Imagen,1,11.0,J11,Derrota,CD Bahía Norte,Visitante,41600.0,57896.0,1380.0,103,153,131.0,1767.0,24,28,51,False
P00616,20241109,2024-11-09,Instagram,Resumen,Carrusel,1,11.0,J11,Derrota,CD Bahía Norte,Visitante,30170.0,37985.0,1049.0,96,65,104.0,1314.0,33,22,41,False
P00617,20241109,2024-11-09,X,Directo,Imagen,1,11.0,J11,Derrota,CD Bahía Norte,Visitante,10026.0,12994.0,106.0,6,9,12.0,133.0,1,2,3,False
P00618,20241109,2024-11-09,X,Institucional,Carrusel,1,11.0,J11,Derrota,CD Bahía Norte,Visitante,39559.0,58563.0,196.0,10,10,27.0,243.0,2,2,6,False
P00619,20241109,2024-11-09,X,Directo,Vídeo corto,1,11.0,J11,Derrota,CD Bahía Norte,Visitante,19717.0,23860.0,298.0,25,17,7.0,347.0,7,10,8,False
P00620,20241109,2024-11-09,X,Afición,Texto,1,11.0,J11,Derrota,CD Bahía Norte,Visitante,37758.0,44609.0,200.0,13,21,13.0,247.0,3,3,7,False
P00621,20241109,2024-11-09,Facebook,Resumen,Imagen,1,11.0,J11,Derrota,CD Bahía Norte,Visitante,37373.0,42184.0,455.0,35,24,16.0,530.0,10,9,16,False
P00622,20241109,2024-11-09,Facebook,Institucional,Carrusel,1,11.0,J11,Derrota,CD Bahía Norte,Visitante,21486.0,26858.0,97.0,8,8,3.0,116.0,2,3,3,False
P00623,20241109,2024-11-09,Facebook,Directo,Texto,1,11.0,J11,Derrota,CD Bahía Norte,Visitante,15129.0,23168.0,91.0,8,7,4.0,110.0,2,2,4,False
P00624,20241109,2024-11-09,Facebook,Patrocinador,Vídeo corto,1,11.0,J11,Derrota,CD Bahía Norte,Visitante,9567.0,15120.0,41.0,2,3,6.0,52.0,0,0,2,False
P00625,20241109,2024-11-09,TikTok,Institucional,Vídeo corto,1,11.0,J11,Derrota,CD Bahía Norte,Visitante,8302.0,12629.0,247.0,14,21,30.0,312.0,4,5,5,False
P00626,20241109,2024-11-09,TikTok,Afición,Vídeo corto,1,11.0,J11,Derrota,CD Bahía Norte,Visitante,13722.0,16923.0,1225.0,80,75,116.0,1496.0,28,18,34,False
P00627,20241109,2024-11-09,YouTube,Directo,Vídeo largo,1,11.0,J11,Derrota,CD Bahía Norte,Visitante,4530.0,5589.0,109.0,5,11,7.0,132.0,1,1,3,False
P00628,20241110,2024-11-10,X,Entrenamiento,Imagen,0,,,,,,26209.0,39053.0,323.0,16,17,20.0,376.0,10,3,3,False
P00629,20241110,2024-11-10,X,Entrenamiento,Texto,0,,,,,,31994.0,40527.0,385.0,26,23,47.0,481.0,14,5,7,False
P00630,20241110,2024-11-10,Facebook,Entrenamiento,Imagen,0,,,,,,9925.0,15460.0,55.0,5,5,0.0,65.0,2,0,3,False
P00631,20241111,2024-11-11,Instagram,Entrenamiento,Imagen,0,,,,,,49740.0,66245.0,2015.0,127,200,29.0,2371.0,60,23,44,False
P00632,20241111,2024-11-11,X,Patrocinador,Texto,0,,,,,,31810.0,37226.0,102.0,8,5,8.0,123.0,3,1,4,False
P00633,20241111,2024-11-11,TikTok,Cantera,Vídeo corto,0,,,,,,3885.0,5913.0,312.0,23,22,12.0,369.0,13,5,5,False
P00634,20241111,2024-11-11,TikTok,Cantera,Vídeo corto,0,,,,,,10234.0,15511.0,768.0,68,51,77.0,964.0,36,14,18,False
P00635,20241112,2024-11-12,Instagram,Directo,Carrusel,0,,,,,,40254.0,63987.0,1943.0,171,175,33.0,2322.0,118,31,22,False
P00636,20241112,2024-11-12,X,Fichajes,Vídeo corto,0,,,,,,10742.0,13316.0,206.0,14,16,8.0,244.0,8,3,3,False
P00637,20241112,2024-11-12,Facebook,Patrocinador,Texto,0,,,,,,13649.0,17556.0,40.0,3,2,3.0,48.0,1,0,2,False
P00638,20241112,2024-11-12,Facebook,Entrenamiento,Vídeo corto,0,,,,,,11361.0,15883.0,130.0,10,11,6.0,157.0,5,2,3,False
P00639,20241112,2024-11-12,TikTok,Institucional,Vídeo corto,0,,,,,,8302.5,11724.0,606.0,49,39,41.0,735.0,27,8,14,False
P00640,20241112,2024-11-12,TikTok,Patrocinador,Vídeo corto,0,,,,,,16509.0,22148.0,788.0,50,46,68.0,952.0,25,12,13,False
P00641,20241113,2024-11-13,Instagram,Afición,Carrusel,0,,,,,,24732.0,29937.0,1211.0,108,134,55.0,1508.0,57,23,28,False
P00642,20241113,2024-11-13,X,Entrenamiento,Carrusel,0,,,,,,8737.0,12596.0,126.0,9,10,4.0,149.0,4,2,3,False
P00643,20241113,2024-11-13,Facebook,Entrenamiento,Imagen,0,,,,,,15725.0,24299.0,89.0,4,8,6.0,107.0,2,0,2,False
P00644,20241113,2024-11-13,Facebook,Efeméride,Imagen,0,,,,,,9329.0,14592.0,53.0,3,3,6.0,65.0,1,0,2,False
P00645,20241113,2024-11-13,YouTube,Patrocinador,Vídeo largo,0,,,,,,3004.0,3748.0,52.0,4,5,5.0,66.0,1,1,2,False
P00646,20241114,2024-11-14,Facebook,Patrocinador,Imagen,0,,,,,,7053.0,9017.0,33.0,2,3,1.0,39.0,1,0,1,False
P00647,20241114,2024-11-14,Facebook,Resumen,Carrusel,0,,,,,,13102.0,16269.0,113.0,10,6,9.0,138.0,5,1,4,False
P00648,20241114,2024-11-14,Facebook,Entrenamiento,Vídeo corto,0,,,,,,16629.0,27404.0,169.0,9,10,24.0,212.0,5,1,3,False
P00649,20241114,2024-11-14,TikTok,Entrenamiento,Vídeo corto,0,,,,,,6873.0,10740.0,601.0,45,32,59.0,737.0,29,8,8,False
P00650,20241115,2024-11-15,X,Entrenamiento,Vídeo corto,0,,,,,,29346.0,35581.0,579.0,42,47,12.0,680.0,19,8,15,False
P00651,20241115,2024-11-15,X,Resumen,Vídeo largo,0,,,,,,17389.0,21461.0,335.0,24,19,20.0,398.0,14,4,6,False
P00652,20241115,2024-11-15,Facebook,Cantera,Vídeo corto,0,,,,,,9905.0,11373.0,94.0,6,8,8.0,116.0,3,1,2,False
P00653,20241115,2024-11-15,TikTok,Institucional,Vídeo corto,0,,,,,,7334.0,9487.0,280.0,27,25,20.0,352.0,13,6,8,False
P00654,20241115,2024-11-15,TikTok,Patrocinador,Vídeo corto,0,,,,,,15445.0,20348.0,873.0,72,45,75.0,1065.0,39,16,17,False
P00655,20241115,2024-11-15,TikTok,Institucional,Vídeo corto,0,,,,,,8303.0,12985.0,411.0,37,24,32.0,504.0,19,9,9,False
P00656,20241115,2024-11-15,YouTube,Institucional,Vídeo largo,0,,,,,,4724.0,5400.0,45.0,4,3,6.0,58.0,2,1,1,False
P00657,20241115,2024-11-15,YouTube,Directo,Vídeo corto,0,,,,,,2986.0,4555.0,133.0,9,9,7.0,158.0,4,1,4,False
P00658,20241116,2024-11-16,Instagram,Resumen,Carrusel,1,12.0,J12,Derrota,Sporting de Cabo,Visitante,59857.0,67642.0,4076.0,254,424,18.0,4772.0,100,78,76,False
P00659,20241116,2024-11-16,Instagram,Previa,Vídeo corto,1,12.0,J12,Derrota,Sporting de Cabo,Visitante,16617.0,25981.0,904.0,69,46,51.0,1070.0,26,27,16,False
P00660,20241116,2024-11-16,X,Directo,Imagen,1,12.0,J12,Derrota,Sporting de Cabo,Visitante,15839.0,22752.0,212.0,18,10,17.5,257.5,7,5,6,False
P00661,20241116,2024-11-16,X,Resumen,Imagen,1,12.0,J12,Derrota,Sporting de Cabo,Visitante,20831.0,24654.0,305.0,27,28,21.0,381.0,10,10,7,False
P00662,20241116,2024-11-16,X,Cantera,Vídeo corto,1,12.0,J12,Derrota,Sporting de Cabo,Visitante,12864.0,20909.0,130.0,8,8,19.0,165.0,2,3,3,False
P00663,20241116,2024-11-16,X,Afición,Imagen,1,12.0,J12,Derrota,Sporting de Cabo,Visitante,21648.0,32909.0,367.0,29,40,27.0,463.0,11,7,11,False
P00664,20241116,2024-11-16,X,Afición,Imagen,1,12.0,J12,Derrota,Sporting de Cabo,Visitante,19355.0,25988.0,220.0,12,16,11.0,259.0,5,2,5,False
P00665,20241116,2024-11-16,Facebook,Institucional,Carrusel,1,12.0,J12,Derrota,Sporting de Cabo,Visitante,13846.0,17712.0,86.0,7,6,2.0,101.0,2,1,4,False
P00666,20241116,2024-11-16,Facebook,Efeméride,Imagen,1,12.0,J12,Derrota,Sporting de Cabo,Visitante,19414.0,24502.0,164.0,16,11,13.0,204.0,4,6,6,False
P00667,20241116,2024-11-16,Facebook,Fichajes,Imagen,1,12.0,J12,Derrota,Sporting de Cabo,Visitante,36492.0,54625.0,513.0,27,45,39.0,624.0,10,6,11,False
P00668,20241116,2024-11-16,TikTok,Directo,Vídeo corto,1,12.0,J12,Derrota,Sporting de Cabo,Visitante,7550.0,12332.0,573.0,41,44,27.0,685.0,12,15,14,False
P00669,20241116,2024-11-16,YouTube,Afición,Vídeo largo,1,12.0,J12,Derrota,Sporting de Cabo,Visitante,5583.0,8287.0,94.0,7,7,10.0,118.0,2,2,3,False
P00670,20241117,2024-11-17,X,Cantera,Imagen,0,,,,,,22431.0,26873.0,272.0,24,17,27.0,340.0,15,3,6,False
P00671,20241117,2024-11-17,X,Entrenamiento,Imagen,0,,,,,,16457.0,26001.0,255.0,22,14,31.0,322.0,12,4,6,False
P00672,20241117,2024-11-17,X,Cantera,Texto,0,,,,,,36421.0,56159.0,203.0,10,19,15.0,247.0,5,2,3,False
P00673,20241117,2024-11-17,X,Patrocinador,Imagen,0,,,,,,23703.0,32941.0,113.0,8,8,14.0,143.0,4,1,3,False
P00674,20241117,2024-11-17,Facebook,Patrocinador,Vídeo corto,0,,,,,,16379.0,19432.0,91.0,7,7,4.0,109.0,3,1,3,False
P00675,20241117,2024-11-17,Facebook,Efeméride,Texto,0,,,,,,16487.0,24453.0,101.0,6,6,16.0,129.0,3,1,2,False
P00676,20241117,2024-11-17,Facebook,Afición,Imagen,0,,,,,,17003.5,29984.0,182.0,11,11,14.0,218.0,6,2,3,False
P00677,20241117,2024-11-17,TikTok,Cantera,Vídeo corto,0,,,,,,4386.0,5185.0,242.0,24,18,24.0,308.0,14,5,5,False
P00678,20241118,2024-11-18,Instagram,Patrocinador,Vídeo corto,0,,,,,,19908.0,23038.0,581.0,54,36,71.0,742.0,24,18,12,False
P00679,20241118,2024-11-18,Instagram,Afición,Vídeo corto,0,,,,,,22318.0,33005.0,1446.0,78,108,62.0,1694.0,43,21,14,False
P00680,20241118,2024-11-18,X,Efeméride,Imagen,0,,,,,,47460.0,55930.0,1000.0,86,50,54.0,1190.0,44,24,18,False
P00681,20241118,2024-11-18,X,Patrocinador,Vídeo corto,0,,,,,,13114.0,17244.0,136.0,11,12,0.0,159.0,5,2,4,False
P00682,20241118,2024-11-18,Facebook,Efeméride,Imagen,0,,,,,,13249.0,19129.0,80.0,3,7,4.0,94.0,1,0,2,False
P00683,20241118,2024-11-18,Facebook,Resumen,Vídeo corto,0,,,,,,8661.0,9979.0,145.0,13,13,4.0,175.0,6,2,5,False
P00684,20241118,2024-11-18,TikTok,Fichajes,Vídeo corto,0,,,,,,7781.0,9125.0,831.0,50,86,89.0,1056.0,28,11,11,False
P00685,20241118,2024-11-18,TikTok,Previa,Vídeo corto,0,,,,,,5375.0,7488.0,519.0,46,54,0.0,619.0,24,9,13,False
P00686,20241119,2024-11-19,X,Resumen,Texto,0,,,,,,9450.0,12386.0,163.0,11,11,13.0,198.0,5,2,4,False
P00687,20241119,2024-11-19,Facebook,Institucional,Vídeo corto,0,,,,,,29018.0,38047.0,154.0,8,12,15.0,189.0,5,1,2,False
P00688,20241119,2024-11-19,Facebook,Fichajes,Imagen,0,,,,,,22397.0,34908.0,479.0,38,51,18.5,586.5,20,8,10,False
P00689,20241119,2024-11-19,TikTok,Cantera,Vídeo corto,0,,,,,,5074.0,5797.0,404.0,19,20,43.0,486.0,9,3,7,False
P00690,20241119,2024-11-19,TikTok,Resumen,Vídeo corto,0,,,,,,13503.0,20810.0,2046.0,139,178,56.0,2419.0,66,46,27,False
P00691,20241120,2024-11-20,Instagram,Resumen,Carrusel,0,,,,,,27836.0,33414.0,1757.0,101,179,143.0,2180.0,44,35,22,False
P00692,20241120,2024-11-20,Facebook,Cantera,Vídeo corto,0,,,,,,15103.0,17906.0,105.0,10,8,10.0,133.0,5,2,3,False
P00693,20241120,2024-11-20,Facebook,Entrenamiento,Imagen,0,,,,,,21448.0,26071.0,101.0,8,7,5.0,121.0,3,1,4,False
P00694,20241120,2024-11-20,TikTok,Patrocinador,Vídeo corto,0,,,,,,14230.0,20214.0,634.0,61,68,41.0,804.0,32,12,17,False
P00695,20241120,2024-11-20,TikTok,Entrenamiento,Vídeo corto,0,,,,,,10294.0,14437.0,759.0,56,49,70.0,934.0,22,12,22,False
P00696,20241120,2024-11-20,YouTube,Efeméride,Vídeo corto,0,,,,,,6062.0,9837.0,242.0,15,17,33.0,307.0,7,3,5,False
P00697,20241121,2024-11-21,Instagram,Entrenamiento,Carrusel,0,,,,,,21227.0,26362.0,896.0,75,52,98.0,1121.0,38,15,22,False
P00698,20241121,2024-11-21,Instagram,Fichajes,Carrusel,0,,,,,,18323.0,23072.0,1082.0,79,94,110.0,1365.0,36,17,26,False
P00699,20241121,2024-11-21,Facebook,Cantera,Imagen,0,,,,,,20904.0,33492.0,179.0,12,18,9.0,218.0,5,2,5,False
P00700,20241121,2024-11-21,YouTube,Cantera,Vídeo largo,0,,,,,,6197.0,9619.0,98.0,8,9,6.0,121.0,4,2,2,False
P00701,20241121,2024-11-21,YouTube,Fichajes,Vídeo corto,0,,,,,,4240.0,6709.0,424.0,37,35,8.0,504.0,19,7,11,True
P00702,20241122,2024-11-22,Instagram,Entrenamiento,Imagen,0,,,,,,41518.0,60303.0,1735.0,126,172,30.0,2063.0,68,26,32,False
P00703,20241122,2024-11-22,Instagram,Efeméride,Imagen,0,,,,,,37010.0,55326.0,1074.0,67,107,108.0,1356.0,40,11,16,False
P00704,20241122,2024-11-22,X,Patrocinador,Imagen,0,,,,,,39952.0,50270.0,180.0,15,12,17.0,224.0,8,3,4,False
P00705,20241122,2024-11-22,X,Efeméride,Carrusel,0,,,,,,15935.0,19537.0,212.0,14,16,15.0,257.0,6,3,5,False
P00706,20241122,2024-11-22,TikTok,Institucional,Vídeo corto,0,,,,,,8302.5,10883.0,383.0,27,24,44.0,478.0,9,8,10,False
P00707,20241122,2024-11-22,TikTok,Efeméride,Vídeo corto,0,,,,,,6423.0,10155.0,544.0,41,51,31.0,667.0,24,6,11,False
P00708,20241123,2024-11-23,Instagram,Resumen,Vídeo corto,1,13.0,J13,Victoria,CF Ponent,Local,15215.0,24263.0,2702.0,200,212,218.0,3332.0,148,22,30,True
P00709,20241123,2024-11-23,Instagram,Directo,Vídeo largo,1,13.0,J13,Victoria,CF Ponent,Local,85466.0,109633.0,3411.0,185,345,93.5,4034.5,122,28,35,False
P00710,20241123,2024-11-23,X,Entrenamiento,Imagen,1,13.0,J13,Victoria,CF Ponent,Local,21966.0,34504.0,374.0,23,39,17.0,453.0,16,3,4,False
P00711,20241123,2024-11-23,X,Cantera,Vídeo largo,1,13.0,J13,Victoria,CF Ponent,Local,25676.0,40562.0,317.0,16,33,36.0,402.0,10,2,4,False
P00712,20241123,2024-11-23,X,Previa,Texto,1,13.0,J13,Victoria,CF Ponent,Local,50913.0,57752.0,509.0,37,55,36.0,637.0,30,2,5,False
P00713,20241123,2024-11-23,X,Resumen,Vídeo corto,1,13.0,J13,Victoria,CF Ponent,Local,23369.0,26908.0,663.0,54,47,27.0,791.0,39,5,10,False
P00714,20241123,2024-11-23,Facebook,Resumen,Vídeo largo,1,13.0,J13,Victoria,CF Ponent,Local,19748.0,25364.0,406.0,36,38,31.0,511.0,22,7,7,False
P00715,20241123,2024-11-23,Facebook,Directo,Vídeo largo,1,13.0,J13,Victoria,CF Ponent,Local,90132.0,147451.0,1745.0,166,147,126.0,2184.0,128,22,16,False
P00716,20241123,2024-11-23,Facebook,Previa,Vídeo largo,1,13.0,J13,Victoria,CF Ponent,Local,14720.0,17513.0,123.0,8,7,16.0,154.0,4,1,3,False
P00717,20241123,2024-11-23,YouTube,Cantera,Vídeo largo,1,13.0,J13,Victoria,CF Ponent,Local,5628.0,6553.0,164.0,14,12,5.0,195.0,9,2,3,False
P00718,20241124,2024-11-24,Instagram,Resumen,Vídeo corto,0,,,,,,14719.0,18954.0,1172.0,72,118,116.0,1478.0,36,16,20,False
P00719,20241124,2024-11-24,Instagram,Entrenamiento,Imagen,0,,,,,,18231.0,21545.0,338.0,31,22,19.0,410.0,17,6,8,False
P00720,20241124,2024-11-24,X,Previa,Carrusel,0,,,,,,28666.0,43418.0,478.0,45,29,15.0,567.0,30,9,6,False
P00721,20241124,2024-11-24,Facebook,Cantera,Imagen,0,,,,,,44148.0,60165.0,380.0,34,38,34.0,486.0,20,8,6,False
P00722,20241124,2024-11-24,Facebook,Patrocinador,Vídeo corto,0,,,,,,21064.0,32292.0,156.0,9,14,5.0,184.0,4,2,3,False
P00723,20241124,2024-11-24,Facebook,Institucional,Imagen,0,,,,,,7645.0,12592.0,44.0,3,2,6.0,55.0,1,0,2,False
P00724,20241124,2024-11-24,Facebook,Patrocinador,Texto,0,,,,,,8767.0,11588.0,20.0,1,1,2.0,24.0,0,0,1,False
P00725,20241125,2024-11-25,Instagram,Fichajes,Imagen,0,,,,,,21388.0,35176.0,1408.0,89,126,141.0,1764.0,43,18,28,False
P00726,20241125,2024-11-25,X,Entrenamiento,Texto,0,,,,,,12596.0,17254.0,129.0,8,7,11.0,155.0,5,1,2,False
P00727,20241125,2024-11-25,Facebook,Patrocinador,Vídeo corto,0,,,,,,5389.0,6750.0,47.0,3,3,7.0,60.0,1,0,2,False
P00728,20241125,2024-11-25,Facebook,Institucional,Imagen,0,,,,,,22609.0,36761.0,162.0,8,14,15.0,199.0,3,2,3,False
P00729,20241125,2024-11-25,Facebook,Entrenamiento,Imagen,0,,,,,,21987.0,27012.0,194.0,12,10,18.0,234.0,6,3,3,False
P00730,20241125,2024-11-25,Facebook,Efeméride,Vídeo corto,0,,,,,,12938.0,15721.0,182.0,13,18,1.0,214.0,6,3,4,False
P00731,20241125,2024-11-25,YouTube,Efeméride,Vídeo largo,0,,,,,,6911.0,8987.0,95.0,7,5,7.0,114.0,3,1,3,False
P00732,20241125,2024-11-25,YouTube,Efeméride,Vídeo corto,0,,,,,,4473.0,7101.0,100.0,6,9,9.0,124.0,3,1,2,False
P00733,20241125,2024-11-25,YouTube,Patrocinador,Vídeo largo,0,,,,,,3868.0,5296.0,46.0,2,4,3.0,55.0,1,0,1,False
P00734,20241126,2024-11-26,Instagram,Institucional,Carrusel,0,,,,,,17014.0,27466.0,659.0,59,56,56.0,830.0,27,15,17,False
P00735,20241126,2024-11-26,Instagram,Cantera,Vídeo largo,0,,,,,,14353.0,19692.0,283.0,25,20,7.0,335.0,12,4,9,False
P00736,20241126,2024-11-26,Instagram,Cantera,Imagen,0,,,,,,35349.0,52226.0,1283.0,124,112,93.0,1612.0,73,23,28,False
P00737,20241126,2024-11-26,X,Institucional,Imagen,0,,,,,,34418.0,52665.0,487.0,40,32,37.0,596.0,21,10,9,False
P00738,20241126,2024-11-26,X,Entrenamiento,Texto,0,,,,,,29979.0,47500.0,308.0,25,23,39.0,395.0,10,7,8,False
P00739,20241126,2024-11-26,X,Resumen,Imagen,0,,,,,,18692.0,28747.0,311.0,20,28,7.0,366.0,10,5,5,False
P00740,20241126,2024-11-26,Facebook,Patrocinador,Vídeo corto,0,,,,,,16722.0,20520.0,116.0,10,6,11.0,143.0,5,2,3,False
P00741,20241126,2024-11-26,Facebook,Entrenamiento,Vídeo corto,0,,,,,,22789.0,25613.0,300.0,25,15,36.0,376.0,12,5,8,False
P00742,20241126,2024-11-26,Facebook,Previa,Vídeo corto,0,,,,,,30012.0,22474.0,391.0,31,40,20.0,482.0,16,8,7,False
P00743,20241126,2024-11-26,Facebook,Institucional,Vídeo corto,0,,,,,,18723.0,30120.0,86.0,8,8,7.0,109.0,4,2,2,False
P00744,20241126,2024-11-26,YouTube,Entrenamiento,Vídeo largo,0,,,,,,2895.0,3413.0,54.0,3,5,2.0,64.0,1,0,2,False
P00745,20241127,2024-11-27,Instagram,Entrenamiento,Imagen,0,,,,,,36888.0,55819.0,1746.0,148,114,136.0,2144.0,78,36,34,False
P00746,20241127,2024-11-27,X,Afición,Vídeo corto,0,,,,,,35233.0,54912.0,754.0,72,68,32.0,926.0,38,14,20,False
P00747,20241127,2024-11-27,X,Fichajes,Texto,0,,,,,,24039.0,38877.0,469.0,40,42,0.0,551.0,23,8,9,False
P00748,20241127,2024-11-27,Facebook,Efeméride,Imagen,0,,,,,,10246.0,14450.0,71.0,4,5,3.0,83.0,2,0,2,False
P00749,20241128,2024-11-28,Instagram,Entrenamiento,Imagen,0,,,,,,47994.0,73920.0,1939.0,178,97,184.0,2398.0,96,32,50,False
P00750,20241128,2024-11-28,X,Fichajes,Imagen,0,,,,,,16196.0,19469.0,363.0,18,33,21.0,435.0,9,5,4,False
P00751,20241128,2024-11-28,X,Previa,Texto,0,,,,,,15715.0,20652.0,139.0,13,9,14.0,175.0,7,3,3,False
P00752,20241128,2024-11-28,X,Entrenamiento,Imagen,0,,,,,,14451.0,17878.0,229.0,11,12,25.0,277.0,6,2,3,False
P00753,20241128,2024-11-28,X,Afición,Texto,0,,,,,,12698.0,20637.0,259.0,15,18,23.0,315.0,9,3,3,False
P00754,20241128,2024-11-28,Facebook,Cantera,Vídeo largo,0,,,,,,14850.0,19901.0,85.0,6,8,7.0,106.0,3,1,2,False
P00755,20241128,2024-11-28,Facebook,Patrocinador,Carrusel,0,,,,,,21533.0,26490.0,110.0,9,11,5.0,135.0,5,1,3,False
P00756,20241128,2024-11-28,Facebook,Cantera,Imagen,0,,,,,,42468.0,57784.0,279.0,18,22,21.0,340.0,8,5,5,False
P00757,20241128,2024-11-28,YouTube,Institucional,Vídeo largo,0,,,,,,13269.0,17954.0,215.0,12,12,17.0,256.0,7,1,4,False
P00758,20241129,2024-11-29,Instagram,Previa,Texto,0,,,,,,34588.0,50753.0,1053.0,77,76,135.0,1341.0,39,19,19,False
P00759,20241129,2024-11-29,Instagram,Cantera,Imagen,0,,,,,,9440.0,11380.0,179.0,13,18,18.0,228.0,7,3,3,False
P00760,20241129,2024-11-29,Instagram,Entrenamiento,Imagen,0,,,,,,22995.0,34682.0,584.0,37,61,61.0,743.0,18,8,11,False
P00761,20241129,2024-11-29,X,Previa,Imagen,0,,,,,,33119.0,43358.0,330.0,23,19,35.0,407.0,13,3,7,False
P00762,20241129,2024-11-29,X,Cantera,Texto,0,,,,,,10749.0,15159.0,76.0,6,8,3.0,93.0,3,1,2,False
P00763,20241129,2024-11-29,Facebook,Institucional,Vídeo corto,0,,,,,,20107.0,33099.0,275.0,19,21,6.0,321.0,10,3,6,False
P00764,20241129,2024-11-29,Facebook,Directo,Imagen,0,,,,,,15524.0,25404.0,175.0,15,10,9.0,209.0,7,3,5,False
P00765,20241129,2024-11-29,Facebook,Entrenamiento,Carrusel,0,,,,,,10159.0,16362.0,108.0,6,7,12.0,133.0,3,1,2,False
P00766,20241130,2024-11-30,Instagram,Resumen,Carrusel,1,14.0,J14,Victoria,CD Miravalle,Local,50178.0,69830.0,4947.0,240,454,168.0,5809.0,155,31,54,False
P00767,20241130,2024-11-30,Instagram,Institucional,Vídeo corto,1,14.0,J14,Victoria,CD Miravalle,Local,43952.0,55271.0,1823.0,91,150,134.0,2198.0,56,13,22,False
P00768,20241130,2024-11-30,Instagram,Entrenamiento,Vídeo corto,1,14.0,J14,Victoria,CD Miravalle,Local,35350.0,40949.0,1858.0,143,204,71.0,2276.0,98,23,22,False
P00769,20241130,2024-11-30,X,Resumen,Imagen,1,14.0,J14,Victoria,CD Miravalle,Local,11727.0,18332.0,256.0,21,13,13.0,303.0,16,1,4,False
P00770,20241130,2024-11-30,X,Resumen,Carrusel,1,14.0,J14,Victoria,CD Miravalle,Local,21497.0,34860.0,613.0,36,39,45.0,733.0,23,5,8,False
P00771,20241130,2024-11-30,X,Afición,Imagen,1,14.0,J14,Victoria,CD Miravalle,Local,24820.0,30680.0,648.0,44,50,62.0,804.0,29,6,9,False
P00772,20241130,2024-11-30,X,Previa,Imagen,1,14.0,J14,Victoria,CD Miravalle,Local,8666.0,9889.0,100.0,5,10,1.0,116.0,3,0,2,False
P00773,20241130,2024-11-30,Facebook,Directo,Imagen,1,14.0,J14,Victoria,CD Miravalle,Local,15220.0,20411.0,325.0,28,20,8.0,381.0,16,4,8,False
P00774,20241130,2024-11-30,Facebook,Directo,Vídeo corto,1,14.0,J14,Victoria,CD Miravalle,Local,26941.0,30552.0,647.0,32,38,44.0,761.0,21,5,6,False
P00775,20241130,2024-11-30,TikTok,Resumen,Vídeo corto,1,14.0,J14,Victoria,CD Miravalle,Local,35464.0,43830.0,8579.0,432,685,441.0,10137.0,263,105,64,False
P00776,20241130,2024-11-30,TikTok,Resumen,Vídeo corto,1,14.0,J14,Victoria,CD Miravalle,Local,6958.0,10424.0,1087.0,90,104,38.0,1319.0,58,13,19,False
P00777,20241130,2024-11-30,TikTok,Afición,Vídeo corto,1,14.0,J14,Victoria,CD Miravalle,Local,6787.0,10678.0,1578.0,89,91,153.0,1911.0,62,13,14,False
P00778,20241130,2024-11-30,TikTok,Resumen,Vídeo corto,1,14.0,J14,Victoria,CD Miravalle,Local,6457.0,10641.0,1748.0,101,186,162.0,2197.0,67,13,21,False
P00779,20241130,2024-11-30,YouTube,Cantera,Vídeo largo,1,14.0,J14,Victoria,CD Miravalle,Local,3645.0,6495.5,68.0,4,3,10.0,85.0,2,0,2,False
P00780,20241130,2024-11-30,YouTube,Directo,Vídeo largo,1,14.0,J14,Victoria,CD Miravalle,Local,5346.0,7295.0,178.0,9,14,26.0,227.0,5,2,2,False
P00781,20241201,2024-12-01,Instagram,Cantera,Imagen,0,,,,,,31119.0,35627.0,1035.0,82,92,0.0,1209.0,44,15,23,False
P00782,20241201,2024-12-01,Facebook,Afición,Imagen,0,,,,,,30506.0,50163.0,481.0,23,23,52.0,579.0,14,4,5,False
P00783,20241202,2024-12-02,Instagram,Entrenamiento,Carrusel,0,,,,,,39543.0,62347.0,1258.0,92,92,109.0,1551.0,51,22,19,False
P00784,20241202,2024-12-02,X,Entrenamiento,Vídeo corto,0,,,,,,12828.0,16006.0,230.0,18,12,17.0,277.0,9,4,5,False
P00785,20241202,2024-12-02,Facebook,Efeméride,Carrusel,0,,,,,,13008.0,20332.0,113.0,6,6,18.0,143.0,2,1,3,False
P00786,20241202,2024-12-02,TikTok,Afición,Vídeo corto,0,,,,,,9063.0,11737.0,870.0,63,51,41.0,1025.0,32,19,12,False
P00787,20241203,2024-12-03,Instagram,Institucional,Imagen,0,,,,,,40484.0,49748.0,1391.0,99,102,38.0,1630.0,48,26,25,False
P00788,20241203,2024-12-03,Instagram,Afición,Imagen,0,,,,,,25224.0,31578.0,1091.0,103,93,112.0,1399.0,50,18,35,False
P00789,20241203,2024-12-03,X,Previa,Imagen,0,,,,,,19628.0,30566.0,335.0,20,31,42.0,428.0,10,3,7,False
P00790,20241203,2024-12-03,Facebook,Resumen,Carrusel,0,,,,,,20266.0,24954.0,362.0,21,29,24.0,436.0,11,3,7,False
P00791,20241203,2024-12-03,TikTok,Directo,Vídeo corto,0,,,,,,8820.0,12748.0,782.0,78,51,90.0,1001.0,43,21,14,False
P00792,20241203,2024-12-03,YouTube,Previa,Vídeo largo,0,,,,,,9081.0,13318.0,114.0,9,6,8.0,137.0,4,2,3,False
P00793,20241203,2024-12-03,YouTube,Cantera,Vídeo corto,0,,,,,,3466.0,4517.0,125.0,11,10,2.0,148.0,6,2,3,False
P00794,20241204,2024-12-04,Instagram,Cantera,Texto,0,,,,,,19445.0,24903.0,374.0,36,20,32.0,462.0,18,10,8,False
P00795,20241204,2024-12-04,Instagram,Resumen,Vídeo corto,0,,,,,,9328.0,15274.0,1465.0,92,74,183.0,1814.0,60,17,15,True
P00796,20241204,2024-12-04,X,Entrenamiento,Vídeo corto,0,,,,,,28178.0,45949.0,377.0,27,42,37.0,483.0,13,8,6,False
P00797,20241204,2024-12-04,X,Patrocinador,Vídeo corto,0,,,,,,10544.0,14750.0,139.0,7,7,22.0,175.0,3,1,3,False
P00798,20241204,2024-12-04,Facebook,Efeméride,Imagen,0,,,,,,13574.0,19848.0,82.0,7,5,10.0,104.0,3,1,3,False
P00799,20241204,2024-12-04,Facebook,Institucional,Imagen,0,,,,,,11619.0,14915.0,58.0,2,6,2.0,68.0,0,0,2,False
P00800,20241204,2024-12-04,TikTok,Entrenamiento,Vídeo corto,0,,,,,,7167.0,8837.0,533.0,40,27,34.0,634.0,19,8,13,False
P00801,20241204,2024-12-04,YouTube,Institucional,Vídeo largo,0,,,,,,6192.0,7924.0,65.0,6,6,3.0,80.0,3,1,2,False
P00802,20241205,2024-12-05,Instagram,Resumen,Carrusel,0,,,,,,41290.0,49009.0,2858.0,157,175,322.0,3512.0,88,32,37,False
P00803,20241205,2024-12-05,Instagram,Entrenamiento,Vídeo corto,0,,,,,,31307.0,40418.0,1549.0,138,167,104.0,1958.0,83,22,33,False
P00804,20241205,2024-12-05,Instagram,Institucional,Carrusel,0,,,,,,598944.0,700488.0,17664.0,1032,1800,88.0,20584.0,19,10,1003,False
P00805,20241205,2024-12-05,Instagram,Cantera,Texto,0,,,,,,61657.0,82560.0,1050.0,54,114,91.0,1309.0,29,10,15,False
P00806,20241205,2024-12-05,Facebook,Entrenamiento,Imagen,0,,,,,,20758.0,33663.0,166.0,12,9,17.0,204.0,6,2,4,False
P00807,20241206,2024-12-06,Instagram,Entrenamiento,Carrusel,0,,,,,,18218.0,23022.0,744.0,45,66,66.0,921.0,21,11,13,False
P00808,20241206,2024-12-06,Facebook,Institucional,Texto,0,,,,,,14448.0,22027.0,44.0,2,3,3.0,52.0,1,0,1,False
P00809,20241206,2024-12-06,TikTok,Entrenamiento,Vídeo corto,0,,,,,,15863.0,26127.0,1331.0,85,140,33.0,1589.0,35,24,26,False
P00810,20241207,2024-12-07,Instagram,Resumen,Vídeo corto,1,15.0,J15,Derrota,UD Salobral,Local,35854.0,45131.0,1701.0,85,179,131.0,2096.0,29,32,24,False
P00811,20241207,2024-12-07,Instagram,Afición,Vídeo corto,1,15.0,J15,Derrota,UD Salobral,Local,25052.0,36465.0,1087.0,82,62,116.0,1347.0,29,31,22,False
P00812,20241207,2024-12-07,Instagram,Previa,Imagen,1,15.0,J15,Derrota,UD Salobral,Local,18768.0,30512.0,643.0,45,66,71.0,825.0,14,11,20,False
P00813,20241207,2024-12-07,X,Resumen,Vídeo corto,1,15.0,J15,Derrota,UD Salobral,Local,22746.0,27284.0,308.0,23,29,3.0,363.0,7,6,10,False
P00814,20241207,2024-12-07,X,Previa,Vídeo largo,1,15.0,J15,Derrota,UD Salobral,Local,53356.0,70048.0,707.0,59,70,0.0,836.0,21,22,16,False
P00815,20241207,2024-12-07,X,Afición,Imagen,1,15.0,J15,Derrota,UD Salobral,Local,48593.0,69876.0,710.0,62,45,58.0,875.0,23,18,21,False
P00816,20241207,2024-12-07,X,Resumen,Texto,1,15.0,J15,Derrota,UD Salobral,Local,21888.0,31002.0,268.0,23,26,0.0,317.0,7,7,9,False
P00817,20241207,2024-12-07,X,Directo,Texto,1,15.0,J15,Derrota,UD Salobral,Local,40173.0,56518.0,479.0,40,32,25.0,576.0,10,16,14,False
P00818,20241207,2024-12-07,X,Efeméride,Imagen,1,15.0,J15,Derrota,UD Salobral,Local,17770.0,28915.0,112.0,8,11,12.0,143.0,1,2,5,False
P00819,20241207,2024-12-07,Facebook,Resumen,Vídeo corto,1,15.0,J15,Derrota,UD Salobral,Local,7463.0,11872.0,90.0,4,9,7.0,110.0,1,1,2,False
P00820,20241207,2024-12-07,Facebook,Cantera,Vídeo corto,1,15.0,J15,Derrota,UD Salobral,Local,14791.0,23020.0,109.0,10,11,0.0,130.0,3,3,4,False
P00821,20241207,2024-12-07,TikTok,Afición,Vídeo corto,1,15.0,J15,Derrota,UD Salobral,Local,13704.0,19392.0,1335.0,77,109,93.0,1614.0,27,29,21,False
P00822,20241207,2024-12-07,TikTok,Resumen,Vídeo corto,1,15.0,J15,Derrota,UD Salobral,Local,6939.0,9082.0,870.0,46,74,78.0,1068.0,18,15,13,False
P00823,20241207,2024-12-07,YouTube,Resumen,Vídeo largo,1,15.0,J15,Derrota,UD Salobral,Local,7054.0,10443.0,151.0,12,12,6.0,181.0,5,2,5,False
P00824,20241207,2024-12-07,YouTube,Institucional,Vídeo largo,1,15.0,J15,Derrota,UD Salobral,Local,13310.0,16573.0,112.0,10,5,9.0,136.0,3,4,3,False
P00825,20241207,2024-12-07,YouTube,Previa,Vídeo largo,1,15.0,J15,Derrota,UD Salobral,Local,4223.0,4982.0,62.0,4,5,4.0,75.0,1,1,2,False
P00826,20241208,2024-12-08,Instagram,Efeméride,Imagen,0,,,,,,28989.0,35182.0,1814.0,166,87,82.0,2149.0,87,28,51,False
P00827,20241208,2024-12-08,Instagram,Institucional,Imagen,0,,,,,,22276.0,33997.0,471.0,30,35,25.0,561.0,16,4,10,False
P00828,20241208,2024-12-08,X,Institucional,Imagen,0,,,,,,9110.0,12616.0,65.0,4,3,8.0,80.0,2,0,2,False
P00829,20241208,2024-12-08,X,Afición,Imagen,0,,,,,,29955.0,42369.0,682.0,48,66,21.0,817.0,27,9,12,False
P00830,20241208,2024-12-08,Facebook,Patrocinador,Imagen,0,,,,,,18423.0,26490.0,64.0,5,5,3.0,77.0,3,0,2,False
P00831,20241208,2024-12-08,Facebook,Institucional,Vídeo corto,0,,,,,,34956.0,44454.0,516.0,29,45,52.0,642.0,16,5,8,False
P00832,20241208,2024-12-08,YouTube,Entrenamiento,Vídeo largo,0,,,,,,7386.0,10378.0,166.0,13,12,9.0,200.0,8,2,3,False
P00833,20241209,2024-12-09,Instagram,Institucional,Imagen,0,,,,,,22314.0,32553.0,467.0,29,39,35.0,570.0,15,5,9,False
P00834,20241210,2024-12-10,X,Institucional,Imagen,0,,,,,,19142.0,26693.0,137.0,10,7,7.0,161.0,5,2,3,False
P00835,20241211,2024-12-11,Instagram,Entrenamiento,Imagen,0,,,,,,14693.0,20806.0,379.0,31,41,13.0,464.0,17,7,7,False
P00836,20241211,2024-12-11,X,Fichajes,Imagen,0,,,,,,13999.0,20313.0,224.0,18,15,8.0,265.0,10,3,5,False
P00837,20241211,2024-12-11,X,Fichajes,Imagen,0,,,,,,13806.0,20969.0,233.0,15,12,17.0,277.0,7,3,5,False
P00838,20241211,2024-12-11,X,Entrenamiento,Texto,0,,,,,,18143.0,26576.0,132.0,6,11,6.0,155.0,2,1,3,False
P00839,20241211,2024-12-11,Facebook,Fichajes,Carrusel,0,,,,,,12314.0,19305.0,329.0,28,16,11.0,384.0,15,6,7,False
P00840,20241211,2024-12-11,Facebook,Efeméride,Carrusel,0,,,,,,7422.0,10996.0,56.0,3,5,2.0,66.0,1,0,2,False
P00841,20241212,2024-12-12,Facebook,Institucional,Texto,0,,,,,,10313.0,14334.0,56.0,4,3,7.0,70.0,2,0,2,False
P00842,20241212,2024-12-12,Facebook,Cantera,Vídeo corto,0,,,,,,19923.0,30660.0,429.0,30,42,19.0,520.0,13,8,9,False
P00843,20241212,2024-12-12,YouTube,Patrocinador,Vídeo corto,0,,,,,,1724.0,2326.0,35.0,2,2,2.0,41.0,0,0,2,False
P00844,20241213,2024-12-13,Instagram,Efeméride,Imagen,0,,,,,,27326.0,31702.0,1282.0,108,127,50.0,1567.0,56,32,20,False
P00845,20241213,2024-12-13,X,Cantera,Imagen,0,,,,,,13403.0,20071.0,142.0,10,9,10.0,171.0,6,1,3,False
P00846,20241213,2024-12-13,X,Resumen,Imagen,0,,,,,,16135.0,21247.0,349.0,31,37,9.0,426.0,16,7,8,False
P00847,20241213,2024-12-13,X,Institucional,Imagen,0,,,,,,30084.0,46423.0,233.0,22,16,14.0,285.0,10,5,7,False
P00848,20241213,2024-12-13,X,Institucional,Imagen,0,,,,,,25676.0,36481.0,142.0,8,12,5.0,167.0,4,1,3,False
P00849,20241213,2024-12-13,YouTube,Efeméride,Vídeo largo,0,,,,,,4384.0,5152.0,85.0,5,6,13.0,109.0,2,1,2,False
P00850,20241214,2024-12-14,Instagram,Directo,Carrusel,0,,,,,,21069.0,31654.0,1395.0,90,108,186.0,1779.0,45,24,21,False
P00851,20241214,2024-12-14,X,Patrocinador,Texto,0,,,,,,17919.0,25923.0,105.0,7,5,9.0,126.0,3,1,3,False
P00852,20241214,2024-12-14,Facebook,Afición,Vídeo corto,0,,,,,,17003.5,23217.0,206.0,17,20,1.0,244.0,9,3,5,False
P00853,20241214,2024-12-14,Facebook,Entrenamiento,Imagen,0,,,,,,39261.0,51200.0,501.0,49,55,31.0,636.0,28,11,10,False
P00854,20241214,2024-12-14,Facebook,Fichajes,Imagen,0,,,,,,10834.0,17817.0,232.0,17,24,6.0,279.0,12,2,3,False
P00855,20241214,2024-12-14,TikTok,Fichajes,Vídeo corto,0,,,,,,5980.0,8143.0,903.0,56,75,59.0,1093.0,35,11,10,False
P00856,20241214,2024-12-14,TikTok,Patrocinador,Vídeo corto,0,,,,,,14816.0,23022.0,1118.0,62,122,71.0,1373.0,35,13,14,False
P00857,20241215,2024-12-15,X,Efeméride,Vídeo corto,0,,,,,,16990.0,25584.0,341.0,33,26,29.0,429.0,17,8,8,False
P00858,20241215,2024-12-15,X,Fichajes,Imagen,0,,,,,,14017.0,20171.0,288.0,25,25,0.0,338.0,14,5,6,False
P00859,20241215,2024-12-15,Facebook,Efeméride,Imagen,0,,,,,,13598.0,15235.0,80.0,6,4,7.0,97.0,3,1,2,False
P00860,20241215,2024-12-15,Facebook,Entrenamiento,Imagen,0,,,,,,23666.0,32597.0,145.0,9,10,6.0,170.0,4,1,4,False
P00861,20241215,2024-12-15,TikTok,Previa,Vídeo corto,0,,,,,,8095.0,11019.0,632.0,33,39,36.0,740.0,16,6,11,False
P00862,20241215,2024-12-15,YouTube,Cantera,Vídeo corto,0,,,,,,3995.0,4875.0,111.0,9,8,6.0,134.0,4,2,3,False
P00863,20241217,2024-12-17,Instagram,Cantera,Imagen,0,,,,,,17226.0,28000.0,502.0,45,26,52.0,625.0,21,13,11,False
P00864,20241217,2024-12-17,Instagram,Fichajes,Imagen,0,,,,,,26927.0,38575.0,1714.0,124,172,3.0,2013.0,71,24,29,False
P00865,20241217,2024-12-17,Instagram,Previa,Carrusel,0,,,,,,40620.0,50650.0,1226.0,105,69,133.0,1533.0,70,11,24,False
P00866,20241217,2024-12-17,Facebook,Entrenamiento,Vídeo corto,0,,,,,,11979.0,13906.0,120.0,10,9,6.0,145.0,6,1,3,False
P00867,20241217,2024-12-17,Facebook,Institucional,Carrusel,0,,,,,,16598.0,23454.0,149.0,10,8,21.0,188.0,6,1,3,False
P00868,20241217,2024-12-17,Facebook,Entrenamiento,Vídeo corto,0,,,,,,13964.0,19566.0,231.0,20,22,5.0,278.0,10,5,5,False
P00869,20241217,2024-12-17,YouTube,Entrenamiento,Vídeo largo,0,,,,,,8710.0,12535.0,185.0,9,9,13.0,216.0,4,2,3,False
P00870,20241218,2024-12-18,Instagram,Resumen,Imagen,0,,,,,,35431.0,41173.0,1360.0,113,129,31.0,1633.0,54,32,27,False
P00871,20241218,2024-12-18,Instagram,Efeméride,Vídeo corto,0,,,,,,23104.0,26182.0,1325.0,76,83,178.0,1662.0,39,18,19,False
P00872,20241218,2024-12-18,Facebook,Fichajes,Carrusel,0,,,,,,6116.0,7280.0,138.0,11,12,5.0,166.0,7,1,3,False
P00873,20241218,2024-12-18,YouTube,Fichajes,Vídeo corto,0,,,,,,4521.0,6501.0,350.0,35,21,40.0,446.0,19,8,8,True
P00874,20241218,2024-12-18,YouTube,Previa,Vídeo largo,0,,,,,,5608.0,6565.0,156.0,9,15,8.0,188.0,4,1,4,False
P00875,20241219,2024-12-19,Instagram,Entrenamiento,Texto,0,,,,,,26355.0,32931.0,816.0,57,50,32.0,955.0,28,13,16,False
P00876,20241219,2024-12-19,Facebook,Patrocinador,Vídeo corto,0,,,,,,18118.0,21361.0,138.0,13,9,5.0,165.0,7,2,4,False
P00877,20241219,2024-12-19,TikTok,Previa,Vídeo corto,0,,,,,,2677.0,3357.0,248.0,16,25,14.0,303.0,10,1,5,False
P00878,20241219,2024-12-19,YouTube,Cantera,Vídeo corto,0,,,,,,5159.0,8230.0,89.5,8,5,13.0,115.5,4,1,3,False
P00879,20241220,2024-12-20,Instagram,Entrenamiento,Vídeo corto,0,,,,,,26482.0,31745.0,980.0,81,67,86.0,1214.0,48,14,19,False
P00880,20241220,2024-12-20,Instagram,Cantera,Texto,0,,,,,,15858.0,22217.0,294.0,18,30,6.0,348.0,9,4,5,False
P00881,20241220,2024-12-20,X,Cantera,Imagen,0,,,,,,10758.0,27575.0,78.0,4,5,8.0,95.0,2,0,2,False
P00882,20241220,2024-12-20,X,Entrenamiento,Imagen,0,,,,,,7566.0,12057.0,78.0,7,4,9.0,98.0,3,2,2,False
P00883,20241220,2024-12-20,X,Patrocinador,Texto,0,,,,,,7054.0,9844.0,32.0,2,2,3.0,39.0,0,0,2,False
P00884,20241220,2024-12-20,X,Patrocinador,Imagen,0,,,,,,35984.0,49289.0,190.0,12,17,17.0,236.0,5,3,4,False
P00885,20241220,2024-12-20,YouTube,Previa,Vídeo largo,0,,,,,,9798.0,15637.0,268.0,22,26,27.0,343.0,12,3,7,False
P00886,20241221,2024-12-21,Instagram,Fichajes,Carrusel,1,16.0,J16,Victoria,AD Peñalta,Visitante,31195.0,40376.0,1852.0,118,105,147.0,2222.0,93,10,15,False
P00887,20241221,2024-12-21,Instagram,Previa,Imagen,1,16.0,J16,Victoria,AD Peñalta,Visitante,32473.0,53563.0,1849.0,92,129,217.0,2287.0,62,12,18,False
P00888,20241221,2024-12-21,X,Directo,Imagen,1,16.0,J16,Victoria,AD Peñalta,Visitante,22955.0,31754.0,581.0,53,51,11.0,696.0,44,5,4,False
P00889,20241221,2024-12-21,X,Resumen,Vídeo corto,1,16.0,J16,Victoria,AD Peñalta,Visitante,25186.0,26908.0,594.0,36,51,54.0,735.0,25,6,5,False
P00890,20241221,2024-12-21,X,Directo,Texto,1,16.0,J16,Victoria,AD Peñalta,Visitante,19677.0,27457.0,220.0,16,13,16.0,265.0,10,2,4,False
P00891,20241221,2024-12-21,X,Directo,Vídeo corto,1,16.0,J16,Victoria,AD Peñalta,Visitante,54063.0,82103.0,2651.0,185,264,270.0,3370.0,141,17,27,True
P00892,20241221,2024-12-21,Facebook,Efeméride,Vídeo corto,1,16.0,J16,Victoria,AD Peñalta,Visitante,20432.0,32902.0,373.0,26,23,19.0,441.0,16,4,6,False
P00893,20241221,2024-12-21,Facebook,Previa,Imagen,1,16.0,J16,Victoria,AD Peñalta,Visitante,25453.0,29165.0,328.0,29,23,16.0,396.0,22,2,5,False
P00894,20241221,2024-12-21,Facebook,Directo,Imagen,1,16.0,J16,Victoria,AD Peñalta,Visitante,40915.0,46738.0,796.0,67,55,31.0,949.0,49,6,12,False
P00895,20241221,2024-12-21,TikTok,Directo,Vídeo corto,1,16.0,J16,Victoria,AD Peñalta,Visitante,10496.0,14136.0,2002.0,172,148,68.0,2390.0,111,36,25,False
P00896,20241221,2024-12-21,TikTok,Directo,Vídeo corto,1,16.0,J16,Victoria,AD Peñalta,Visitante,5965.0,9024.0,1336.0,121,70,57.0,1584.0,79,21,21,False
P00897,20241222,2024-12-22,Instagram,Resumen,Vídeo corto,0,,,,,,24814.0,31123.0,2244.0,153,233,173.0,2803.0,82,25,46,False
P00898,20241222,2024-12-22,Instagram,Patrocinador,Imagen,0,,,,,,49695.0,69378.0,879.0,76,69,14.0,1038.0,42,21,13,False
P00899,20241222,2024-12-22,X,Entrenamiento,Texto,0,,,,,,24649.0,31510.0,137.0,7,10,13.0,167.0,3,1,3,False
P00900,20241222,2024-12-22,X,Entrenamiento,Texto,0,,,,,,10807.0,15149.0,59.0,4,6,1.0,70.0,2,0,2,False
P00901,20241222,2024-12-22,Facebook,Cantera,Imagen,0,,,,,,6718.0,9672.0,29.0,2,3,0.0,34.0,0,0,2,False
P00902,20241222,2024-12-22,Facebook,Cantera,Vídeo corto,0,,,,,,20080.0,24151.0,156.0,7,9,12.0,184.0,3,1,3,False
P00903,20241222,2024-12-22,TikTok,Cantera,Vídeo corto,0,,,,,,10969.0,12856.0,1276.0,92,80,113.0,1561.0,54,17,21,False
P00904,20241223,2024-12-23,Instagram,Entrenamiento,Imagen,0,,,,,,20026.0,29447.0,610.0,52,38,80.0,780.0,26,16,10,False
P00905,20241223,2024-12-23,Instagram,Cantera,Vídeo corto,0,,,,,,26058.0,38411.0,971.0,79,103,4.0,1157.0,31,24,24,False
P00906,20241223,2024-12-23,Facebook,Cantera,Texto,0,,,,,,11109.0,15028.0,47.0,3,3,7.0,60.0,1,0,2,False
P00907,20241223,2024-12-23,Facebook,Patrocinador,Imagen,0,,,,,,16114.0,23650.0,97.0,7,8,4.0,116.0,3,1,3,False
P00908,20241223,2024-12-23,Facebook,Resumen,Imagen,0,,,,,,33436.0,45549.0,433.0,35,21,19.0,508.0,17,8,10,False
P00909,20241223,2024-12-23,TikTok,Cantera,Vídeo corto,0,,,,,,5967.0,7106.0,467.0,26,29,49.0,571.0,14,5,7,False
P00910,20241223,2024-12-23,YouTube,Fichajes,Vídeo largo,0,,,,,,4360.0,6437.0,243.0,16,16,9.0,284.0,8,3,5,False
P00911,20241224,2024-12-24,Instagram,Previa,Vídeo corto,0,,,,,,21953.0,35555.0,1863.0,88,92,137.0,2180.0,47,15,26,False
P00912,20241224,2024-12-24,Instagram,Previa,Carrusel,0,,,,,,19463.0,22540.0,991.0,63,90,111.0,1255.0,25,21,17,False
P00913,20241224,2024-12-24,Instagram,Institucional,Carrusel,0,,,,,,15331.0,19865.0,468.0,28,32,35.0,563.0,14,5,9,False
P00914,20241224,2024-12-24,Instagram,Previa,Vídeo largo,0,,,,,,18344.0,22041.0,566.0,30,54,67.0,717.0,15,8,7,False
P00915,20241224,2024-12-24,X,Patrocinador,Imagen,0,,,,,,22164.0,19272.0,43.0,2,3,4.0,52.0,1,0,1,False
P00916,20241224,2024-12-24,X,Entrenamiento,Imagen,0,,,,,,17654.0,25718.0,213.0,12,13,23.0,261.0,6,1,5,False
P00917,20241224,2024-12-24,X,Fichajes,Vídeo corto,0,,,,,,41947.0,63681.0,1835.0,131,107,138.0,2211.0,74,35,22,False
P00918,20241224,2024-12-24,Facebook,Institucional,Carrusel,0,,,,,,22355.0,33154.0,107.0,9,9,11.0,136.0,4,1,4,False
P00919,20241224,2024-12-24,Facebook,Institucional,Imagen,0,,,,,,22046.0,27116.0,135.0,10,9,18.0,172.0,5,1,4,False
P00920,20241224,2024-12-24,TikTok,Entrenamiento,Vídeo corto,0,,,,,,8065.0,11435.0,711.0,36,73,46.0,866.0,21,8,7,False
P00921,20241224,2024-12-24,YouTube,Cantera,Vídeo corto,0,,,,,,4294.0,6063.0,78.0,5,8,8.0,99.0,2,1,2,False
P00922,20241225,2024-12-25,X,Afición,Vídeo corto,0,,,,,,11166.0,12821.0,303.0,16,21,14.0,354.0,8,3,5,False
P00923,20241225,2024-12-25,Facebook,Afición,Vídeo corto,0,,,,,,14191.0,20196.0,384.0,21,20,60.0,485.0,12,4,5,False
P00924,20241225,2024-12-25,TikTok,Efeméride,Vídeo corto,0,,,,,,4689.0,7513.0,456.0,23,39,30.0,548.0,14,3,6,False
P00925,20241226,2024-12-26,Instagram,Patrocinador,Vídeo largo,0,,,,,,20707.0,23617.0,327.0,16,32,13.0,388.0,8,4,4,False
P00926,20241226,2024-12-26,X,Institucional,Imagen,0,,,,,,42599.0,58913.0,315.0,19,19,34.0,387.0,7,7,5,False
P00927,20241226,2024-12-26,X,Entrenamiento,Texto,0,,,,,,15179.0,21198.0,117.0,10,6,6.0,139.0,5,1,4,False
P00928,20241226,2024-12-26,Facebook,Efeméride,Imagen,0,,,,,,16720.0,19537.0,96.0,6,5,15.0,122.0,3,1,2,False
P00929,20241226,2024-12-26,TikTok,Efeméride,Vídeo corto,0,,,,,,9649.0,11215.0,674.0,34,53,100.0,861.0,17,9,8,False
P00930,20241227,2024-12-27,Instagram,Institucional,Vídeo corto,0,,,,,,31532.0,47608.0,1097.0,101,87,23.0,1308.0,64,18,19,False
P00931,20241227,2024-12-27,X,Entrenamiento,Imagen,0,,,,,,12683.0,25510.5,198.0,20,10,24.0,252.0,11,3,6,False
P00932,20241227,2024-12-27,TikTok,Cantera,Vídeo corto,0,,,,,,11660.0,17377.0,1154.0,94,126,76.0,1450.0,45,29,20,False
P00933,20241228,2024-12-28,Instagram,Previa,Vídeo corto,1,17.0,J17,Empate,CF Costa Blanca,Local,46011.0,61352.0,2589.0,140,205,349.0,3283.0,60,47,33,False
P00934,20241228,2024-12-28,Instagram,Resumen,Vídeo corto,1,17.0,J17,Empate,CF Costa Blanca,Local,66996.0,104619.0,3795.0,294,238,148.0,4475.0,183,54,57,False
P00935,20241228,2024-12-28,Instagram,Afición,Imagen,1,17.0,J17,Empate,CF Costa Blanca,Local,15276.0,18524.0,1246.0,77,121,119.0,1563.0,41,18,18,False
P00936,20241228,2024-12-28,Instagram,Resumen,Imagen,1,17.0,J17,Empate,CF Costa Blanca,Local,36616.0,58159.0,3047.0,193,316,250.0,3806.0,96,60,37,False
P00937,20241228,2024-12-28,Instagram,Previa,Carrusel,1,17.0,J17,Empate,CF Costa Blanca,Local,40608.0,52299.0,1565.0,81,104,254.0,2004.0,40,14,27,False
P00938,20241228,2024-12-28,X,Afición,Imagen,1,17.0,J17,Empate,CF Costa Blanca,Local,29911.0,48963.0,453.0,43,35,44.0,575.0,24,9,10,False
P00939,20241228,2024-12-28,X,Directo,Texto,1,17.0,J17,Empate,CF Costa Blanca,Local,83244.0,125989.0,1710.0,87,167,55.0,2019.0,45,25,17,False
P00940,20241228,2024-12-28,X,Patrocinador,Texto,1,17.0,J17,Empate,CF Costa Blanca,Local,25936.0,33553.0,202.0,14,16,14.0,246.0,8,2,4,False
P00941,20241228,2024-12-28,X,Institucional,Vídeo corto,1,17.0,J17,Empate,CF Costa Blanca,Local,26909.0,39897.0,417.0,33,29,14.0,493.0,16,6,11,False
P00942,20241228,2024-12-28,Facebook,Previa,Imagen,1,17.0,J17,Empate,CF Costa Blanca,Local,7157.0,9226.0,75.0,5,7,2.0,89.0,1,1,3,False
P00943,20241228,2024-12-28,Facebook,Resumen,Vídeo corto,1,17.0,J17,Empate,CF Costa Blanca,Local,17711.0,29208.0,348.0,34,30,23.0,435.0,17,10,7,False
P00944,20241228,2024-12-28,TikTok,Efeméride,Vídeo corto,1,17.0,J17,Empate,CF Costa Blanca,Local,6285.0,8332.0,534.0,29,55,10.0,628.0,18,3,8,False
P00945,20241229,2024-12-29,Instagram,Fichajes,Vídeo corto,0,,,,,,26982.0,42485.0,2465.0,215,159,223.0,3062.0,130,35,50,False
P00946,20241229,2024-12-29,X,Resumen,Carrusel,0,,,,,,29729.0,34151.0,541.0,39,36,51.0,667.0,22,8,9,False
P00947,20241229,2024-12-29,TikTok,Entrenamiento,Vídeo corto,0,,,,,,10294.0,11301.0,734.0,49,67,11.0,861.0,31,7,11,False
P00948,20241229,2024-12-29,TikTok,Cantera,Vídeo corto,0,,,,,,6005.0,6948.0,371.0,20,28,46.0,465.0,11,4,5,False
P00949,20241230,2024-12-30,Instagram,Fichajes,Vídeo corto,0,,,,,,34418.0,42404.0,3307.0,256,218,151.0,3932.0,145,48,63,False
P00950,20241230,2024-12-30,Instagram,Efeméride,Imagen,0,,,,,,32337.0,40651.0,1204.0,64,74,83.0,1425.0,34,16,14,False
P00951,20241230,2024-12-30,X,Entrenamiento,Texto,0,,,,,,18989.0,22575.0,137.0,10,10,14.0,171.0,4,2,4,False
P00952,20241230,2024-12-30,Facebook,Afición,Vídeo largo,0,,,,,,16921.0,20818.0,122.0,9,12,12.0,155.0,4,1,4,False
P00953,20241230,2024-12-30,Facebook,Entrenamiento,Carrusel,0,,,,,,30282.0,49635.0,404.0,39,25,25.0,493.0,17,8,14,False
P00954,20241230,2024-12-30,Facebook,Institucional,Imagen,0,,,,,,19096.0,31203.0,63.0,4,3,7.0,77.0,2,0,2,False
P00955,20241231,2024-12-31,Instagram,Cantera,Imagen,0,,,,,,40299.0,51412.0,2177.0,153,184,45.0,2559.0,85,25,43,False
P00956,20241231,2024-12-31,YouTube,Resumen,Vídeo largo,0,,,,,,4966.0,6648.0,141.0,8,13,2.0,164.0,4,1,3,False
P00957,20241231,2024-12-31,YouTube,Afición,Vídeo largo,0,,,,,,7856.0,12293.0,140.0,7,11,16.0,174.0,3,1,3,False
P00958,20250101,2025-01-01,Instagram,Previa,Imagen,0,,,,,,39009.0,52549.0,1391.0,96,129,37.0,1653.0,56,24,16,False
P00959,20250101,2025-01-01,Instagram,Entrenamiento,Vídeo corto,0,,,,,,47940.0,58277.0,4008.0,312,335,120.0,4775.0,151,70,91,False
P00960,20250101,2025-01-01,X,Efeméride,Vídeo corto,0,,,,,,27230.0,41062.0,642.0,51,46,58.0,797.0,29,9,13,False
P00961,20250102,2025-01-02,Instagram,Entrenamiento,Imagen,0,,,,,,30753.0,39635.0,1296.0,72,97,57.0,1522.0,39,19,14,False
P00962,20250102,2025-01-02,TikTok,Entrenamiento,Vídeo corto,0,,,,,,9476.0,13352.0,714.0,67,58,44.0,883.0,40,15,12,False
P00963,20250103,2025-01-03,Instagram,Fichajes,Carrusel,0,,,,,,24074.0,32031.0,2429.0,199,122,232.0,2982.0,105,39,55,False
P00964,20250103,2025-01-03,Instagram,Cantera,Texto,0,,,,,,41599.0,58810.0,1137.0,83,64,50.0,1334.0,41,23,19,False
P00965,20250103,2025-01-03,X,Institucional,Imagen,0,,,,,,10575.0,14446.0,111.0,7,12,8.0,138.0,3,1,3,False
P00966,20250103,2025-01-03,Facebook,Entrenamiento,Carrusel,0,,,,,,19018.0,25587.0,257.0,18,25,20.0,320.0,10,4,4,False
P00967,20250104,2025-01-04,Instagram,Previa,Imagen,1,18.0,J18,Victoria,UD Ribera,Visitante,31100.0,87232.0,2945.0,222,203,110.0,3480.0,116,41,65,False
P00968,20250104,2025-01-04,Instagram,Patrocinador,Carrusel,1,18.0,J18,Victoria,UD Ribera,Visitante,43866.0,54750.0,928.0,82,84,0.0,1094.0,59,13,10,False
P00969,20250104,2025-01-04,X,Institucional,Vídeo corto,1,18.0,J18,Victoria,UD Ribera,Visitante,39694.0,54800.0,517.0,46,39,3.0,605.0,32,6,8,False
P00970,20250104,2025-01-04,X,Previa,Vídeo corto,1,18.0,J18,Victoria,UD Ribera,Visitante,29949.0,45267.0,808.0,38,62,33.0,941.0,27,4,7,False
P00971,20250104,2025-01-04,X,Resumen,Texto,1,18.0,J18,Victoria,UD Ribera,Visitante,23183.0,35153.0,483.0,29,35,38.0,585.0,18,5,6,False
P00972,20250104,2025-01-04,Facebook,Directo,Carrusel,1,18.0,J18,Victoria,UD Ribera,Visitante,14524.0,17710.0,366.0,27,37,3.0,433.0,19,3,5,False
P00973,20250104,2025-01-04,Facebook,Directo,Carrusel,1,18.0,J18,Victoria,UD Ribera,Visitante,26428.0,39044.0,462.0,34,48,17.0,561.0,23,4,7,False
P00974,20250104,2025-01-04,Facebook,Directo,Vídeo largo,1,18.0,J18,Victoria,UD Ribera,Visitante,16873.0,27574.0,280.0,26,15,31.0,352.0,18,4,4,False
P00975,20250104,2025-01-04,Facebook,Previa,Vídeo corto,1,18.0,J18,Victoria,UD Ribera,Visitante,19154.0,25416.0,276.0,25,24,11.0,336.0,15,5,5,False
P00976,20250104,2025-01-04,YouTube,Directo,Vídeo largo,1,18.0,J18,Victoria,UD Ribera,Visitante,6802.0,9035.0,160.0,15,9,19.0,203.0,11,2,2,False
P00977,20250105,2025-01-05,X,Patrocinador,Imagen,0,,,,,,11220.0,14531.0,56.0,5,3,6.0,70.0,2,1,2,False
P00978,20250106,2025-01-06,Instagram,Cantera,Carrusel,0,,,,,,45283.0,69999.0,1245.0,117,73,84.0,1519.0,54,34,29,False
P00979,20250106,2025-01-06,Instagram,Fichajes,Imagen,0,,,,,,37115.0,53077.0,2555.0,157,237,93.0,3042.0,91,34,32,False
P00980,20250106,2025-01-06,X,Institucional,Texto,0,,,,,,61092.0,76078.0,250.0,22,12,21.0,305.0,9,6,7,False
P00981,20250106,2025-01-06,X,Afición,Vídeo corto,0,,,,,,33952.0,52532.0,479.0,46,53,25.0,603.0,19,14,13,False
P00982,20250106,2025-01-06,X,Entrenamiento,Texto,0,,,,,,22001.0,26211.0,217.0,19,21,6.0,263.0,10,4,5,False
P00983,20250106,2025-01-06,Facebook,Fichajes,Imagen,0,,,,,,28843.0,42938.0,609.0,50,57,51.0,767.0,30,8,12,False
P00984,20250106,2025-01-06,TikTok,Patrocinador,Vídeo corto,0,,,,,,11015.0,14694.0,843.0,52,53,90.0,1038.0,22,16,14,False
P00985,20250107,2025-01-07,Instagram,Fichajes,Imagen,0,,,,,,30760.0,39294.0,1929.0,98,171,158.0,2356.0,60,15,23,False
P00986,20250107,2025-01-07,Facebook,Entrenamiento,Texto,0,,,,,,19150.0,28014.0,87.0,5,5,7.0,104.0,2,0,3,False
P00987,20250107,2025-01-07,TikTok,Fichajes,Vídeo corto,0,,,,,,8111.0,12556.0,1620.0,98,92,138.0,1948.0,56,16,26,False
P00988,20250107,2025-01-07,TikTok,Resumen,Vídeo corto,0,,,,,,11338.0,13007.0,1845.0,159,99,70.0,2173.0,91,42,26,False
P00989,20250108,2025-01-08,Instagram,Cantera,Texto,0,,,,,,25509.0,41597.0,639.0,40,37,50.0,766.0,19,8,13,False
P00990,20250108,2025-01-08,X,Efeméride,Carrusel,0,,,,,,43914.0,67784.0,807.0,53,50,92.0,1002.0,27,12,14,False
P00991,20250108,2025-01-08,YouTube,Entrenamiento,Vídeo corto,0,,,,,,4949.0,6594.0,166.0,11,10,10.0,197.0,6,2,3,False
P00992,20250108,2025-01-08,YouTube,Efeméride,Vídeo largo,0,,,,,,6352.0,7930.0,95.0,5,8,4.0,112.0,3,0,2,False
P00993,20250108,2025-01-08,YouTube,Efeméride,Vídeo largo,0,,,,,,3611.0,4775.0,69.0,3,5,11.0,88.0,1,0,2,False
P00994,20250109,2025-01-09,Instagram,Fichajes,Vídeo corto,0,,,,,,96333.0,141474.0,11362.0,939,1041,317.0,13659.0,530,156,253,False
P00995,20250109,2025-01-09,Instagram,Patrocinador,Vídeo corto,0,,,,,,44619.0,54767.0,1059.0,93,80,125.0,1357.0,49,15,29,False
P00996,20250109,2025-01-09,X,Cantera,Texto,0,,,,,,34717.0,49224.0,199.0,18,16,19.0,252.0,10,4,4,False
P00997,20250109,2025-01-09,YouTube,Afición,Vídeo largo,0,,,,,,4322.0,5053.0,193.0,11,10,24.0,238.0,6,1,4,False
P00998,20250110,2025-01-10,Instagram,Resumen,Imagen,0,,,,,,22507.0,27797.0,1809.0,88,153,57.0,2107.0,40,17,31,False
P00999,20250110,2025-01-10,X,Afición,Texto,0,,,,,,29069.0,47157.0,362.0,36,39,22.0,459.0,17,8,11,False
P01000,20250110,2025-01-10,X,Previa,Imagen,0,,,,,,33282.0,44562.0,289.0,19,24,22.0,354.0,9,4,6,False
P01001,20250110,2025-01-10,X,Cantera,Vídeo corto,0,,,,,,19269.0,25084.0,219.0,17,20,9.0,265.0,10,3,4,False
P01002,20250110,2025-01-10,X,Fichajes,Imagen,0,,,,,,13314.0,20860.0,303.0,18,21,13.0,355.0,9,3,6,False
P01003,20250110,2025-01-10,Facebook,Entrenamiento,Vídeo largo,0,,,,,,27405.0,39192.0,252.0,16,19,28.0,315.0,9,3,4,False
P01004,20250110,2025-01-10,Facebook,Fichajes,Imagen,0,,,,,,33726.0,55605.0,767.0,42,52,34.0,895.0,23,7,12,False
P01005,20250110,2025-01-10,Facebook,Institucional,Carrusel,0,,,,,,15791.0,22878.0,71.0,4,6,10.0,91.0,2,0,2,False
P01006,20250110,2025-01-10,TikTok,Efeméride,Vídeo corto,0,,,,,,5060.0,6782.0,321.0,27,35,15.0,398.0,13,7,7,False
P01007,20250111,2025-01-11,Instagram,Patrocinador,Vídeo corto,1,19.0,J19,Empate,Racing de Aldama,Visitante,46140.0,58858.0,808.0,44,44,132.0,1028.0,23,7,14,False
P01008,20250111,2025-01-11,Instagram,Institucional,Vídeo corto,1,19.0,J19,Empate,Racing de Aldama,Visitante,22131.0,25599.0,503.0,27,52,31.0,613.0,12,8,7,False
P01009,20250111,2025-01-11,Instagram,Resumen,Carrusel,1,19.0,J19,Empate,Racing de Aldama,Visitante,32641.0,40537.0,1390.0,108,89,83.0,1670.0,51,21,36,False
P01010,20250111,2025-01-11,Instagram,Fichajes,Imagen,1,19.0,J19,Empate,Racing de Aldama,Visitante,38760.0,47647.0,2308.0,119,169,136.0,2732.0,81,15,23,False
P01011,20250111,2025-01-11,Instagram,Directo,Carrusel,1,19.0,J19,Empate,Racing de Aldama,Visitante,31904.0,51958.0,1789.0,134,171,190.0,2284.0,71,38,25,False
P01012,20250111,2025-01-11,X,Institucional,Carrusel,1,19.0,J19,Empate,Racing de Aldama,Visitante,12233.0,16217.0,103.0,6,6,13.0,128.0,2,1,3,False
P01013,20250111,2025-01-11,X,Afición,Carrusel,1,19.0,J19,Empate,Racing de Aldama,Visitante,11699.0,17793.0,253.0,18,15,38.0,324.0,7,5,6,False
P01014,20250111,2025-01-11,Facebook,Entrenamiento,Carrusel,1,19.0,J19,Empate,Racing de Aldama,Visitante,8675.0,10070.0,98.0,6,8,4.0,116.0,2,1,3,False
P01015,20250111,2025-01-11,Facebook,Afición,Vídeo corto,1,19.0,J19,Empate,Racing de Aldama,Visitante,33779.0,54100.0,469.0,42,28,55.0,594.0,23,7,12,False
P01016,20250111,2025-01-11,TikTok,Directo,Vídeo corto,1,19.0,J19,Empate,Racing de Aldama,Visitante,6964.0,10931.0,1507.0,79,123,214.0,1923.0,44,17,18,False
P01017,20250111,2025-01-11,TikTok,Resumen,Vídeo corto,1,19.0,J19,Empate,Racing de Aldama,Visitante,11599.0,16615.0,971.0,55,61,114.0,1201.0,27,12,16,False
P01018,20250111,2025-01-11,TikTok,Afición,Vídeo corto,1,19.0,J19,Empate,Racing de Aldama,Visitante,10569.0,12390.0,1578.0,151,80,150.0,1959.0,81,33,37,False
P01019,20250111,2025-01-11,YouTube,Afición,Vídeo largo,1,19.0,J19,Empate,Racing de Aldama,Visitante,9312.0,13768.0,250.0,16,15,33.0,314.0,8,3,5,False
P01020,20250112,2025-01-12,Instagram,Patrocinador,Carrusel,0,,,,,,15049.0,22145.0,326.0,17,30,43.0,416.0,9,3,5,False
P01021,20250112,2025-01-12,X,Patrocinador,Texto,0,,,,,,20053.0,29099.0,126.0,11,13,1.0,151.0,6,2,3,False
P01022,20250112,2025-01-12,Facebook,Entrenamiento,Texto,0,,,,,,23255.0,30634.0,141.0,8,13,8.0,170.0,4,1,3,False
P01023,20250112,2025-01-12,Facebook,Institucional,Imagen,0,,,,,,19812.0,25460.0,116.0,9,7,4.0,136.0,4,3,2,False
P01024,20250112,2025-01-12,Facebook,Patrocinador,Imagen,0,,,,,,31658.0,51062.0,95.0,5,6,8.0,114.0,2,0,3,False
P01025,20250112,2025-01-12,YouTube,Efeméride,Vídeo largo,0,,,,,,10175.0,14496.0,249.0,14,20,11.0,294.0,6,3,5,False
P01026,20250113,2025-01-13,Instagram,Patrocinador,Carrusel,0,,,,,,28448.0,44627.0,672.0,34,58,36.0,800.0,19,5,10,False
P01027,20250113,2025-01-13,X,Entrenamiento,Texto,0,,,,,,38185.0,62054.0,144.0,9,13,18.0,184.0,5,2,2,False
P01028,20250113,2025-01-13,Facebook,Entrenamiento,Vídeo corto,0,,,,,,13196.0,17917.0,179.0,9,18,12.0,218.0,5,1,3,False
P01029,20250113,2025-01-13,Facebook,Patrocinador,Imagen,0,,,,,,6021.0,8527.0,30.0,1,3,2.0,36.0,0,0,1,False
P01030,20250113,2025-01-13,TikTok,Fichajes,Vídeo corto,0,,,,,,8969.0,12284.0,963.0,67,101,20.0,1151.0,37,11,19,False
P01031,20250113,2025-01-13,TikTok,Afición,Vídeo corto,0,,,,,,11682.0,13697.0,1223.0,112,88,73.0,1496.0,53,32,27,False
P01032,20250113,2025-01-13,YouTube,Fichajes,Vídeo largo,0,,,,,,8429.0,10665.0,290.0,25,24,20.0,359.0,14,6,5,False
P01033,20250114,2025-01-14,Instagram,Efeméride,Vídeo corto,0,,,,,,47059.0,61565.0,3001.0,270,165,265.0,3701.0,148,72,50,False
P01034,20250114,2025-01-14,X,Entrenamiento,Imagen,0,,,,,,16716.0,21232.0,235.0,12,23,28.0,298.0,5,3,4,False
P01035,20250114,2025-01-14,Facebook,Efeméride,Vídeo corto,0,,,,,,19540.0,27664.0,152.0,14,16,1.0,183.0,6,3,5,False
P01036,20250114,2025-01-14,YouTube,Institucional,Vídeo largo,0,,,,,,16701.0,21360.0,156.0,13,9,11.0,189.0,8,2,3,False
P01037,20250114,2025-01-14,YouTube,Entrenamiento,Vídeo largo,0,,,,,,3926.0,5245.0,89.0,5,6,6.0,106.0,2,1,2,False
P01038,20250115,2025-01-15,Instagram,Entrenamiento,Imagen,0,,,,,,20269.0,26188.0,533.0,42,37,40.0,652.0,18,9,15,False
P01039,20250115,2025-01-15,Instagram,Efeméride,Imagen,0,,,,,,8476.0,10437.0,516.0,34,50,26.0,626.0,19,9,6,False
P01040,20250115,2025-01-15,Facebook,Afición,Imagen,0,,,,,,23869.0,29735.0,278.0,16,21,16.0,331.0,10,2,4,False
P01041,20250115,2025-01-15,Facebook,Entrenamiento,Imagen,0,,,,,,11955.0,17866.0,109.0,10,8,9.0,136.0,5,2,3,False
P01042,20250115,2025-01-15,Facebook,Directo,Texto,0,,,,,,10674.0,17482.0,183.0,10,13,19.0,225.0,4,2,4,False
P01043,20250115,2025-01-15,YouTube,Fichajes,Vídeo largo,0,,,,,,7098.0,8073.0,231.0,20,22,10.0,283.0,9,6,5,False
P01044,20250116,2025-01-16,X,Directo,Imagen,0,,,,,,31521.0,39287.0,726.0,44,72,24.0,866.0,25,9,10,False
P01045,20250116,2025-01-16,X,Institucional,Texto,0,,,,,,39482.0,46775.0,187.0,10,12,27.0,236.0,5,1,4,False
P01046,20250116,2025-01-16,X,Patrocinador,Vídeo largo,0,,,,,,15136.0,24421.0,127.0,8,12,11.0,158.0,4,1,3,False
P01047,20250116,2025-01-16,Facebook,Previa,Imagen,0,,,,,,22345.0,28054.0,250.0,21,24,10.0,305.0,13,4,4,False
P01048,20250116,2025-01-16,Facebook,Resumen,Vídeo corto,0,,,,,,11961.0,16508.0,252.0,18,14,34.0,318.0,9,3,6,False
P01049,20250116,2025-01-16,YouTube,Entrenamiento,Vídeo largo,0,,,,,,7395.0,12102.0,156.0,9,12,13.0,190.0,4,1,4,False
P01050,20250117,2025-01-17,Instagram,Previa,Imagen,0,,,,,,21680.0,30062.0,1355.0,112,131,79.5,1677.5,59,25,28,False
P01051,20250117,2025-01-17,Instagram,Entrenamiento,Carrusel,0,,,,,,31973.0,47552.0,974.0,63,98,22.0,1157.0,33,13,17,False
P01052,20250117,2025-01-17,X,Previa,Imagen,0,,,,,,25889.0,30678.0,357.0,27,36,19.0,439.0,14,5,8,False
P01053,20250117,2025-01-17,X,Previa,Imagen,0,,,,,,23077.0,27837.0,342.0,16,27,15.0,400.0,9,4,3,False
P01054,20250117,2025-01-17,X,Resumen,Imagen,0,,,,,,35379.0,49917.0,491.0,48,34,49.0,622.0,22,12,14,False
P01055,20250117,2025-01-17,TikTok,Cantera,Vídeo corto,0,,,,,,11405.0,18597.0,760.0,49,61,49.0,919.0,23,14,12,False
P01056,20250118,2025-01-18,Instagram,Resumen,Vídeo corto,1,20.0,J20,Victoria,CD Marítimo del Sur,Visitante,21365.0,26729.0,2832.0,230,284,46.0,3392.0,144,36,50,False
P01057,20250118,2025-01-18,Instagram,Previa,Imagen,1,20.0,J20,Victoria,CD Marítimo del Sur,Visitante,44644.0,60953.0,2011.0,192,147,158.0,2508.0,123,28,41,False
P01058,20250118,2025-01-18,Instagram,Resumen,Imagen,1,20.0,J20,Victoria,CD Marítimo del Sur,Visitante,44727.0,61131.0,2323.0,125,227,158.0,2833.0,80,28,17,False
P01059,20250118,2025-01-18,Instagram,Resumen,Vídeo largo,1,20.0,J20,Victoria,CD Marítimo del Sur,Visitante,40448.0,52236.0,1101.0,61,111,110.0,1383.0,41,7,13,False
P01060,20250118,2025-01-18,Instagram,Afición,Vídeo corto,1,20.0,J20,Victoria,CD Marítimo del Sur,Visitante,27001.0,40827.0,2562.0,174,167,276.0,3179.0,103,40,31,False
P01061,20250118,2025-01-18,X,Directo,Vídeo corto,1,20.0,J20,Victoria,CD Marítimo del Sur,Visitante,34097.0,39318.0,897.0,69,67,96.0,1129.0,47,12,10,False
P01062,20250118,2025-01-18,X,Cantera,Texto,1,20.0,J20,Victoria,CD Marítimo del Sur,Visitante,34630.0,43190.0,217.0,16,11,34.0,278.0,10,2,4,False
P01063,20250118,2025-01-18,X,Directo,Texto,1,20.0,J20,Victoria,CD Marítimo del Sur,Visitante,12201.0,16368.0,247.0,16,22,19.0,304.0,9,2,5,False
P01064,20250118,2025-01-18,Facebook,Institucional,Vídeo corto,1,20.0,J20,Victoria,CD Marítimo del Sur,Visitante,15148.0,22260.0,165.0,12,17,5.0,199.0,7,2,3,False
P01065,20250118,2025-01-18,Facebook,Resumen,Vídeo corto,1,20.0,J20,Victoria,CD Marítimo del Sur,Visitante,33762.0,50068.0,1166.0,68,99,135.0,1468.0,45,13,10,False
P01066,20250118,2025-01-18,Facebook,Directo,Imagen,1,20.0,J20,Victoria,CD Marítimo del Sur,Visitante,28832.0,45783.0,357.0,20,33,20.0,430.0,12,5,3,False
P01067,20250118,2025-01-18,TikTok,Fichajes,Vídeo corto,1,20.0,J20,Victoria,CD Marítimo del Sur,Visitante,4013.0,6391.0,931.0,80,63,24.0,1098.0,50,11,19,False
P01068,20250118,2025-01-18,TikTok,Patrocinador,Vídeo corto,1,20.0,J20,Victoria,CD Marítimo del Sur,Visitante,29024.0,44848.0,1297.0,87,127,145.0,1656.0,62,9,16,False
P01069,20250118,2025-01-18,TikTok,Patrocinador,Vídeo corto,1,20.0,J20,Victoria,CD Marítimo del Sur,Visitante,4220.0,6067.0,220.0,15,18,21.0,274.0,10,1,4,False
P01070,20250118,2025-01-18,TikTok,Previa,Vídeo corto,1,20.0,J20,Victoria,CD Marítimo del Sur,Visitante,13527.0,20908.0,1492.0,131,135,95.0,1853.0,86,25,20,False
P01071,20250118,2025-01-18,YouTube,Resumen,Vídeo largo,1,20.0,J20,Victoria,CD Marítimo del Sur,Visitante,7467.0,8980.0,477.0,45,30,27.0,579.0,28,9,8,False
P01072,20250119,2025-01-19,Instagram,Cantera,Imagen,0,,,,,,30380.0,26392.0,391.0,23,24,51.0,489.0,12,6,5,False
P01073,20250119,2025-01-19,Facebook,Entrenamiento,Vídeo corto,0,,,,,,13472.0,16415.0,157.0,10,9,8.0,184.0,5,2,3,False
P01074,20250119,2025-01-19,Facebook,Entrenamiento,Carrusel,0,,,,,,23314.0,30240.0,267.0,14,23,31.0,335.0,8,2,4,False
P01075,20250119,2025-01-19,Facebook,Fichajes,Vídeo corto,0,,,,,,15545.0,23126.0,415.0,40,24,25.0,504.0,20,11,9,False
P01076,20250119,2025-01-19,Facebook,Efeméride,Vídeo corto,0,,,,,,18636.0,22480.0,258.0,14,25,11.0,308.0,8,3,3,False
P01077,20250119,2025-01-19,TikTok,Efeméride,Vídeo corto,0,,,,,,7812.0,11376.0,784.0,43,49,91.0,967.0,24,9,10,False
P01078,20250119,2025-01-19,YouTube,Fichajes,Vídeo largo,0,,,,,,4219.0,5691.0,158.0,14,11,3.0,186.0,6,3,5,False
P01079,20250120,2025-01-20,Instagram,Efeméride,Carrusel,0,,,,,,27084.0,42723.0,762.0,41,54,78.0,935.0,18,12,11,False
P01080,20250120,2025-01-20,Instagram,Resumen,Carrusel,0,,,,,,20044.0,24096.0,1137.0,80,102,23.0,1342.0,43,13,24,False
P01081,20250120,2025-01-20,X,Patrocinador,Texto,0,,,,,,22244.0,27361.0,103.0,9,10,6.0,128.0,5,1,3,False
P01082,20250120,2025-01-20,TikTok,Efeméride,Vídeo corto,0,,,,,,26657.0,41081.0,1197.0,59,62,137.0,1455.0,31,17,11,False
P01083,20250120,2025-01-20,TikTok,Directo,Vídeo corto,0,,,,,,9787.0,14276.0,1359.0,75,142,66.0,1642.0,36,18,21,False
P01084,20250121,2025-01-21,Instagram,Entrenamiento,Carrusel,0,,,,,,22573.0,30079.0,1007.0,90,105,60.0,1262.0,52,17,21,False
P01085,20250121,2025-01-21,Instagram,Resumen,Carrusel,0,,,,,,30189.0,42320.0,1215.0,81,70,186.0,1552.0,47,21,13,False
P01086,20250121,2025-01-21,Instagram,Entrenamiento,Vídeo corto,0,,,,,,50314.0,81435.0,2989.0,165,185,231.0,3570.0,87,42,36,False
P01087,20250121,2025-01-21,Instagram,Fichajes,Imagen,0,,,,,,26351.0,33139.0,1252.0,96,102,27.0,1477.0,49,26,21,False
P01088,20250121,2025-01-21,X,Entrenamiento,Vídeo largo,0,,,,,,53689.0,72217.0,476.0,41,45,0.0,562.0,24,8,9,False
P01089,20250121,2025-01-21,X,Patrocinador,Texto,0,,,,,,17435.0,21831.0,99.0,8,5,5.0,117.0,4,1,3,False
P01090,20250121,2025-01-21,X,Institucional,Texto,0,,,,,,25994.0,35875.0,157.0,10,14,19.0,200.0,4,1,5,False
P01091,20250121,2025-01-21,X,Fichajes,Texto,0,,,,,,20735.0,29989.0,278.0,21,20,20.0,339.0,11,3,7,False
P01092,20250121,2025-01-21,TikTok,Entrenamiento,Vídeo corto,0,,,,,,10957.0,13907.0,775.0,70,59,64.0,968.0,38,12,20,False
P01093,20250122,2025-01-22,Instagram,Cantera,Carrusel,0,,,,,,21721.0,24580.0,612.0,58,41,29.0,740.0,26,14,18,False
P01094,20250122,2025-01-22,X,Efeméride,Imagen,0,,,,,,11680.0,17987.0,124.0,12,8,11.0,155.0,6,2,4,False
P01095,20250122,2025-01-22,Facebook,Efeméride,Vídeo corto,0,,,,,,29618.0,36143.0,223.0,15,18,26.0,282.0,9,3,3,False
P01096,20250122,2025-01-22,Facebook,Cantera,Imagen,0,,,,,,7213.0,11486.0,55.0,2,4,5.0,66.0,0,0,2,False
P01097,20250123,2025-01-23,X,Patrocinador,Vídeo corto,0,,,,,,8164.0,10825.0,124.0,8,12,9.0,153.0,4,1,3,False
P01098,20250123,2025-01-23,X,Fichajes,Vídeo corto,0,,,,,,20562.0,27257.0,893.0,72,57,25.0,1047.0,38,15,19,False
P01099,20250123,2025-01-23,X,Entrenamiento,Vídeo corto,0,,,,,,35077.0,49437.0,758.0,62,70,6.0,896.0,35,9,18,False
P01100,20250123,2025-01-23,Facebook,Patrocinador,Imagen,0,,,,,,5800.0,9374.0,21.0,2,1,2.0,26.0,1,0,1,False
P01101,20250123,2025-01-23,YouTube,Directo,Vídeo corto,0,,,,,,7060.0,10613.0,641.0,34,56,57.0,788.0,17,7,10,True
P01102,20250124,2025-01-24,Instagram,Patrocinador,Imagen,0,,,,,,32970.0,51086.0,732.0,59,74,60.0,925.0,28,12,19,False
P01103,20250124,2025-01-24,Instagram,Fichajes,Imagen,0,,,,,,8186.0,10400.0,592.0,35,41,68.0,736.0,18,6,11,False
P01104,20250124,2025-01-24,X,Efeméride,Texto,0,,,,,,41412.0,60903.0,281.0,23,24,9.0,337.0,12,5,6,False
P01105,20250124,2025-01-24,X,Afición,Imagen,0,,,,,,28432.0,34092.0,469.0,34,46,20.0,569.0,19,8,7,False
P01106,20250124,2025-01-24,Facebook,Resumen,Imagen,0,,,,,,8547.0,11580.0,83.0,6,8,7.0,104.0,3,1,2,False
P01107,20250124,2025-01-24,Facebook,Entrenamiento,Carrusel,0,,,,,,23932.0,31423.0,265.0,13,18,16.0,312.0,5,2,6,False
P01108,20250124,2025-01-24,YouTube,Patrocinador,Vídeo corto,0,,,,,,6644.0,7548.0,196.0,14,10,18.0,238.0,7,2,5,False
P01109,20250125,2025-01-25,Instagram,Afición,Vídeo corto,1,21.0,J21,Derrota,Club Arenal,Visitante,59491.0,92851.0,2227.0,194,185,41.0,2647.0,67,44,83,False
P01110,20250125,2025-01-25,Instagram,Patrocinador,Texto,1,21.0,J21,Derrota,Club Arenal,Visitante,67465.0,107887.0,560.0,45,28,33.0,666.0,18,9,18,False
P01111,20250125,2025-01-25,Instagram,Previa,Vídeo corto,1,21.0,J21,Derrota,Club Arenal,Visitante,32813.0,45050.0,3103.0,233,328,275.0,3939.0,96,51,86,False
P01112,20250125,2025-01-25,Instagram,Entrenamiento,Carrusel,1,21.0,J21,Derrota,Club Arenal,Visitante,32653.0,44280.0,1024.0,74,53,133.0,1284.0,34,20,20,False
P01113,20250125,2025-01-25,Instagram,Fichajes,Imagen,1,21.0,J21,Derrota,Club Arenal,Visitante,37863.0,61092.0,1952.0,141,170,177.0,2440.0,36,40,65,False
P01114,20250125,2025-01-25,X,Previa,Imagen,1,21.0,J21,Derrota,Club Arenal,Visitante,19788.0,26141.0,157.0,13,14,17.0,201.0,4,3,6,False
P01115,20250125,2025-01-25,X,Resumen,Imagen,1,21.0,J21,Derrota,Club Arenal,Visitante,18754.0,23028.0,250.0,13,18,28.0,309.0,3,4,6,False
P01116,20250125,2025-01-25,X,Resumen,Imagen,1,21.0,J21,Derrota,Club Arenal,Visitante,32141.0,50041.0,486.0,36,49,5.0,576.0,11,10,15,False
P01117,20250125,2025-01-25,Facebook,Resumen,Vídeo corto,1,21.0,J21,Derrota,Club Arenal,Visitante,19079.0,29301.0,355.0,25,18,23.0,421.0,11,6,8,False
P01118,20250125,2025-01-25,Facebook,Previa,Vídeo corto,1,21.0,J21,Derrota,Club Arenal,Visitante,16834.0,21755.0,242.0,13,24,19.0,298.0,5,3,5,False
P01119,20250125,2025-01-25,Facebook,Directo,Carrusel,1,21.0,J21,Derrota,Club Arenal,Visitante,17469.0,21378.0,201.0,15,14,24.0,254.0,5,4,6,False
P01120,20250125,2025-01-25,TikTok,Afición,Vídeo corto,1,21.0,J21,Derrota,Club Arenal,Visitante,13818.0,16611.0,1469.0,114,157,79.0,1819.0,42,33,39,False
P01121,20250125,2025-01-25,TikTok,Resumen,Vídeo corto,1,21.0,J21,Derrota,Club Arenal,Visitante,29535.0,36149.0,2994.0,260,303,241.0,3798.0,74,115,71,False
P01122,20250125,2025-01-25,YouTube,Institucional,Vídeo corto,1,21.0,J21,Derrota,Club Arenal,Visitante,14090.0,17512.0,270.0,13,26,25.0,334.0,3,5,5,False
P01123,20250125,2025-01-25,YouTube,Resumen,Vídeo largo,1,21.0,J21,Derrota,Club Arenal,Visitante,3426.0,4073.0,87.0,4,5,6.0,102.0,0,1,3,False
P01124,20250126,2025-01-26,Instagram,Entrenamiento,Vídeo corto,0,,,,,,23598.0,29263.0,1096.0,79,115,52.0,1342.0,41,24,14,False
P01125,20250126,2025-01-26,Instagram,Fichajes,Carrusel,0,,,,,,43776.0,66251.0,4242.0,224,430,77.0,4973.0,108,50,66,False
P01126,20250126,2025-01-26,Instagram,Patrocinador,Vídeo corto,0,,,,,,21112.0,25191.0,558.0,51,43,6.0,658.0,30,10,11,False
P01127,20250126,2025-01-26,Instagram,Fichajes,Vídeo largo,0,,,,,,20650.0,25510.0,728.0,52,79,50.0,909.0,31,9,12,False
P01128,20250126,2025-01-26,X,Entrenamiento,Texto,0,,,,,,28016.0,39164.0,254.0,21,15,19.0,309.0,11,5,5,False
P01129,20250126,2025-01-26,TikTok,Cantera,Vídeo corto,0,,,,,,7004.0,11101.0,363.0,33,20,38.0,454.0,15,7,11,False
P01130,20250126,2025-01-26,YouTube,Patrocinador,Vídeo largo,0,,,,,,10136.0,12327.0,158.0,11,11,14.0,194.0,6,1,4,False
P01131,20250127,2025-01-27,Facebook,Entrenamiento,Imagen,0,,,,,,14546.0,19632.0,121.0,8,6,10.0,145.0,5,1,2,False
P01132,20250127,2025-01-27,Facebook,Cantera,Texto,0,,,,,,25923.0,35956.0,109.0,10,7,7.0,133.0,5,1,4,False
P01133,20250127,2025-01-27,TikTok,Entrenamiento,Vídeo corto,0,,,,,,8121.0,9209.0,592.0,47,30,53.0,722.0,22,9,16,False
P01134,20250127,2025-01-27,YouTube,Entrenamiento,Vídeo corto,0,,,,,,4747.0,7711.0,230.0,14,22,20.0,286.0,6,2,6,False
P01135,20250128,2025-01-28,Instagram,Entrenamiento,Imagen,0,,,,,,35483.0,49534.0,1365.0,77,146,57.0,1645.0,37,23,17,False
P01136,20250128,2025-01-28,Instagram,Entrenamiento,Imagen,0,,,,,,25840.0,31576.0,1065.0,77,81,60.0,1283.0,39,21,17,False
P01137,20250128,2025-01-28,X,Patrocinador,Imagen,0,,,,,,19116.0,27470.0,91.0,8,5,8.0,112.0,4,1,3,False
P01138,20250128,2025-01-28,X,Afición,Texto,0,,,,,,20536.0,26134.0,281.0,23,29,1.0,334.0,11,5,7,False
P01139,20250128,2025-01-28,Facebook,Efeméride,Imagen,0,,,,,,33164.0,47835.0,263.0,20,27,23.0,333.0,10,4,6,False
P01140,20250128,2025-01-28,Facebook,Afición,Texto,0,,,,,,12171.0,17822.0,68.0,3,5,7.0,83.0,1,0,2,False
P01141,20250129,2025-01-29,Instagram,Entrenamiento,Imagen,0,,,,,,26233.0,42102.0,985.0,57,49,117.0,1208.0,29,15,13,False
P01142,20250129,2025-01-29,Instagram,Institucional,Vídeo corto,0,,,,,,15539.0,17940.0,483.0,28,29,42.0,582.0,12,6,10,False
P01143,20250129,2025-01-29,Instagram,Entrenamiento,Imagen,0,,,,,,22152.0,35589.0,562.0,43,31,47.0,683.0,24,11,8,False
P01144,20250129,2025-01-29,Instagram,Directo,Imagen,0,,,,,,25647.0,35720.0,1351.0,74,100,186.0,1711.0,45,11,18,False
P01145,20250129,2025-01-29,X,Patrocinador,Texto,0,,,,,,24519.0,32665.0,94.0,6,9,9.0,118.0,3,0,3,False
P01146,20250129,2025-01-29,X,Afición,Vídeo largo,0,,,,,,34667.0,54473.0,425.0,34,33,30.0,522.0,15,10,9,False
P01147,20250129,2025-01-29,Facebook,Efeméride,Vídeo corto,0,,,,,,32394.0,45651.0,448.0,40,35,24.0,547.0,24,7,9,False
P01148,20250129,2025-01-29,Facebook,Afición,Vídeo corto,0,,,,,,17765.0,26700.0,289.0,27,25,27.0,368.0,14,6,7,False
P01149,20250129,2025-01-29,YouTube,Entrenamiento,Vídeo largo,0,,,,,,5781.0,7081.0,84.0,6,4,13.0,107.0,3,1,2,False
P01150,20250129,2025-01-29,YouTube,Entrenamiento,Vídeo corto,0,,,,,,4175.0,7711.0,120.0,9,6,13.0,148.0,4,2,3,False
P01151,20250130,2025-01-30,Instagram,Entrenamiento,Carrusel,0,,,,,,21473.0,24801.0,921.0,52,70,122.0,1165.0,27,13,12,False
P01152,20250130,2025-01-30,X,Fichajes,Imagen,0,,,,,,20687.0,34046.0,333.0,27,33,31.0,424.0,18,3,6,False
P01153,20250131,2025-01-31,Instagram,Fichajes,Imagen,0,,,,,,13175.0,15120.0,895.0,63,92,90.0,1140.0,36,14,13,False
P01154,20250131,2025-01-31,X,Institucional,Imagen,0,,,,,,8107.0,10934.0,102.0,9,8,0.0,119.0,4,1,4,False
P01155,20250131,2025-01-31,X,Institucional,Texto,0,,,,,,10938.0,13237.0,49.0,2,3,7.0,61.0,1,0,1,False
P01156,20250131,2025-01-31,TikTok,Afición,Vídeo corto,0,,,,,,7553.0,9769.0,916.0,57,75,38.0,1086.0,28,17,12,False
P01157,20250201,2025-02-01,Instagram,Afición,Texto,1,22.0,J22,Derrota,AD Peñalta,Local,34343.0,54791.0,737.0,59,73,0.0,869.0,16,27,16,False
P01158,20250201,2025-02-01,Instagram,Patrocinador,Carrusel,1,22.0,J22,Derrota,AD Peñalta,Local,34936.0,53501.0,411.0,32,25,47.0,515.0,10,12,10,False
P01159,20250201,2025-02-01,Instagram,Directo,Vídeo corto,1,22.0,J22,Derrota,AD Peñalta,Local,14158.0,18822.0,829.0,71,86,0.0,986.0,16,23,32,False
P01160,20250201,2025-02-01,X,Efeméride,Vídeo corto,1,22.0,J22,Derrota,AD Peñalta,Local,15378.0,22048.0,247.0,12,12,20.0,291.0,4,3,5,False
P01161,20250201,2025-02-01,X,Resumen,Texto,1,22.0,J22,Derrota,AD Peñalta,Local,18191.0,26778.0,263.0,16,19,24.0,322.0,4,4,8,False
P01162,20250201,2025-02-01,X,Previa,Imagen,1,22.0,J22,Derrota,AD Peñalta,Local,16380.0,25155.0,167.0,16,11,10.0,204.0,5,4,7,False
P01163,20250201,2025-02-01,X,Directo,Imagen,1,22.0,J22,Derrota,AD Peñalta,Local,22209.0,35740.0,356.0,23,27,10.0,416.0,5,7,11,False
P01164,20250201,2025-02-01,X,Afición,Vídeo corto,1,22.0,J22,Derrota,AD Peñalta,Local,33010.0,47878.0,907.0,69,71,15.0,1062.0,19,30,20,False
P01165,20250201,2025-02-01,Facebook,Cantera,Imagen,1,22.0,J22,Derrota,AD Peñalta,Local,14842.0,21758.0,84.0,5,7,8.0,104.0,2,1,2,False
P01166,20250201,2025-02-01,Facebook,Afición,Vídeo corto,1,22.0,J22,Derrota,AD Peñalta,Local,15386.0,19973.0,379.0,26,37,8.0,450.0,10,5,11,False
P01167,20250201,2025-02-01,Facebook,Resumen,Imagen,1,22.0,J22,Derrota,AD Peñalta,Local,14266.0,19939.0,233.0,16,24,0.0,273.0,4,4,8,False
P01168,20250201,2025-02-01,Facebook,Entrenamiento,Vídeo largo,1,22.0,J22,Derrota,AD Peñalta,Local,35515.0,46353.0,189.0,8,12,15.0,224.0,1,2,5,False
P01169,20250201,2025-02-01,Facebook,Directo,Imagen,1,22.0,J22,Derrota,AD Peñalta,Local,15347.0,23033.0,150.0,14,14,0.0,178.0,3,5,6,False
P01170,20250201,2025-02-01,TikTok,Resumen,Vídeo corto,1,22.0,J22,Derrota,AD Peñalta,Local,21072.0,32065.0,2097.0,175,217,66.0,2555.0,63,56,56,False
P01171,20250201,2025-02-01,TikTok,Afición,Vídeo corto,1,22.0,J22,Derrota,AD Peñalta,Local,8966.0,14183.0,564.0,27,38,51.0,680.0,7,11,9,False
P01172,20250201,2025-02-01,YouTube,Afición,Vídeo corto,1,22.0,J22,Derrota,AD Peñalta,Local,7584.0,9892.0,263.0,16,13,31.0,323.0,4,7,5,False
P01173,20250201,2025-02-01,YouTube,Efeméride,Vídeo largo,1,22.0,J22,Derrota,AD Peñalta,Local,5450.0,6524.0,96.0,6,6,14.0,122.0,2,1,3,False
P01174,20250202,2025-02-02,X,Entrenamiento,Vídeo corto,0,,,,,,13708.0,17175.0,172.0,13,9,15.0,209.0,4,3,6,False
P01175,20250202,2025-02-02,X,Resumen,Imagen,0,,,,,,25298.0,29370.0,504.0,31,50,9.0,594.0,16,5,10,False
P01176,20250202,2025-02-02,Facebook,Entrenamiento,Carrusel,0,,,,,,19161.0,30388.0,232.0,16,19,15.0,282.0,6,5,5,False
P01177,20250202,2025-02-02,Facebook,Fichajes,Imagen,0,,,,,,10328.0,13222.0,148.0,9,11,5.0,173.0,5,1,3,False
P01178,20250202,2025-02-02,Facebook,Entrenamiento,Carrusel,0,,,,,,7834.0,9110.0,52.0,2,3,9.0,66.0,1,0,1,False
P01179,20250203,2025-02-03,Instagram,Entrenamiento,Vídeo corto,0,,,,,,40356.0,65006.0,2493.0,192,124,108.0,2917.0,108,51,33,False
P01180,20250203,2025-02-03,YouTube,Entrenamiento,Vídeo largo,0,,,,,,2770.0,4165.0,64.0,5,4,3.0,76.0,2,0,3,False
P01181,20250203,2025-02-03,YouTube,Afición,Vídeo largo,0,,,,,,5983.0,9010.0,125.0,11,12,10.0,158.0,6,2,3,False
P01182,20250204,2025-02-04,X,Patrocinador,Texto,0,,,,,,18532.0,29090.0,87.0,6,4,6.0,103.0,2,1,3,False
P01183,20250204,2025-02-04,Facebook,Efeméride,Vídeo corto,0,,,,,,25445.0,29801.0,588.0,30,29,50.0,697.0,18,7,5,False
P01184,20250204,2025-02-04,Facebook,Efeméride,Texto,0,,,,,,14749.0,21577.0,90.0,8,8,7.0,113.0,4,1,3,False
P01185,20250204,2025-02-04,Facebook,Entrenamiento,Carrusel,0,,,,,,10963.0,12707.0,73.0,6,7,7.0,93.0,3,1,2,False
P01186,20250204,2025-02-04,TikTok,Fichajes,Vídeo corto,0,,,,,,6351.0,8548.0,692.0,66,62,31.0,851.0,37,14,15,False
P01187,20250204,2025-02-04,TikTok,Fichajes,Vídeo corto,0,,,,,,19535.0,27707.0,3103.0,177,259,339.0,3878.0,93,40,44,False
P01188,20250205,2025-02-05,Instagram,Cantera,Carrusel,0,,,,,,42540.0,56982.0,1477.0,78,123,81.0,1759.0,44,20,14,False
P01189,20250205,2025-02-05,Instagram,Resumen,Vídeo corto,0,,,,,,36136.0,40537.0,4611.0,431,367,89.0,5498.0,254,101,76,False
P01190,20250205,2025-02-05,Instagram,Institucional,Carrusel,0,,,,,,34226.0,53000.0,742.0,52,46,29.0,869.0,27,15,10,False
P01191,20250205,2025-02-05,Instagram,Entrenamiento,Imagen,0,,,,,,21196.0,29111.0,505.0,45,44,0.0,594.0,25,8,12,False
P01192,20250205,2025-02-05,X,Fichajes,Texto,0,,,,,,48412.0,67472.0,848.0,49,56,43.0,996.0,25,8,16,False
P01193,20250205,2025-02-05,Facebook,Efeméride,Imagen,0,,,,,,11611.0,18820.0,136.0,6,9,13.0,164.0,3,1,2,False
P01194,20250205,2025-02-05,Facebook,Entrenamiento,Vídeo corto,0,,,,,,24223.0,35970.0,251.0,16,13,17.0,297.0,9,2,5,False
P01195,20250205,2025-02-05,Facebook,Institucional,Vídeo corto,0,,,,,,21471.0,34341.0,142.0,9,14,2.0,167.0,4,2,3,False
P01196,20250205,2025-02-05,YouTube,Institucional,Vídeo largo,0,,,,,,3968.0,6512.0,46.0,4,4,3.0,57.0,2,1,1,False
P01197,20250206,2025-02-06,X,Efeméride,Vídeo corto,0,,,,,,29290.0,34950.0,705.0,53,69,0.0,827.0,25,10,18,False
P01198,20250206,2025-02-06,X,Afición,Vídeo corto,0,,,,,,9610.0,13920.0,247.0,13,20,17.0,297.0,6,3,4,False
P01199,20250206,2025-02-06,Facebook,Cantera,Texto,0,,,,,,14117.0,19995.0,95.0,5,9,9.0,118.0,2,1,2,False
P01200,20250206,2025-02-06,Facebook,Fichajes,Vídeo corto,0,,,,,,10072.0,15174.0,199.0,17,13,4.0,233.0,8,3,6,False
P01201,20250206,2025-02-06,YouTube,Directo,Vídeo largo,0,,,,,,11598.0,17956.0,415.0,36,26,28.0,505.0,15,12,9,False
P01202,20250207,2025-02-07,Instagram,Afición,Carrusel,0,,,,,,30218.0,35138.0,1554.0,89,152,80.0,1875.0,50,23,16,False
P01203,20250207,2025-02-07,X,Resumen,Imagen,0,,,,,,13162.0,16661.0,167.0,13,12,9.0,201.0,8,2,3,False
P01204,20250207,2025-02-07,X,Resumen,Vídeo corto,0,,,,,,30723.0,44157.0,830.0,43,79,21.5,973.5,21,12,10,False
P01205,20250207,2025-02-07,Facebook,Entrenamiento,Vídeo corto,0,,,,,,36080.0,56150.0,398.0,22,40,49.0,509.0,11,4,7,False
P01206,20250207,2025-02-07,TikTok,Resumen,Vídeo corto,0,,,,,,7494.0,11808.0,664.0,39,43,32.0,778.0,17,13,9,False
P01207,20250207,2025-02-07,TikTok,Entrenamiento,Vídeo corto,0,,,,,,8931.0,10734.0,592.0,28,36,43.0,699.0,17,5,6,False
P01208,20250208,2025-02-08,X,Efeméride,Texto,0,,,,,,28709.0,44783.0,243.0,20,23,0.0,286.0,11,3,6,False
P01209,20250208,2025-02-08,X,Afición,Imagen,0,,,,,,26658.0,35918.0,355.0,32,31,23.0,441.0,17,8,7,False
P01210,20250208,2025-02-08,Facebook,Entrenamiento,Carrusel,0,,,,,,19594.0,22027.0,180.0,10,18,8.0,216.0,6,1,3,False
P01211,20250209,2025-02-09,Instagram,Cantera,Vídeo corto,0,,,,,,37830.0,51466.0,861.0,79,73,89.0,1102.0,46,14,19,False
P01212,20250209,2025-02-09,Instagram,Resumen,Carrusel,0,,,,,,23091.0,33215.0,1026.0,76,75,67.0,1244.0,38,23,15,False
P01213,20250209,2025-02-09,Instagram,Entrenamiento,Vídeo largo,0,,,,,,38384.0,48025.0,1258.0,69,111,56.0,1494.0,35,17,17,False
P01214,20250209,2025-02-09,Instagram,Entrenamiento,Carrusel,0,,,,,,43664.0,57924.0,1861.0,97,151,84.0,2193.0,37,34,26,False
P01215,20250209,2025-02-09,X,Institucional,Texto,0,,,,,,29906.0,40354.0,160.0,12,10,22.0,204.0,7,2,3,False
P01216,20250209,2025-02-09,X,Directo,Vídeo largo,0,,,,,,33710.0,54501.0,504.0,25,44,66.0,639.0,14,6,5,False
P01217,20250209,2025-02-09,Facebook,Fichajes,Vídeo corto,0,,,,,,9875.0,15866.0,532.0,29,48,11.0,620.0,15,6,8,True
P01218,20250210,2025-02-10,Facebook,Institucional,Vídeo largo,0,,,,,,15972.0,20353.0,59.0,4,5,1.0,69.0,1,1,2,False
P01219,20250210,2025-02-10,Facebook,Efeméride,Imagen,0,,,,,,17415.0,21170.0,117.0,6,11,8.0,142.0,3,1,2,False
P01220,20250210,2025-02-10,TikTok,Fichajes,Vídeo corto,0,,,,,,4922.0,6116.0,604.0,32,38,92.0,766.0,16,6,10,False
P01221,20250211,2025-02-11,Instagram,Afición,Vídeo corto,0,,,,,,40145.0,51179.0,3808.0,311,193,411.0,4723.0,148,76,87,False
P01222,20250212,2025-02-12,Facebook,Fichajes,Vídeo corto,0,,,,,,13072.0,18521.0,256.0,14,15,37.0,322.0,7,3,4,False
P01223,20250213,2025-02-13,Instagram,Afición,Imagen,0,,,,,,19530.0,32011.0,570.0,53,65,42.0,730.0,26,10,17,False
P01224,20250213,2025-02-13,Instagram,Resumen,Texto,0,,,,,,15439.0,22272.0,806.0,40,55,41.0,942.0,21,9,10,False
P01225,20250213,2025-02-13,Instagram,Afición,Vídeo corto,0,,,,,,33362.0,55031.0,1435.0,133,143,75.0,1786.0,73,34,26,False
P01226,20250213,2025-02-13,X,Afición,Texto,0,,,,,,15326.0,23845.0,88.0,5,8,7.0,108.0,2,0,3,False
P01227,20250213,2025-02-13,X,Afición,Imagen,0,,,,,,11822.0,19278.0,209.0,14,20,9.0,252.0,7,2,5,False
P01228,20250213,2025-02-13,Facebook,Cantera,Texto,0,,,,,,13896.0,19293.0,71.0,4,5,10.0,90.0,2,0,2,False
P01229,20250213,2025-02-13,YouTube,Afición,Vídeo largo,0,,,,,,12787.0,20642.0,313.0,23,19,31.0,386.0,10,7,6,False
P01230,20250213,2025-02-13,YouTube,Previa,Vídeo corto,0,,,,,,4543.0,5693.0,129.0,6,8,11.0,154.0,3,1,2,False
P01231,20250214,2025-02-14,Instagram,Entrenamiento,Vídeo largo,0,,,,,,15673.0,19032.0,408.0,30,24,41.0,503.0,19,4,7,False
P01232,20250214,2025-02-14,Instagram,Directo,Carrusel,0,,,,,,15403.0,23114.0,503.0,27,40,44.0,614.0,15,5,7,False
P01233,20250214,2025-02-14,X,Entrenamiento,Texto,0,,,,,,18409.0,24296.0,212.0,14,21,0.0,247.0,8,2,4,False
P01234,20250215,2025-02-15,Instagram,Previa,Carrusel,1,23.0,J23,Derrota,Real Villalba CF,Local,10933.0,17813.0,420.0,22,43,79.5,564.5,5,10,7,False
P01235,20250215,2025-02-15,X,Resumen,Vídeo corto,1,23.0,J23,Derrota,Real Villalba CF,Local,17800.0,20681.0,355.0,21,21,52.0,449.0,3,7,11,False
P01236,20250215,2025-02-15,X,Previa,Texto,1,23.0,J23,Derrota,Real Villalba CF,Local,11854.0,19345.0,89.0,8,5,11.0,113.0,2,2,4,False
P01237,20250215,2025-02-15,X,Directo,Carrusel,1,23.0,J23,Derrota,Real Villalba CF,Local,17543.0,28097.0,308.0,25,32,14.0,379.0,5,9,11,False
P01238,20250215,2025-02-15,Facebook,Previa,Vídeo corto,1,23.0,J23,Derrota,Real Villalba CF,Local,16676.0,27491.0,147.0,14,15,7.0,183.0,3,6,5,False
P01239,20250215,2025-02-15,Facebook,Resumen,Vídeo corto,1,23.0,J23,Derrota,Real Villalba CF,Local,13812.0,21283.0,149.0,8,12,9.0,178.0,2,1,5,False
P01240,20250215,2025-02-15,Facebook,Resumen,Vídeo largo,1,23.0,J23,Derrota,Real Villalba CF,Local,24298.0,35189.0,234.0,20,25,2.0,281.0,4,7,9,False
P01241,20250215,2025-02-15,Facebook,Directo,Imagen,1,23.0,J23,Derrota,Real Villalba CF,Local,23689.0,37854.0,240.0,19,14,24.0,297.0,4,6,9,False
P01242,20250215,2025-02-15,Facebook,Afición,Vídeo corto,1,23.0,J23,Derrota,Real Villalba CF,Local,16977.0,24177.0,269.0,21,19,17.0,326.0,7,8,6,False
P01243,20250215,2025-02-15,Facebook,Directo,Imagen,1,23.0,J23,Derrota,Real Villalba CF,Local,11922.0,19359.0,105.0,9,11,5.0,130.0,2,3,4,False
P01244,20250215,2025-02-15,Facebook,Cantera,Carrusel,1,23.0,J23,Derrota,Real Villalba CF,Local,15715.5,21428.0,62.0,5,4,4.0,75.0,0,2,3,False
P01245,20250215,2025-02-15,TikTok,Efeméride,Vídeo corto,1,23.0,J23,Derrota,Real Villalba CF,Local,20544.0,32841.0,699.0,36,61,42.0,838.0,9,14,13,False
P01246,20250215,2025-02-15,YouTube,Previa,Vídeo corto,1,23.0,J23,Derrota,Real Villalba CF,Local,13844.0,20917.0,277.0,27,23,19.0,346.0,6,9,12,False
P01247,20250215,2025-02-15,YouTube,Resumen,Vídeo corto,1,23.0,J23,Derrota,Real Villalba CF,Local,5724.0,8295.0,197.0,16,13,17.0,243.0,6,5,5,False
P01248,20250216,2025-02-16,Instagram,Entrenamiento,Imagen,0,,,,,,24270.0,36432.0,521.0,29,36,69.0,655.0,15,4,10,False
P01249,20250216,2025-02-16,Instagram,Patrocinador,Imagen,0,,,,,,33504.0,43300.0,600.0,32,44,27.0,703.0,18,5,9,False
P01250,20250216,2025-02-16,Instagram,Institucional,Imagen,0,,,,,,37514.0,47815.0,1123.0,75,107,20.0,1325.0,37,22,16,False
P01251,20250216,2025-02-16,Facebook,Entrenamiento,Vídeo corto,0,,,,,,21807.0,26956.0,258.0,13,15,25.0,311.0,7,2,4,False
P01252,20250216,2025-02-16,Facebook,Institucional,Vídeo corto,0,,,,,,19306.0,23059.0,203.0,12,18,27.0,260.0,6,3,3,False
P01253,20250216,2025-02-16,YouTube,Resumen,Vídeo largo,0,,,,,,3251.0,5155.0,149.0,12,15,13.0,189.0,7,1,4,False
P01254,20250217,2025-02-17,Instagram,Cantera,Imagen,0,,,,,,26194.0,42379.0,799.0,53,81,14.0,947.0,29,14,10,False
P01255,20250217,2025-02-17,X,Fichajes,Texto,0,,,,,,21503.5,25015.0,145.0,13,11,16.0,185.0,6,3,4,False
P01256,20250217,2025-02-17,Facebook,Previa,Imagen,0,,,,,,27017.0,36109.0,279.0,26,26,0.0,331.0,15,4,7,False
P01257,20250217,2025-02-17,Facebook,Entrenamiento,Imagen,0,,,,,,8692.0,12310.0,54.0,2,4,4.0,64.0,1,0,1,False
P01258,20250217,2025-02-17,TikTok,Afición,Vídeo corto,0,,,,,,10621.0,14280.0,1526.0,87,82,193.0,1888.0,41,17,29,False
P01259,20250217,2025-02-17,YouTube,Entrenamiento,Vídeo largo,0,,,,,,5253.0,8192.0,110.0,6,11,12.0,139.0,2,2,2,False
P01260,20250218,2025-02-18,Instagram,Patrocinador,Imagen,0,,,,,,29468.0,39475.0,1007.0,86,79,92.0,1264.0,55,16,15,False
P01261,20250218,2025-02-18,Instagram,Fichajes,Imagen,0,,,,,,37011.0,44971.0,2046.0,112,118,178.0,2454.0,67,24,21,False
P01262,20250218,2025-02-18,Facebook,Afición,Vídeo corto,0,,,,,,23120.0,29286.0,297.0,16,25,26.0,364.0,7,3,6,False
P01263,20250218,2025-02-18,YouTube,Cantera,Vídeo largo,0,,,,,,4739.0,6125.0,45.0,2,2,4.0,53.0,1,0,1,False
P01264,20250219,2025-02-19,Instagram,Entrenamiento,Texto,0,,,,,,33667.0,48734.0,652.0,35,51,80.0,818.0,19,8,8,False
P01265,20250219,2025-02-19,X,Entrenamiento,Texto,0,,,,,,14969.0,16946.0,101.0,9,6,9.0,125.0,5,2,2,False
P01266,20250219,2025-02-19,Facebook,Entrenamiento,Carrusel,0,,,,,,8728.0,11837.0,103.0,7,7,9.0,126.0,3,1,3,False
P01267,20250219,2025-02-19,Facebook,Cantera,Vídeo corto,0,,,,,,23523.0,33041.0,309.0,19,28,26.0,382.0,9,3,7,False
P01268,20250219,2025-02-19,Facebook,Patrocinador,Vídeo corto,0,,,,,,16923.0,22037.0,103.0,6,6,18.0,133.0,3,0,3,False
P01269,20250220,2025-02-20,Instagram,Entrenamiento,Vídeo corto,0,,,,,,29655.0,48041.0,1345.0,66,71,130.0,1612.0,32,18,16,False
P01270,20250220,2025-02-20,X,Entrenamiento,Vídeo corto,0,,,,,,12809.0,17055.0,254.0,14,21,18.0,307.0,6,3,5,False
P01271,20250220,2025-02-20,Facebook,Fichajes,Carrusel,0,,,,,,26969.0,34859.0,341.0,25,27,6.0,399.0,13,6,6,False
P01272,20250220,2025-02-20,TikTok,Entrenamiento,Vídeo corto,0,,,,,,12402.0,14553.0,1000.0,87,52,102.0,1241.0,51,14,22,False
P01273,20250220,2025-02-20,YouTube,Entrenamiento,Vídeo corto,0,,,,,,4497.0,5801.0,154.0,14,14,5.0,187.0,8,3,3,False
P01274,20250220,2025-02-20,YouTube,Afición,Vídeo largo,0,,,,,,9911.0,13018.0,308.0,17,24,13.0,362.0,8,2,7,False
P01275,20250221,2025-02-21,Instagram,Cantera,Carrusel,0,,,,,,23010.0,27053.0,1162.0,87,87,29.0,1365.0,50,19,18,False
P01276,20250221,2025-02-21,YouTube,Entrenamiento,Vídeo corto,0,,,,,,6173.0,9567.0,123.0,8,11,1.0,143.0,4,1,3,False
P01277,20250221,2025-02-21,YouTube,Patrocinador,Vídeo largo,0,,,,,,2098.0,2456.0,19.0,1,1,3.0,24.0,0,0,1,False
P01278,20250222,2025-02-22,Instagram,Patrocinador,Vídeo corto,1,24.0,J24,Victoria,Club Arenal,Local,24897.0,38068.0,978.0,97,79,83.0,1237.0,60,21,16,False
P01279,20250222,2025-02-22,Instagram,Previa,Vídeo corto,1,24.0,J24,Victoria,Club Arenal,Local,67934.0,96454.0,2199.0,130,143,178.0,2650.0,78,23,29,False
P01280,20250222,2025-02-22,Instagram,Directo,Imagen,1,24.0,J24,Victoria,Club Arenal,Local,25373.0,36124.0,1439.0,108,118,9.0,1674.0,59,25,24,False
P01281,20250222,2025-02-22,Instagram,Afición,Vídeo corto,1,24.0,J24,Victoria,Club Arenal,Local,42222.0,56928.0,1255.0,188,180,206.0,1829.0,120,42,26,False
P01282,20250222,2025-02-22,Facebook,Directo,Texto,1,24.0,J24,Victoria,Club Arenal,Local,21884.0,32340.0,252.0,18,22,22.0,314.0,11,3,4,False
P01283,20250222,2025-02-22,Facebook,Directo,Vídeo largo,1,24.0,J24,Victoria,Club Arenal,Local,11867.0,14860.0,106.0,9,10,0.0,125.0,4,2,3,False
P01284,20250222,2025-02-22,Facebook,Resumen,Carrusel,1,24.0,J24,Victoria,Club Arenal,Local,16115.0,22985.0,383.0,21,39,18.0,461.0,14,2,5,False
P01285,20250222,2025-02-22,Facebook,Patrocinador,Vídeo corto,1,24.0,J24,Victoria,Club Arenal,Local,46910.0,61938.0,304.0,30,22,25.0,381.0,22,3,5,False
P01286,20250222,2025-02-22,Facebook,Afición,Imagen,1,24.0,J24,Victoria,Club Arenal,Local,16877.0,24181.0,236.0,12,12,30.0,290.0,7,1,4,False
P01287,20250222,2025-02-22,TikTok,Fichajes,Vídeo corto,1,24.0,J24,Victoria,Club Arenal,Local,16038.0,25021.0,3176.0,287,283,16.0,3762.0,168,69,50,False
P01288,20250222,2025-02-22,TikTok,Fichajes,Vídeo corto,1,24.0,J24,Victoria,Club Arenal,Local,14581.0,22175.0,2375.0,181,200,22.0,2778.0,114,32,35,False
P01289,20250222,2025-02-22,YouTube,Resumen,Vídeo largo,1,24.0,J24,Victoria,Club Arenal,Local,4184.0,5652.0,134.0,8,13,7.0,162.0,4,1,3,False
P01290,20250222,2025-02-22,YouTube,Previa,Vídeo corto,1,24.0,J24,Victoria,Club Arenal,Local,6530.0,9350.0,284.0,14,20,36.0,354.0,8,1,5,False
P01291,20250223,2025-02-23,Instagram,Directo,Imagen,0,,,,,,20087.0,23713.0,788.0,63,38,28.0,917.0,29,18,16,False
P01292,20250223,2025-02-23,X,Cantera,Vídeo corto,0,,,,,,20392.0,29967.0,213.0,11,16,29.0,269.0,5,2,4,False
P01293,20250223,2025-02-23,TikTok,Previa,Vídeo corto,0,,,,,,16285.0,20012.0,1298.0,116,72,164.0,1650.0,74,21,21,False
P01294,20250223,2025-02-23,YouTube,Entrenamiento,Vídeo largo,0,,,,,,4679.0,7711.0,49.0,4,3,4.0,60.0,2,0,2,False
P01295,20250223,2025-02-23,YouTube,Fichajes,Vídeo corto,0,,,,,,3258.0,5260.0,208.0,18,10,6.0,242.0,10,4,4,False
P01296,20250224,2025-02-24,Instagram,Fichajes,Vídeo corto,0,,,,,,19343.0,26906.0,1809.0,99,191,125.0,2224.0,54,15,30,False
P01297,20250224,2025-02-24,Instagram,Entrenamiento,Carrusel,0,,,,,,74233.0,121650.0,2239.0,181,220,0.0,2640.0,100,43,38,False
P01298,20250224,2025-02-24,X,Patrocinador,Imagen,0,,,,,,30662.0,47451.0,220.0,21,23,13.0,277.0,12,3,6,False
P01299,20250224,2025-02-24,TikTok,Entrenamiento,Vídeo corto,0,,,,,,16894.0,25623.0,1058.0,60,62,138.0,1318.0,27,18,15,False
P01300,20250224,2025-02-24,YouTube,Efeméride,Vídeo largo,0,,,,,,5873.0,8307.0,176.0,12,15,8.0,211.0,5,3,4,False
P01301,20250225,2025-02-25,X,Efeméride,Vídeo corto,0,,,,,,17335.0,25562.0,206.0,15,12,30.0,263.0,7,3,5,False
P01302,20250225,2025-02-25,X,Entrenamiento,Vídeo corto,0,,,,,,15230.0,23863.0,294.0,18,32,31.0,375.0,10,3,5,False
P01303,20250225,2025-02-25,Facebook,Cantera,Carrusel,0,,,,,,15705.0,18528.0,162.0,8,13,11.0,194.0,4,1,3,False
P01304,20250225,2025-02-25,Facebook,Efeméride,Vídeo corto,0,,,,,,17016.0,26865.0,218.0,13,23,9.5,263.5,7,3,3,False
P01305,20250226,2025-02-26,X,Efeméride,Imagen,0,,,,,,25617.0,29165.0,386.0,32,19,36.0,473.0,16,8,8,False
P01306,20250226,2025-02-26,X,Institucional,Imagen,0,,,,,,9281.0,15312.0,63.0,3,4,4.0,74.0,1,0,2,False
P01307,20250226,2025-02-26,X,Afición,Imagen,0,,,,,,31262.0,36877.0,466.0,33,27,31.0,557.0,17,8,8,False
P01308,20250226,2025-02-26,Facebook,Institucional,Carrusel,0,,,,,,16598.0,27286.0,143.0,8,11,21.0,183.0,3,1,4,False
P01309,20250226,2025-02-26,TikTok,Institucional,Vídeo corto,0,,,,,,9711.0,14472.0,594.0,29,57,47.0,727.0,12,9,8,False
P01310,20250226,2025-02-26,TikTok,Afición,Vídeo corto,0,,,,,,8681.0,13803.0,911.0,59,82,28.0,1080.0,31,15,13,False
P01311,20250226,2025-02-26,YouTube,Previa,Vídeo largo,0,,,,,,4199.0,5691.0,70.0,4,7,6.0,87.0,2,0,2,False
P01312,20250227,2025-02-27,Instagram,Entrenamiento,Vídeo corto,0,,,,,,43643.0,56126.0,2887.0,214,240,307.0,3648.0,110,49,55,False
P01313,20250227,2025-02-27,Instagram,Efeméride,Imagen,0,,,,,,27202.0,40909.0,1123.0,93,85,17.0,1318.0,51,26,16,False
P01314,20250227,2025-02-27,X,Entrenamiento,Imagen,0,,,,,,42490.0,49903.0,590.0,48,48,67.0,753.0,28,9,11,False
P01315,20250227,2025-02-27,Facebook,Patrocinador,Imagen,0,,,,,,33006.0,37490.0,170.0,9,11,7.0,197.0,5,2,2,False
P01316,20250227,2025-02-27,Facebook,Fichajes,Vídeo corto,0,,,,,,6724.0,9678.0,300.0,18,30,15.0,363.0,9,2,7,True
P01317,20250227,2025-02-27,YouTube,Fichajes,Vídeo largo,0,,,,,,8901.0,12879.0,564.0,38,34,30.0,666.0,20,10,8,False
P01318,20250228,2025-02-28,Instagram,Institucional,Imagen,0,,,,,,37858.0,53895.0,673.0,42,59,12.0,786.0,19,14,9,False
P01319,20250228,2025-02-28,Instagram,Entrenamiento,Carrusel,0,,,,,,6134.0,8593.0,189.0,13,16,8.0,226.0,7,3,3,False
P01320,20250228,2025-02-28,Instagram,Directo,Carrusel,0,,,,,,42575.0,57140.0,2165.0,168,181,111.0,2625.0,82,37,49,False
P01321,20250228,2025-02-28,X,Fichajes,Texto,0,,,,,,20423.0,32276.0,280.0,23,29,0.0,332.0,11,5,7,False
P01322,20250228,2025-02-28,X,Afición,Vídeo largo,0,,,,,,38102.0,53055.0,557.0,54,52,42.0,705.0,27,12,15,False
P01323,20250228,2025-02-28,X,Entrenamiento,Texto,0,,,,,,47213.0,54026.0,373.0,22,37,23.0,455.0,11,4,7,False
P01324,20250228,2025-02-28,X,Entrenamiento,Texto,0,,,,,,17303.0,20668.0,196.0,10,18,11.0,235.0,4,2,4,False
P01325,20250228,2025-02-28,X,Institucional,Texto,0,,,,,,22847.0,28177.0,92.0,7,9,10.0,118.0,3,1,3,False
P01326,20250228,2025-02-28,Facebook,Cantera,Texto,0,,,,,,36458.0,50165.0,198.0,10,18,9.0,235.0,4,3,3,False
P01327,20250228,2025-02-28,TikTok,Patrocinador,Vídeo corto,0,,,,,,12414.0,14231.0,275.0,24,26,21.0,346.0,14,3,7,False
P01328,20250228,2025-02-28,YouTube,Afición,Vídeo largo,0,,,,,,7744.0,10530.0,188.0,13,11,27.0,239.0,7,2,4,False
P01329,20250301,2025-03-01,Instagram,Resumen,Carrusel,1,25.0,J25,Victoria,AD Genil,Visitante,40614.0,66567.0,2330.0,132,162,356.0,2980.0,83,18,31,False
P01330,20250301,2025-03-01,Instagram,Resumen,Imagen,1,25.0,J25,Victoria,AD Genil,Visitante,48571.0,58467.0,4277.0,329,435,426.0,5467.0,207,48,74,False
P01331,20250301,2025-03-01,Instagram,Directo,Imagen,1,25.0,J25,Victoria,AD Genil,Visitante,27668.0,34352.0,2093.0,107,179,131.0,2510.0,63,24,20,False
P01332,20250301,2025-03-01,X,Directo,Vídeo largo,1,25.0,J25,Victoria,AD Genil,Visitante,32086.0,52538.0,527.0,30,41,33.0,631.0,18,4,8,False
P01333,20250301,2025-03-01,X,Entrenamiento,Texto,1,25.0,J25,Victoria,AD Genil,Visitante,18408.0,28269.0,75.0,7,4,8.0,94.0,4,1,2,False
P01334,20250301,2025-03-01,Facebook,Resumen,Imagen,1,25.0,J25,Victoria,AD Genil,Visitante,27952.0,42999.0,345.0,20,35,26.0,426.0,13,2,5,False
P01335,20250301,2025-03-01,Facebook,Efeméride,Vídeo largo,1,25.0,J25,Victoria,AD Genil,Visitante,11204.0,12635.0,76.0,4,7,9.0,96.0,2,1,1,False
P01336,20250301,2025-03-01,Facebook,Efeméride,Carrusel,1,25.0,J25,Victoria,AD Genil,Visitante,22555.0,30506.0,238.0,17,14,29.0,298.0,11,3,3,False
P01337,20250301,2025-03-01,Facebook,Directo,Carrusel,1,25.0,J25,Victoria,AD Genil,Visitante,20849.0,32368.0,267.0,19,21,26.0,333.0,10,5,4,False
P01338,20250301,2025-03-01,Facebook,Directo,Vídeo corto,1,25.0,J25,Victoria,AD Genil,Visitante,17445.5,57005.0,980.0,72,62,130.0,1244.0,43,17,12,True
P01339,20250301,2025-03-01,Facebook,Previa,Imagen,1,25.0,J25,Victoria,AD Genil,Visitante,15574.0,22145.0,130.0,8,11,17.0,166.0,4,1,3,False
P01340,20250301,2025-03-01,TikTok,Previa,Vídeo corto,1,25.0,J25,Victoria,AD Genil,Visitante,12690.0,18608.0,1705.0,128,105,125.0,2063.0,74,34,20,False
P01341,20250301,2025-03-01,YouTube,Directo,Vídeo largo,1,25.0,J25,Victoria,AD Genil,Visitante,13839.0,22403.0,382.0,36,19,44.0,481.0,20,8,8,False
P01342,20250302,2025-03-02,Instagram,Entrenamiento,Carrusel,0,,,,,,50716.0,66607.0,1413.0,112,120,118.0,1763.0,62,25,25,False
P01343,20250302,2025-03-02,Instagram,Resumen,Imagen,0,,,,,,34057.0,54798.0,1945.0,145,114,122.0,2326.0,87,23,35,False
P01344,20250302,2025-03-02,X,Directo,Imagen,0,,,,,,9517.0,12843.0,157.0,14,13,9.0,193.0,9,2,3,False
P01345,20250302,2025-03-02,Facebook,Entrenamiento,Carrusel,0,,,,,,15931.0,16095.0,105.0,7,6,15.0,133.0,3,1,3,False
P01346,20250302,2025-03-02,Facebook,Entrenamiento,Carrusel,0,,,,,,12136.0,19289.0,91.0,5,9,7.0,112.0,1,1,3,False
P01347,20250302,2025-03-02,TikTok,Entrenamiento,Vídeo corto,0,,,,,,11688.0,13352.0,769.0,48,63,48.0,928.0,30,10,8,False
P01348,20250302,2025-03-02,YouTube,Afición,Vídeo largo,0,,,,,,3197.0,4127.0,56.0,2,5,4.0,67.0,0,0,2,False
P01349,20250302,2025-03-02,YouTube,Efeméride,Vídeo corto,0,,,,,,11828.0,16473.0,470.0,28,31,57.0,586.0,15,6,7,False
P01350,20250303,2025-03-03,Instagram,Efeméride,Imagen,0,,,,,,18839.0,25160.0,826.0,77,45,76.0,1024.0,40,13,24,False
P01351,20250303,2025-03-03,X,Institucional,Texto,0,,,,,,36119.0,44920.0,106.0,10,5,6.0,127.0,5,2,3,False
P01352,20250303,2025-03-03,X,Fichajes,Imagen,0,,,,,,24706.0,32077.0,812.0,41,64,71.0,988.0,21,9,11,False
P01353,20250303,2025-03-03,Facebook,Previa,Carrusel,0,,,,,,22507.0,29955.0,161.0,14,10,12.0,197.0,6,4,4,False
P01354,20250303,2025-03-03,Facebook,Entrenamiento,Vídeo corto,0,,,,,,48762.0,57117.0,941.0,64,100,55.0,1160.0,39,12,13,False
P01355,20250303,2025-03-03,TikTok,Efeméride,Vídeo corto,0,,,,,,7780.0,11614.0,659.0,41,35,84.0,819.0,20,12,9,False
P01356,20250303,2025-03-03,TikTok,Fichajes,Vídeo corto,0,,,,,,9263.0,12740.0,1342.0,76,136,110.0,1664.0,43,19,14,False
P01357,20250304,2025-03-04,Facebook,Previa,Imagen,0,,,,,,17040.0,27164.0,176.0,10,14,9.0,209.0,5,1,4,False
P01358,20250304,2025-03-04,TikTok,Afición,Vídeo corto,0,,,,,,9360.0,13103.0,1222.0,112,92,127.0,1553.0,57,34,21,False
P01359,20250305,2025-03-05,Instagram,Resumen,Imagen,0,,,,,,21727.0,28882.0,1002.0,75,54,71.0,1202.0,44,18,13,False
P01360,20250305,2025-03-05,X,Patrocinador,Texto,0,,,,,,18914.0,30631.0,138.0,11,14,1.0,164.0,5,3,3,False
P01361,20250305,2025-03-05,X,Efeméride,Texto,0,,,,,,12161.0,14799.0,134.0,10,10,6.0,160.0,5,2,3,False
P01362,20250305,2025-03-05,Facebook,Fichajes,Imagen,0,,,,,,13327.0,16120.0,185.0,12,17,6.0,220.0,7,2,3,False
P01363,20250305,2025-03-05,Facebook,Afición,Vídeo largo,0,,,,,,13350.0,15068.0,162.0,11,16,4.0,193.0,5,2,4,False
P01364,20250305,2025-03-05,TikTok,Entrenamiento,Vídeo corto,0,,,,,,13407.0,21430.0,1545.0,132,163,10.0,1850.0,67,37,28,False
P01365,20250306,2025-03-06,Instagram,Efeméride,Imagen,0,,,,,,19316.0,28401.0,474.0,27,39,14.0,554.0,15,4,8,False
P01366,20250306,2025-03-06,X,Afición,Texto,0,,,,,,18346.0,23085.0,244.0,18,13,22.0,297.0,10,3,5,False
P01367,20250306,2025-03-06,X,Institucional,Texto,0,,,,,,13661.0,20680.0,111.0,7,8,7.0,133.0,3,2,2,False
P01368,20250306,2025-03-06,Facebook,Institucional,Vídeo corto,0,,,,,,16000.0,18395.0,159.0,9,15,5.0,188.0,4,3,2,False
P01369,20250306,2025-03-06,TikTok,Patrocinador,Vídeo corto,0,,,,,,21909.0,34642.0,688.0,64,48,3.0,803.0,37,14,13,False
P01370,20250307,2025-03-07,Instagram,Institucional,Imagen,0,,,,,,24289.0,30727.0,401.0,35,24,14.0,474.0,22,4,9,False
P01371,20250307,2025-03-07,Instagram,Cantera,Imagen,0,,,,,,31778.0,51422.0,536.0,33,49,34.0,652.0,17,7,9,False
P01372,20250307,2025-03-07,X,Patrocinador,Vídeo corto,0,,,,,,22543.0,26957.0,323.0,18,18,51.0,410.0,12,3,3,False
P01373,20250307,2025-03-07,Facebook,Institucional,Imagen,0,,,,,,27499.0,36461.0,111.0,7,6,18.0,142.0,4,1,2,False
P01374,20250308,2025-03-08,Instagram,Resumen,Imagen,1,26.0,J26,Derrota,CF Duero,Visitante,67269.0,97628.0,3700.0,286,369,294.0,4649.0,70,132,84,False
P01375,20250308,2025-03-08,Instagram,Afición,Imagen,1,26.0,J26,Derrota,CF Duero,Visitante,20447.0,30235.0,1076.0,98,109,0.0,1283.0,24,45,29,False
P01376,20250308,2025-03-08,Instagram,Directo,Vídeo largo,1,26.0,J26,Derrota,CF Duero,Visitante,24649.0,39041.0,748.0,69,79,63.0,959.0,14,33,22,False
P01377,20250308,2025-03-08,Facebook,Directo,Imagen,1,26.0,J26,Derrota,CF Duero,Visitante,14609.0,17995.0,129.0,8,13,13.0,163.0,2,2,4,False
P01378,20250308,2025-03-08,Facebook,Patrocinador,Vídeo corto,1,26.0,J26,Derrota,CF Duero,Visitante,17260.0,25514.0,105.0,5,5,9.0,124.0,1,1,3,False
P01379,20250308,2025-03-08,Facebook,Fichajes,Vídeo largo,1,26.0,J26,Derrota,CF Duero,Visitante,29208.0,40960.0,267.0,18,25,26.0,336.0,8,4,6,False
P01380,20250308,2025-03-08,Facebook,Previa,Imagen,1,26.0,J26,Derrota,CF Duero,Visitante,18130.0,26234.0,125.0,8,6,16.0,155.0,2,1,5,False
P01381,20250308,2025-03-08,TikTok,Directo,Vídeo corto,1,26.0,J26,Derrota,CF Duero,Visitante,12455.0,20222.0,1374.0,115,120,1.0,1610.0,26,52,37,False
P01382,20250308,2025-03-08,YouTube,Directo,Vídeo corto,1,26.0,J26,Derrota,CF Duero,Visitante,4501.0,5248.0,310.0,22,20,22.0,374.0,9,5,8,False
P01383,20250309,2025-03-09,Instagram,Afición,Imagen,0,,,,,,12075.0,14718.0,694.0,37,66,25.0,822.0,22,5,10,False
P01384,20250309,2025-03-09,Instagram,Entrenamiento,Imagen,0,,,,,,16615.0,21161.0,444.0,43,24,55.0,566.0,25,6,12,False
P01385,20250309,2025-03-09,Facebook,Efeméride,Carrusel,0,,,,,,27084.0,34191.0,229.0,11,13,27.0,280.0,5,2,4,False
P01386,20250309,2025-03-09,YouTube,Afición,Vídeo corto,0,,,,,,2866.0,4088.0,233.0,17,14,9.0,273.0,9,3,5,False
P01387,20250310,2025-03-10,Instagram,Entrenamiento,Imagen,0,,,,,,36909.0,42318.0,1318.0,119,125,45.0,1607.0,51,32,36,False
P01388,20250310,2025-03-10,X,Efeméride,Imagen,0,,,,,,10220.0,12557.0,91.0,7,4,4.0,106.0,3,2,2,False
P01389,20250310,2025-03-10,Facebook,Entrenamiento,Carrusel,0,,,,,,22611.0,33288.0,301.0,14,19,31.0,365.0,8,2,4,False
P01390,20250310,2025-03-10,YouTube,Efeméride,Vídeo largo,0,,,,,,5956.0,9806.0,197.0,14,10,19.0,240.0,7,3,4,False
P01391,20250311,2025-03-11,Facebook,Afición,Imagen,0,,,,,,13676.0,15732.0,129.0,8,9,19.0,165.0,5,1,2,False
P01392,20250311,2025-03-11,Facebook,Afición,Texto,0,,,,,,32152.0,41857.0,262.0,17,23,19.0,321.0,9,3,5,False
P01393,20250311,2025-03-11,Facebook,Efeméride,Imagen,0,,,,,,25998.0,35291.0,184.0,14,10,19.0,227.0,7,3,4,False
P01394,20250311,2025-03-11,Facebook,Afición,Imagen,0,,,,,,9254.0,10714.0,146.0,10,16,7.0,179.0,5,1,4,False
P01395,20250311,2025-03-11,Facebook,Efeméride,Imagen,0,,,,,,9828.0,15512.0,77.0,5,7,2.0,91.0,2,1,2,False
P01396,20250311,2025-03-11,YouTube,Patrocinador,Vídeo corto,0,,,,,,3520.0,4831.0,42.0,2,2,3.0,49.0,1,0,1,False
P01397,20250312,2025-03-12,Instagram,Institucional,Imagen,0,,,,,,16166.0,18432.0,174.0,15,18,4.0,211.0,7,2,6,False
P01398,20250312,2025-03-12,Instagram,Previa,Carrusel,0,,,,,,43499.0,67395.0,1844.0,135,180,20.0,2179.0,74,25,36,False
P01399,20250312,2025-03-12,X,Fichajes,Texto,0,,,,,,58301.0,91600.0,648.0,32,61,43.0,784.0,17,6,9,False
P01400,20250312,2025-03-12,X,Entrenamiento,Vídeo corto,0,,,,,,26417.0,36983.0,353.0,22,17,41.0,433.0,11,5,6,False
P01401,20250312,2025-03-12,X,Fichajes,Texto,0,,,,,,36858.0,57720.0,451.0,42,32,48.0,573.0,19,8,15,False
P01402,20250313,2025-03-13,X,Patrocinador,Texto,0,,,,,,24245.0,35921.0,113.0,6,9,4.0,132.0,3,1,2,False
P01403,20250313,2025-03-13,Facebook,Previa,Imagen,0,,,,,,10517.0,14794.0,83.0,7,6,5.0,101.0,3,2,2,False
P01404,20250314,2025-03-14,Instagram,Resumen,Carrusel,0,,,,,,34303.0,50950.0,1181.0,100,91,131.0,1503.0,59,14,27,False
P01405,20250314,2025-03-14,Instagram,Resumen,Imagen,0,,,,,,26742.0,33174.0,1324.0,85,78,177.0,1664.0,50,12,23,False
P01406,20250314,2025-03-14,Facebook,Entrenamiento,Carrusel,0,,,,,,7901.0,11739.0,66.0,4,6,4.0,80.0,1,0,3,False
P01407,20250314,2025-03-14,Facebook,Efeméride,Carrusel,0,,,,,,21220.0,31877.0,217.0,16,15,6.0,254.0,7,3,6,False
P01408,20250314,2025-03-14,Facebook,Patrocinador,Imagen,0,,,,,,19384.0,26712.0,85.0,6,6,8.0,105.0,3,1,2,False
P01409,20250314,2025-03-14,YouTube,Entrenamiento,Vídeo largo,0,,,,,,1626.0,2369.0,37.0,3,2,2.0,44.0,1,0,2,False
P01410,20250315,2025-03-15,Instagram,Afición,Imagen,1,27.0,J27,Empate,CD Marítimo del Sur,Local,53736.0,83193.0,2531.0,159,217,216.0,3123.0,72,50,37,False
P01411,20250315,2025-03-15,Instagram,Efeméride,Carrusel,1,27.0,J27,Empate,CD Marítimo del Sur,Local,47023.0,61764.0,1170.0,91,76,86.0,1423.0,42,19,30,False
P01412,20250315,2025-03-15,Instagram,Resumen,Vídeo corto,1,27.0,J27,Empate,CD Marítimo del Sur,Local,26945.0,31682.0,2596.0,209,176,57.0,3038.0,93,43,73,False
P01413,20250315,2025-03-15,X,Afición,Vídeo corto,1,27.0,J27,Empate,CD Marítimo del Sur,Local,33132.0,38083.0,978.0,84,110,72.0,1244.0,43,21,20,False
P01414,20250315,2025-03-15,X,Cantera,Vídeo corto,1,27.0,J27,Empate,CD Marítimo del Sur,Local,18151.0,21803.0,254.0,22,20,5.0,301.0,10,4,8,False
P01415,20250315,2025-03-15,Facebook,Resumen,Imagen,1,27.0,J27,Empate,CD Marítimo del Sur,Local,16887.0,23623.0,181.0,12,10,12.0,215.0,7,2,3,False
P01416,20250315,2025-03-15,Facebook,Previa,Imagen,1,27.0,J27,Empate,CD Marítimo del Sur,Local,16775.0,22513.0,189.0,15,19,18.0,241.0,7,4,4,False
P01417,20250315,2025-03-15,TikTok,Fichajes,Vídeo corto,1,27.0,J27,Empate,CD Marítimo del Sur,Local,8361.0,11196.0,813.0,59,58,48.0,978.0,29,17,13,False
P01418,20250315,2025-03-15,TikTok,Afición,Vídeo corto,1,27.0,J27,Empate,CD Marítimo del Sur,Local,6356.0,9421.0,504.0,27,43,47.0,621.0,13,7,7,False
P01419,20250316,2025-03-16,Instagram,Entrenamiento,Carrusel,0,,,,,,21715.0,30928.0,502.0,47,38,47.0,634.0,23,9,15,False
P01420,20250316,2025-03-16,X,Institucional,Imagen,0,,,,,,21551.0,25204.0,110.0,6,8,10.0,134.0,2,1,3,False
P01421,20250316,2025-03-16,X,Afición,Vídeo corto,0,,,,,,44087.0,53023.0,877.0,44,62,81.0,1064.0,28,5,11,False
P01422,20250316,2025-03-16,Facebook,Afición,Vídeo corto,0,,,,,,17030.0,20829.0,357.0,33,20,30.0,440.0,17,5,11,False
P01423,20250316,2025-03-16,Facebook,Cantera,Imagen,0,,,,,,11478.0,13181.0,78.0,3,4,7.0,92.0,1,0,2,False
P01424,20250316,2025-03-16,Facebook,Entrenamiento,Imagen,0,,,,,,25269.0,29938.0,175.0,14,10,7.0,206.0,6,3,5,False
P01425,20250316,2025-03-16,TikTok,Previa,Vídeo corto,0,,,,,,13834.0,19565.0,1141.0,110,60,85.0,1396.0,53,34,23,False
P01426,20250316,2025-03-16,TikTok,Resumen,Vídeo corto,0,,,,,,7328.0,8575.0,973.0,82,89,72.0,1216.0,46,19,17,False
P01427,20250317,2025-03-17,Instagram,Efeméride,Imagen,0,,,,,,34482.0,52557.0,1031.0,50,71,62.0,1214.0,30,11,9,False
P01428,20250317,2025-03-17,X,Cantera,Vídeo corto,0,,,,,,18672.0,22812.0,172.0,13,17,11.0,213.0,6,4,3,False
P01429,20250317,2025-03-17,Facebook,Entrenamiento,Imagen,0,,,,,,27511.0,44794.0,160.0,9,16,18.0,203.0,4,2,3,False
P01430,20250317,2025-03-17,YouTube,Patrocinador,Vídeo corto,0,,,,,,6215.0,9588.0,112.0,7,6,8.0,133.0,3,1,3,False
P01431,20250318,2025-03-18,Instagram,Fichajes,Vídeo corto,0,,,,,,22976.0,31244.0,1973.0,148,120,87.0,2328.0,80,28,40,False
P01432,20250318,2025-03-18,Instagram,Entrenamiento,Carrusel,0,,,,,,44568.0,52388.0,1813.0,106,189,205.0,2313.0,55,19,32,False
P01433,20250318,2025-03-18,X,Patrocinador,Imagen,0,,,,,,27186.0,34566.0,140.0,13,14,9.0,176.0,6,3,4,False
P01434,20250318,2025-03-18,X,Afición,Imagen,0,,,,,,31496.0,47130.0,578.0,40,31,40.0,689.0,16,11,13,False
P01435,20250318,2025-03-18,Facebook,Patrocinador,Imagen,0,,,,,,18964.0,30798.0,98.0,6,6,10.0,120.0,3,1,2,False
P01436,20250318,2025-03-18,Facebook,Institucional,Imagen,0,,,,,,36004.0,58012.0,128.0,7,11,17.0,163.0,4,1,2,False
P01437,20250318,2025-03-18,Facebook,Entrenamiento,Carrusel,0,,,,,,25552.0,34610.0,407.0,25,21,65.0,518.0,12,6,7,False
P01438,20250318,2025-03-18,TikTok,Efeméride,Vídeo corto,0,,,,,,19139.0,28226.0,1097.0,54,111,53.0,1315.0,21,12,21,False
P01439,20250318,2025-03-18,YouTube,Efeméride,Vídeo largo,0,,,,,,16171.0,25668.0,295.0,22,29,7.0,353.0,12,3,7,False
P01440,20250319,2025-03-19,Instagram,Fichajes,Vídeo corto,0,,,,,,49551.0,68499.0,5904.0,549,596,98.0,7147.0,285,151,113,False
P01441,20250319,2025-03-19,Instagram,Institucional,Carrusel,0,,,,,,41107.0,51631.0,943.0,45,81,33.0,1102.0,23,9,13,False
P01442,20250319,2025-03-19,X,Cantera,Texto,0,,,,,,19060.0,22606.0,111.0,10,6,9.0,136.0,6,2,2,False
P01443,20250319,2025-03-19,Facebook,Entrenamiento,Imagen,0,,,,,,15976.0,24867.0,119.0,6,12,2.0,139.0,3,1,2,False
P01444,20250321,2025-03-21,Instagram,Entrenamiento,Vídeo corto,0,,,,,,22519.0,28376.0,1608.0,84,136,175.0,2003.0,42,24,18,False
P01445,20250321,2025-03-21,Facebook,Patrocinador,Texto,0,,,,,,22352.0,29497.0,91.0,7,9,6.0,113.0,3,1,3,False
P01446,20250321,2025-03-21,Facebook,Fichajes,Imagen,0,,,,,,15866.0,18419.0,233.0,13,20,18.0,284.0,6,2,5,False
P01447,20250321,2025-03-21,Facebook,Institucional,Vídeo corto,0,,,,,,19145.0,29473.0,236.0,22,25,8.0,291.0,11,5,6,False
P01448,20250321,2025-03-21,Facebook,Efeméride,Imagen,0,,,,,,14769.0,17993.0,133.0,12,9,2.0,156.0,6,2,4,False
P01449,20250321,2025-03-21,Facebook,Cantera,Imagen,0,,,,,,15715.5,16802.0,112.0,9,7,9.0,137.0,4,2,3,False
P01450,20250322,2025-03-22,Instagram,Patrocinador,Carrusel,1,28.0,J28,Empate,UD Ribera,Local,28398.0,38771.5,399.0,30,39,37.0,505.0,15,7,8,False
P01451,20250322,2025-03-22,Instagram,Previa,Vídeo corto,1,28.0,J28,Empate,UD Ribera,Local,28287.0,43528.0,1223.0,74,119,94.0,1510.0,45,11,18,False
P01452,20250322,2025-03-22,Instagram,Directo,Carrusel,1,28.0,J28,Empate,UD Ribera,Local,89425.0,110207.0,5590.0,370,326,561.0,6847.0,171,97,102,False
P01453,20250322,2025-03-22,X,Previa,Vídeo corto,1,28.0,J28,Empate,UD Ribera,Local,33867.0,55127.0,499.0,40,26,17.0,582.0,14,9,17,False
P01454,20250322,2025-03-22,X,Fichajes,Carrusel,1,28.0,J28,Empate,UD Ribera,Local,43791.0,68247.0,633.0,32,58,48.0,771.0,15,5,12,False
P01455,20250322,2025-03-22,X,Cantera,Imagen,1,28.0,J28,Empate,UD Ribera,Local,24691.0,35811.0,199.0,14,16,11.0,240.0,4,5,5,False
P01456,20250322,2025-03-22,X,Fichajes,Imagen,1,28.0,J28,Empate,UD Ribera,Local,31650.0,46648.0,818.0,47,88,44.0,997.0,26,12,9,False
P01457,20250322,2025-03-22,Facebook,Cantera,Vídeo largo,1,28.0,J28,Empate,UD Ribera,Local,28429.0,41628.0,116.0,6,8,10.0,140.0,2,1,3,False
P01458,20250322,2025-03-22,Facebook,Cantera,Carrusel,1,28.0,J28,Empate,UD Ribera,Local,24140.0,37001.0,118.0,10,10,6.0,144.0,4,2,4,False
P01459,20250322,2025-03-22,Facebook,Previa,Vídeo corto,1,28.0,J28,Empate,UD Ribera,Local,28755.0,35666.0,265.0,20,23,15.0,323.0,8,6,6,False
P01460,20250322,2025-03-22,Facebook,Resumen,Vídeo corto,1,28.0,J28,Empate,UD Ribera,Local,22500.0,33495.0,332.0,19,34,35.0,420.0,9,3,7,False
P01461,20250322,2025-03-22,Facebook,Resumen,Imagen,1,28.0,J28,Empate,UD Ribera,Local,16288.0,26363.0,233.0,21,19,3.0,276.0,10,4,7,False
P01462,20250322,2025-03-22,TikTok,Directo,Vídeo corto,1,28.0,J28,Empate,UD Ribera,Local,8486.0,11173.0,564.0,35,54,39.0,692.0,18,10,7,False
P01463,20250322,2025-03-22,TikTok,Cantera,Vídeo corto,1,28.0,J28,Empate,UD Ribera,Local,8133.0,6087.0,192.0,9,14,23.0,238.0,5,2,2,False
P01464,20250322,2025-03-22,TikTok,Previa,Vídeo corto,1,28.0,J28,Empate,UD Ribera,Local,9755.0,11538.0,484.0,24,40,27.0,575.0,9,5,10,False
P01465,20250322,2025-03-22,YouTube,Afición,Vídeo largo,1,28.0,J28,Empate,UD Ribera,Local,10020.0,13973.0,206.0,18,12,12.0,248.0,6,4,8,False
P01466,20250322,2025-03-22,YouTube,Institucional,Vídeo corto,1,28.0,J28,Empate,UD Ribera,Local,9304.0,12282.0,187.0,14,15,2.0,218.0,5,4,5,False
P01467,20250322,2025-03-22,YouTube,Institucional,Vídeo largo,1,28.0,J28,Empate,UD Ribera,Local,5996.0,9627.0,57.0,5,4,3.0,69.0,1,1,3,False
P01468,20250322,2025-03-22,YouTube,Resumen,Vídeo largo,1,28.0,J28,Empate,UD Ribera,Local,8600.0,11544.0,210.0,13,23,10.0,256.0,6,3,4,False
P01469,20250323,2025-03-23,Instagram,Resumen,Imagen,0,,,,,,37651.0,59571.0,2639.0,219,174,223.0,3255.0,116,39,64,False
P01470,20250323,2025-03-23,Instagram,Cantera,Imagen,0,,,,,,56896.0,92207.0,1604.0,153,142,74.0,1973.0,60,39,54,False
P01471,20250323,2025-03-23,X,Institucional,Texto,0,,,,,,51920.0,71105.0,391.0,25,22,18.0,456.0,10,6,9,False
P01472,20250323,2025-03-23,Facebook,Cantera,Imagen,0,,,,,,14836.0,17809.0,88.0,7,7,5.0,107.0,3,1,3,False
P01473,20250324,2025-03-24,Instagram,Entrenamiento,Imagen,0,,,,,,25469.0,38710.0,550.0,31,39,81.0,701.0,15,9,7,False
P01474,20250324,2025-03-24,Instagram,Fichajes,Imagen,0,,,,,,35926.0,52174.0,1885.0,168,175,0.0,2228.0,94,32,42,False
P01475,20250324,2025-03-24,Instagram,Afición,Imagen,0,,,,,,19178.0,22791.0,1392.0,126,80,137.0,1735.0,54,35,37,False
P01476,20250325,2025-03-25,Instagram,Fichajes,Imagen,0,,,,,,12024.0,14633.0,633.0,37,36,92.0,798.0,25,5,7,False
P01477,20250325,2025-03-25,Facebook,Previa,Carrusel,0,,,,,,31189.0,41152.0,424.0,37,20,32.0,513.0,20,7,10,False
P01478,20250325,2025-03-25,Facebook,Previa,Imagen,0,,,,,,16207.0,22474.0,99.0,6,6,4.0,115.0,3,0,3,False
P01479,20250325,2025-03-25,TikTok,Institucional,Vídeo corto,0,,,,,,10230.0,16752.0,356.0,30,36,0.0,422.0,15,7,8,False
P01480,20250325,2025-03-25,YouTube,Efeméride,Vídeo largo,0,,,,,,12961.0,20939.0,359.0,33,28,3.0,423.0,17,7,9,False
P01481,20250326,2025-03-26,Instagram,Entrenamiento,Vídeo corto,0,,,,,,21875.0,34729.0,991.0,53,89,103.0,1236.0,24,14,15,False
P01482,20250326,2025-03-26,X,Cantera,Imagen,0,,,,,,27089.0,43495.0,230.0,11,24,20.0,285.0,6,2,3,False
P01483,20250326,2025-03-26,Facebook,Institucional,Texto,0,,,,,,19520.0,22833.0,57.0,5,5,5.0,72.0,2,0,3,False
P01484,20250326,2025-03-26,Facebook,Entrenamiento,Imagen,0,,,,,,20798.0,27755.0,227.0,17,24,8.0,276.0,8,4,5,False
P01485,20250326,2025-03-26,TikTok,Efeméride,Vídeo corto,0,,,,,,10761.0,13931.0,1419.0,78,106,144.0,1747.0,44,11,23,False
P01486,20250326,2025-03-26,TikTok,Patrocinador,Vídeo corto,0,,,,,,11776.0,18798.0,586.0,40,30,22.0,678.0,22,8,10,False
P01487,20250326,2025-03-26,YouTube,Cantera,Vídeo largo,0,,,,,,5075.0,6438.0,73.0,4,4,12.0,93.0,2,0,2,False
P01488,20250327,2025-03-27,X,Afición,Texto,0,,,,,,22363.0,27828.0,141.0,13,10,3.0,167.0,6,4,3,False
P01489,20250327,2025-03-27,Facebook,Resumen,Imagen,0,,,,,,22275.0,26953.0,426.0,37,41,12.0,516.0,22,6,9,False
P01490,20250328,2025-03-28,Instagram,Entrenamiento,Imagen,0,,,,,,20157.0,28430.0,579.0,43,55,34.0,711.0,22,10,11,False
P01491,20250328,2025-03-28,Instagram,Resumen,Texto,0,,,,,,32520.0,45738.0,988.0,75,104,47.0,1214.0,44,15,16,False
P01492,20250328,2025-03-28,Instagram,Fichajes,Imagen,0,,,,,,43062.0,53854.0,3185.0,237,164,331.0,3917.0,155,48,34,False
P01493,20250328,2025-03-28,X,Patrocinador,Imagen,0,,,,,,65801.0,91036.0,492.0,45,51,24.0,612.0,24,10,11,False
P01494,20250328,2025-03-28,Facebook,Patrocinador,Imagen,0,,,,,,25769.0,24023.0,118.0,11,8,11.0,148.0,4,2,5,False
P01495,20250328,2025-03-28,Facebook,Resumen,Carrusel,0,,,,,,7634.0,9343.0,177.0,8,12,18.0,215.0,4,2,2,False
P01496,20250328,2025-03-28,TikTok,Entrenamiento,Vídeo corto,0,,,,,,5026.0,6938.0,339.0,29,28,31.0,427.0,13,8,8,False
P01497,20250328,2025-03-28,YouTube,Entrenamiento,Vídeo largo,0,,,,,,7773.0,10391.0,129.0,7,6,9.0,151.0,4,1,2,False
P01498,20250329,2025-03-29,Instagram,Directo,Imagen,1,29.0,J29,Derrota,Real Xarama,Local,55035.0,83541.0,3054.0,158,201,212.0,3625.0,31,52,75,False
P01499,20250329,2025-03-29,Instagram,Resumen,Vídeo corto,1,29.0,J29,Derrota,Real Xarama,Local,28799.0,45099.0,1795.0,149,150,158.0,2252.0,43,56,50,False
P01500,20250329,2025-03-29,Instagram,Resumen,Vídeo corto,1,29.0,J29,Derrota,Real Xarama,Local,20876.0,25028.0,1071.0,62,74,64.0,1271.0,16,17,29,False
P01501,20250329,2025-03-29,Instagram,Previa,Carrusel,1,29.0,J29,Derrota,Real Xarama,Local,59514.0,69799.0,1395.0,79,109,190.0,1773.0,27,31,21,False
P01502,20250329,2025-03-29,X,Previa,Carrusel,1,29.0,J29,Derrota,Real Xarama,Local,41908.0,47830.0,613.0,55,64,0.0,732.0,16,23,16,False
P01503,20250329,2025-03-29,X,Patrocinador,Texto,1,29.0,J29,Derrota,Real Xarama,Local,11745.0,18487.0,23.0,1,1,4.0,29.0,0,0,1,False
P01504,20250329,2025-03-29,X,Directo,Vídeo corto,1,29.0,J29,Derrota,Real Xarama,Local,16858.0,25649.0,337.0,29,32,0.0,398.0,6,8,15,False
P01505,20250329,2025-03-29,X,Directo,Imagen,1,29.0,J29,Derrota,Real Xarama,Local,26231.0,32814.0,350.0,32,35,26.0,443.0,11,8,13,False
P01506,20250329,2025-03-29,X,Resumen,Texto,1,29.0,J29,Derrota,Real Xarama,Local,30261.0,38893.0,387.0,21,32,13.0,453.0,6,8,7,False
P01507,20250329,2025-03-29,X,Previa,Vídeo corto,1,29.0,J29,Derrota,Real Xarama,Local,41271.0,62419.0,642.0,33,49,35.0,759.0,3,16,14,False
P01508,20250329,2025-03-29,Facebook,Resumen,Vídeo largo,1,29.0,J29,Derrota,Real Xarama,Local,17233.0,22076.0,138.0,8,12,8.0,166.0,2,3,3,False
P01509,20250329,2025-03-29,Facebook,Efeméride,Vídeo corto,1,29.0,J29,Derrota,Real Xarama,Local,46888.0,52797.0,417.0,27,23,52.0,519.0,5,7,15,False
P01510,20250329,2025-03-29,TikTok,Previa,Vídeo corto,1,29.0,J29,Derrota,Real Xarama,Local,16900.0,26805.0,1669.0,103,110,63.0,1945.0,29,30,44,False
P01511,20250329,2025-03-29,YouTube,Entrenamiento,Vídeo largo,1,29.0,J29,Derrota,Real Xarama,Local,6294.0,8681.0,78.0,6,6,1.0,91.0,1,2,3,False
P01512,20250330,2025-03-30,X,Cantera,Imagen,0,,,,,,40043.0,54457.0,410.0,38,30,45.0,523.0,18,12,8,False
P01513,20250330,2025-03-30,Facebook,Entrenamiento,Vídeo corto,0,,,,,,12828.0,20553.0,216.0,16,11,11.0,254.0,5,5,6,False
P01514,20250330,2025-03-30,Facebook,Previa,Imagen,0,,,,,,10741.0,13174.0,117.0,5,7,14.0,143.0,2,0,3,False
P01515,20250330,2025-03-30,YouTube,Fichajes,Vídeo largo,0,,,,,,8135.0,10217.0,233.0,12,15,25.0,285.0,6,2,4,False
P01516,20250331,2025-03-31,Instagram,Patrocinador,Imagen,0,,,,,,32710.0,44040.0,416.0,31,39,32.0,518.0,14,7,10,False
P01517,20250331,2025-03-31,X,Institucional,Carrusel,0,,,,,,24466.0,36475.0,117.0,8,9,6.0,140.0,3,1,4,False
P01518,20250331,2025-03-31,Facebook,Fichajes,Vídeo corto,0,,,,,,25391.0,40942.0,584.0,43,54,0.0,681.0,25,7,11,False
P01519,20250331,2025-03-31,YouTube,Efeméride,Vídeo corto,0,,,,,,6057.0,9370.0,211.0,16,14,11.0,252.0,9,3,4,False
P01520,20250401,2025-04-01,Instagram,Cantera,Imagen,0,,,,,,41154.0,48999.0,950.0,64,63,31.0,1108.0,31,15,18,False
P01521,20250401,2025-04-01,Instagram,Institucional,Imagen,0,,,,,,16364.0,18928.0,382.0,37,35,23.0,477.0,17,10,10,False
P01522,20250401,2025-04-01,Facebook,Entrenamiento,Imagen,0,,,,,,21335.0,34412.0,259.0,16,24,12.0,311.0,8,3,5,False
P01523,20250402,2025-04-02,Instagram,Resumen,Carrusel,0,,,,,,18979.0,26415.0,1046.0,94,94,18.0,1252.0,56,16,22,False
P01524,20250402,2025-04-02,Instagram,Institucional,Imagen,0,,,,,,33824.0,41962.0,529.0,31,30,32.0,622.0,15,9,7,False
P01525,20250402,2025-04-02,Instagram,Entrenamiento,Vídeo corto,0,,,,,,22454.0,28388.0,2069.0,170,191,36.0,2466.0,92,44,34,False
P01526,20250402,2025-04-02,Instagram,Cantera,Carrusel,0,,,,,,37737.0,42591.0,1112.0,96,68,147.0,1423.0,58,15,23,False
P01527,20250402,2025-04-02,X,Efeméride,Imagen,0,,,,,,18129.0,26917.0,169.0,14,14,5.0,202.0,7,3,4,False
P01528,20250402,2025-04-02,Facebook,Cantera,Carrusel,0,,,,,,28218.0,35635.0,251.0,18,28,25.0,322.0,9,3,6,False
P01529,20250402,2025-04-02,YouTube,Previa,Vídeo largo,0,,,,,,4091.0,6467.0,76.0,6,4,7.0,93.0,3,1,2,False
P01530,20250403,2025-04-03,Instagram,Efeméride,Imagen,0,,,,,,27459.0,42926.0,982.0,59,69,50.0,1160.0,29,15,15,False
P01531,20250403,2025-04-03,Instagram,Entrenamiento,Vídeo corto,0,,,,,,25284.0,30741.0,1473.0,110,122,140.0,1845.0,52,26,32,False
P01532,20250403,2025-04-03,Instagram,Previa,Imagen,0,,,,,,72159.0,93151.0,2848.0,227,155,296.0,3526.0,95,46,86,False
P01533,20250403,2025-04-03,X,Entrenamiento,Vídeo largo,0,,,,,,17576.0,27381.0,213.0,17,19,5.0,254.0,8,3,6,False
P01534,20250403,2025-04-03,X,Entrenamiento,Carrusel,0,,,,,,19740.0,29822.0,386.0,20,20,61.0,487.0,11,4,5,False
P01535,20250403,2025-04-03,X,Resumen,Vídeo corto,0,,,,,,23860.0,34268.0,1002.0,59,87,70.0,1218.0,37,7,15,False
P01536,20250403,2025-04-03,Facebook,Fichajes,Vídeo corto,0,,,,,,7709.0,10574.0,178.0,17,9,24.0,228.0,9,3,5,False
P01537,20250403,2025-04-03,Facebook,Entrenamiento,Imagen,0,,,,,,7889.0,9873.0,58.0,3,6,2.0,69.0,1,0,2,False
P01538,20250403,2025-04-03,TikTok,Entrenamiento,Vídeo corto,0,,,,,,15223.0,17759.0,1726.0,89,126,69.0,2010.0,39,19,31,False
P01539,20250403,2025-04-03,TikTok,Resumen,Vídeo corto,0,,,,,,5546.0,7247.0,599.0,52,39,38.0,728.0,31,10,11,False
P01540,20250403,2025-04-03,TikTok,Entrenamiento,Vídeo corto,0,,,,,,16533.0,20135.0,1606.0,114,88,193.0,2001.0,55,22,37,False
P01541,20250404,2025-04-04,Instagram,Fichajes,Carrusel,0,,,,,,31838.0,49860.0,2425.0,215,212,132.0,2984.0,132,35,48,False
P01542,20250404,2025-04-04,Facebook,Resumen,Vídeo corto,0,,,,,,7427.0,9080.0,168.0,8,13,7.0,196.0,4,1,3,False
P01543,20250405,2025-04-05,Instagram,Institucional,Imagen,1,30.0,J30,Derrota,CF Ponent,Visitante,61803.0,100371.0,754.0,75,61,64.0,954.0,17,23,35,False
P01544,20250405,2025-04-05,Instagram,Efeméride,Vídeo corto,1,30.0,J30,Derrota,CF Ponent,Visitante,28108.0,42913.0,1233.0,107,64,118.0,1522.0,35,46,26,False
P01545,20250405,2025-04-05,Instagram,Resumen,Imagen,1,30.0,J30,Derrota,CF Ponent,Visitante,94366.0,146028.0,3561.0,263,195,390.0,4409.0,83,104,76,False
P01546,20250405,2025-04-05,X,Directo,Texto,1,30.0,J30,Derrota,CF Ponent,Visitante,20125.0,23401.0,270.0,16,21,13.0,320.0,5,4,7,False
P01547,20250405,2025-04-05,X,Resumen,Texto,1,30.0,J30,Derrota,CF Ponent,Visitante,21477.0,28907.0,201.0,19,19,21.5,260.5,4,6,9,False
P01548,20250405,2025-04-05,X,Resumen,Imagen,1,30.0,J30,Derrota,CF Ponent,Visitante,13011.0,14659.0,213.0,17,20,8.0,258.0,4,4,9,False
P01549,20250405,2025-04-05,X,Resumen,Texto,1,30.0,J30,Derrota,CF Ponent,Visitante,30415.0,40983.0,303.0,16,20,14.0,353.0,4,5,7,False
P01550,20250405,2025-04-05,TikTok,Resumen,Vídeo corto,1,30.0,J30,Derrota,CF Ponent,Visitante,7878.0,11379.0,440.0,37,38,25.0,540.0,8,18,11,False
P01551,20250405,2025-04-05,YouTube,Efeméride,Vídeo largo,1,30.0,J30,Derrota,CF Ponent,Visitante,5873.0,22372.0,307.0,22,23,21.0,373.0,8,6,8,False
P01552,20250405,2025-04-05,YouTube,Previa,Vídeo largo,1,30.0,J30,Derrota,CF Ponent,Visitante,7002.0,10325.0,130.0,7,11,13.0,161.0,2,1,4,False
P01553,20250405,2025-04-05,YouTube,Cantera,Vídeo largo,1,30.0,J30,Derrota,CF Ponent,Visitante,10861.0,13517.0,113.0,6,11,4.0,134.0,1,2,3,False
P01554,20250406,2025-04-06,X,Afición,Vídeo corto,0,,,,,,14446.0,17885.0,273.0,13,20,27.0,333.0,7,2,4,False
P01555,20250406,2025-04-06,X,Entrenamiento,Imagen,0,,,,,,17778.0,25062.0,178.0,14,11,20.0,223.0,6,2,6,False
P01556,20250406,2025-04-06,TikTok,Cantera,Vídeo corto,0,,,,,,12835.0,19750.0,664.0,57,57,15.0,793.0,29,11,17,False
P01557,20250406,2025-04-06,TikTok,Cantera,Vídeo corto,0,,,,,,12024.0,15618.0,575.0,43,46,42.0,706.0,21,9,13,False
P01558,20250406,2025-04-06,TikTok,Cantera,Vídeo corto,0,,,,,,10616.0,13938.0,1027.0,66,97,125.0,1315.0,35,14,17,False
P01559,20250406,2025-04-06,YouTube,Cantera,Vídeo largo,0,,,,,,13757.0,16288.0,203.0,16,20,7.0,246.0,7,4,5,False
P01560,20250407,2025-04-07,Instagram,Entrenamiento,Vídeo corto,0,,,,,,43950.0,49422.0,2232.0,224,255,140.0,2851.0,122,47,55,False
P01561,20250407,2025-04-07,Facebook,Entrenamiento,Imagen,0,,,,,,22223.0,29126.0,125.0,11,11,9.0,156.0,5,3,3,False
P01562,20250407,2025-04-07,Facebook,Fichajes,Vídeo corto,0,,,,,,11692.0,17184.0,284.0,18,15,19.0,336.0,10,4,4,False
P01563,20250408,2025-04-08,Instagram,Previa,Carrusel,0,,,,,,60136.0,74768.0,3056.0,257,158,288.0,3759.0,171,41,45,False
P01564,20250408,2025-04-08,Instagram,Fichajes,Carrusel,0,,,,,,26927.0,28647.0,1657.0,82,140,49.0,1928.0,42,19,21,False
P01565,20250408,2025-04-08,Instagram,Institucional,Imagen,0,,,,,,15758.0,20392.0,314.0,16,17,25.0,372.0,9,3,4,False
P01566,20250408,2025-04-08,X,Resumen,Carrusel,0,,,,,,40127.0,46193.0,1409.0,133,154,71.0,1767.0,65,31,37,False
P01567,20250408,2025-04-08,X,Afición,Vídeo corto,0,,,,,,28743.0,44442.0,870.0,43,49,78.0,1040.0,26,8,9,False
P01568,20250408,2025-04-08,X,Fichajes,Carrusel,0,,,,,,12165.0,19424.0,281.0,15,15,42.0,353.0,8,3,4,False
P01569,20250408,2025-04-08,Facebook,Institucional,Imagen,0,,,,,,11762.0,14382.0,61.0,3,4,6.0,74.0,1,0,2,False
P01570,20250409,2025-04-09,Instagram,Resumen,Imagen,0,,,,,,35303.0,46075.0,1850.0,150,196,125.0,2321.0,65,54,31,False
P01571,20250409,2025-04-09,Facebook,Patrocinador,Texto,0,,,,,,23792.0,27821.0,73.0,5,5,9.0,92.0,2,1,2,False
P01572,20250409,2025-04-09,Facebook,Patrocinador,Carrusel,0,,,,,,22674.0,29566.0,168.0,15,8,12.0,203.0,7,3,5,False
P01573,20250410,2025-04-10,X,Previa,Imagen,0,,,,,,24335.0,29625.0,260.0,16,29,25.0,330.0,8,4,4,False
P01574,20250410,2025-04-10,Facebook,Efeméride,Texto,0,,,,,,14759.0,44711.0,192.0,10,19,7.0,228.0,4,2,4,False
P01575,20250410,2025-04-10,Facebook,Afición,Imagen,0,,,,,,17973.0,20285.0,321.0,19,31,6.0,377.0,10,4,5,False
P01576,20250410,2025-04-10,YouTube,Patrocinador,Vídeo largo,0,,,,,,14824.0,23850.0,151.0,11,15,1.0,178.0,4,2,5,False
P01577,20250410,2025-04-10,YouTube,Patrocinador,Vídeo largo,0,,,,,,3549.0,5211.0,32.0,1,1,5.0,39.0,0,0,1,False
P01578,20250411,2025-04-11,Instagram,Afición,Texto,0,,,,,,20197.0,30224.0,545.0,44,31,16.0,636.0,26,6,12,False
P01579,20250411,2025-04-11,Facebook,Resumen,Carrusel,0,,,,,,20534.0,31436.0,214.0,17,12,15.0,258.0,9,2,6,False
P01580,20250411,2025-04-11,Facebook,Cantera,Texto,0,,,,,,24066.0,39366.0,118.0,11,11,10.0,150.0,6,1,4,False
P01581,20250411,2025-04-11,Facebook,Institucional,Imagen,0,,,,,,15339.0,17582.0,99.0,7,10,4.0,120.0,4,1,2,False
P01582,20250412,2025-04-12,Instagram,Cantera,Vídeo corto,0,,,,,,43192.0,57989.0,1134.0,106,119,94.0,1453.0,48,23,35,False
P01583,20250412,2025-04-12,Instagram,Entrenamiento,Imagen,0,,,,,,24842.0,37520.0,711.0,42,57,55.0,865.0,23,7,12,False
P01584,20250412,2025-04-12,Facebook,Entrenamiento,Imagen,0,,,,,,11146.0,18052.0,115.0,7,5,7.0,134.0,4,0,3,False
P01585,20250413,2025-04-13,Instagram,Patrocinador,Imagen,0,,,,,,48917.0,59095.0,1008.0,91,100,0.0,1199.0,44,27,20,False
P01586,20250413,2025-04-13,X,Patrocinador,Texto,0,,,,,,382632.0,604992.0,1464.0,96,72,4.0,1636.0,2,1,93,False
P01587,20250413,2025-04-13,X,Patrocinador,Texto,0,,,,,,22164.0,37750.0,83.0,4,6,12.0,105.0,1,0,3,False
P01588,20250414,2025-04-14,Instagram,Directo,Vídeo corto,0,,,,,,49246.0,78592.0,3305.0,230,341,15.0,3891.0,136,50,44,False
P01589,20250414,2025-04-14,Instagram,Afición,Carrusel,0,,,,,,39599.0,56393.0,2996.0,257,221,166.0,3640.0,153,64,40,False
P01590,20250414,2025-04-14,X,Afición,Texto,0,,,,,,52141.0,60127.0,442.0,42,38,4.0,526.0,24,7,11,False
P01591,20250414,2025-04-14,X,Previa,Imagen,0,,,,,,28291.0,35903.0,399.0,35,42,0.0,476.0,17,10,8,False
P01592,20250414,2025-04-14,X,Entrenamiento,Texto,0,,,,,,34301.0,45169.0,217.0,13,17,6.0,253.0,9,2,2,False
P01593,20250414,2025-04-14,YouTube,Entrenamiento,Vídeo corto,0,,,,,,4268.0,6950.0,90.0,6,8,10.0,114.0,2,1,3,False
P01594,20250415,2025-04-15,Instagram,Entrenamiento,Vídeo largo,0,,,,,,35561.0,44960.0,1085.0,52,87,49.0,1273.0,29,7,16,False
P01595,20250415,2025-04-15,X,Entrenamiento,Imagen,0,,,,,,26426.0,31169.0,357.0,27,32,19.0,435.0,15,3,9,False
P01596,20250415,2025-04-15,Facebook,Cantera,Imagen,0,,,,,,11503.0,14346.0,65.0,4,5,4.0,78.0,2,0,2,False
P01597,20250415,2025-04-15,TikTok,Cantera,Vídeo corto,0,,,,,,8133.0,13391.0,372.0,22,38,23.0,455.0,13,3,6,False
P01598,20250415,2025-04-15,YouTube,Patrocinador,Vídeo corto,0,,,,,,7227.0,11011.0,146.0,11,13,12.0,182.0,5,2,4,False
P01599,20250416,2025-04-16,X,Patrocinador,Imagen,0,,,,,,11035.0,14008.0,112.0,7,10,6.0,135.0,3,1,3,False
P01600,20250416,2025-04-16,X,Cantera,Texto,0,,,,,,21599.0,33536.0,132.0,7,13,2.0,154.0,3,1,3,False
P01601,20250416,2025-04-16,Facebook,Cantera,Vídeo corto,0,,,,,,22599.0,34800.0,285.0,28,19,24.0,356.0,15,6,7,False
P01602,20250416,2025-04-16,Facebook,Resumen,Imagen,0,,,,,,18333.0,29747.0,193.0,15,10,18.0,236.0,8,3,4,False
P01603,20250417,2025-04-17,Instagram,Previa,Vídeo corto,0,,,,,,26037.0,29606.0,1935.0,191,141,205.0,2472.0,86,50,55,False
P01604,20250417,2025-04-17,Instagram,Entrenamiento,Vídeo corto,0,,,,,,20367.0,31072.0,1208.0,112,86,113.0,1519.0,54,36,22,False
P01605,20250417,2025-04-17,Instagram,Entrenamiento,Vídeo corto,0,,,,,,29244.0,41837.0,1759.0,120,84,101.0,2064.0,77,27,16,False
P01606,20250417,2025-04-17,Instagram,Afición,Imagen,0,,,,,,25041.0,30659.0,1736.0,93,109,139.0,2077.0,44,27,22,False
P01607,20250417,2025-04-17,X,Afición,Imagen,0,,,,,,32318.0,46770.0,581.0,30,41,74.0,726.0,18,6,6,False
P01608,20250417,2025-04-17,X,Cantera,Vídeo corto,0,,,,,,15395.0,22333.0,210.0,12,12,14.0,248.0,6,3,3,False
P01609,20250417,2025-04-17,X,Efeméride,Imagen,0,,,,,,26667.0,42910.0,262.0,17,20,24.0,323.0,7,3,7,False
P01610,20250417,2025-04-17,X,Efeméride,Imagen,0,,,,,,23309.0,33021.0,460.0,38,50,15.0,563.0,18,8,12,False
P01611,20250417,2025-04-17,Facebook,Institucional,Vídeo corto,0,,,,,,15662.0,19544.0,117.0,5,9,12.0,143.0,2,1,2,False
P01612,20250418,2025-04-18,Instagram,Entrenamiento,Vídeo corto,0,,,,,,50163.0,62221.0,2205.0,150,132,109.0,2596.0,74,39,37,False
P01613,20250418,2025-04-18,Facebook,Entrenamiento,Imagen,0,,,,,,13546.0,19255.0,85.0,5,8,4.0,102.0,2,0,3,False
P01614,20250418,2025-04-18,TikTok,Patrocinador,Vídeo corto,0,,,,,,8306.0,9990.0,210.0,15,22,18.0,265.0,8,2,5,False
P01615,20250419,2025-04-19,Instagram,Directo,Vídeo corto,1,31.0,J31,Victoria,SD Puente Nuevo,Local,27874.0,34283.0,2343.0,189,139,121.0,2792.0,112,49,28,False
P01616,20250419,2025-04-19,Instagram,Directo,Vídeo largo,1,31.0,J31,Victoria,SD Puente Nuevo,Local,46292.0,65999.0,2479.0,178,156,102.0,2915.0,102,43,33,False
P01617,20250419,2025-04-19,Instagram,Institucional,Vídeo corto,1,31.0,J31,Victoria,SD Puente Nuevo,Local,32862.0,51818.0,1249.0,104,71,123.0,1547.0,55,22,27,False
P01618,20250419,2025-04-19,Instagram,Fichajes,Vídeo corto,1,31.0,J31,Victoria,SD Puente Nuevo,Local,40203.0,56153.0,2981.0,232,306,0.0,3519.0,130,57,45,False
P01619,20250419,2025-04-19,Instagram,Resumen,Carrusel,1,31.0,J31,Victoria,SD Puente Nuevo,Local,37765.0,45814.0,1875.0,160,142,19.0,2196.0,93,39,28,False
P01620,20250419,2025-04-19,X,Directo,Carrusel,1,31.0,J31,Victoria,SD Puente Nuevo,Local,23087.0,35099.0,537.0,48,52,10.0,647.0,25,11,12,False
P01621,20250419,2025-04-19,X,Afición,Texto,1,31.0,J31,Victoria,SD Puente Nuevo,Local,17293.0,25732.0,141.0,7,13,9.0,170.0,3,1,3,False
P01622,20250419,2025-04-19,Facebook,Afición,Vídeo corto,1,31.0,J31,Victoria,SD Puente Nuevo,Local,21764.0,28966.0,236.0,16,12,20.0,284.0,9,2,5,False
P01623,20250419,2025-04-19,Facebook,Directo,Texto,1,31.0,J31,Victoria,SD Puente Nuevo,Local,19975.0,25181.0,176.0,16,17,7.0,216.0,9,4,3,False
P01624,20250419,2025-04-19,Facebook,Directo,Imagen,1,31.0,J31,Victoria,SD Puente Nuevo,Local,7079.0,10618.0,60.0,4,4,8.0,76.0,1,0,3,False
P01625,20250419,2025-04-19,TikTok,Resumen,Vídeo corto,1,31.0,J31,Victoria,SD Puente Nuevo,Local,9754.0,15451.0,1476.0,121,122,157.0,1876.0,86,20,15,False
P01626,20250420,2025-04-20,X,Institucional,Texto,0,,,,,,23395.0,37181.0,73.0,4,6,8.0,91.0,2,1,1,False
P01627,20250420,2025-04-20,X,Fichajes,Vídeo largo,0,,,,,,22450.0,28504.0,307.0,29,34,24.0,394.0,14,8,7,False
P01628,20250420,2025-04-20,Facebook,Institucional,Vídeo corto,0,,,,,,8364.0,10770.0,67.0,3,4,5.0,79.0,1,0,2,False
P01629,20250420,2025-04-20,Facebook,Fichajes,Texto,0,,,,,,21489.0,24095.0,177.0,11,10,25.0,223.0,6,1,4,False
P01630,20250420,2025-04-20,YouTube,Efeméride,Vídeo largo,0,,,,,,9187.0,12139.0,230.0,20,16,13.0,279.0,13,2,5,False
P01631,20250421,2025-04-21,X,Patrocinador,Texto,0,,,,,,38713.0,45961.0,179.0,9,16,23.0,227.0,5,2,2,False
P01632,20250421,2025-04-21,X,Institucional,Vídeo corto,0,,,,,,27098.0,33094.0,268.0,24,22,12.0,326.0,14,5,5,False
P01633,20250421,2025-04-21,Facebook,Cantera,Carrusel,0,,,,,,15022.0,21428.0,178.0,14,10,10.0,212.0,7,2,5,False
P01634,20250421,2025-04-21,Facebook,Fichajes,Carrusel,0,,,,,,16470.0,26696.0,329.0,25,28,19.0,401.0,12,4,9,False
P01635,20250422,2025-04-22,Instagram,Afición,Carrusel,0,,,,,,25698.0,41958.0,1735.0,129,111,79.0,2054.0,66,23,40,False
P01636,20250422,2025-04-22,Instagram,Institucional,Vídeo corto,0,,,,,,40621.0,63525.0,1023.0,54,51,72.0,1200.0,27,10,17,False
P01637,20250422,2025-04-22,X,Resumen,Vídeo corto,0,,,,,,26010.0,32938.0,1010.0,80,71,112.0,1273.0,51,18,11,False
P01638,20250422,2025-04-22,X,Patrocinador,Vídeo corto,0,,,,,,11747.0,17627.0,146.0,11,16,6.0,179.0,6,2,3,False
P01639,20250422,2025-04-22,X,Cantera,Texto,0,,,,,,15066.0,19117.0,126.0,11,10,4.0,151.0,5,1,5,False
P01640,20250422,2025-04-22,X,Patrocinador,Vídeo corto,0,,,,,,13294.0,21608.0,77.0,7,5,8.0,97.0,4,1,2,False
P01641,20250422,2025-04-22,Facebook,Resumen,Imagen,0,,,,,,13047.0,16303.0,253.0,18,14,36.0,321.0,10,2,6,False
P01642,20250422,2025-04-22,Facebook,Institucional,Vídeo corto,0,,,,,,8365.0,10273.0,59.0,5,5,5.0,74.0,2,1,2,False
P01643,20250423,2025-04-23,Instagram,Patrocinador,Carrusel,0,,,,,,24295.0,28295.0,459.0,37,37,37.0,570.0,20,9,8,False
P01644,20250423,2025-04-23,X,Entrenamiento,Imagen,0,,,,,,14844.0,20480.0,223.0,18,17,16.0,274.0,10,2,6,False
P01645,20250423,2025-04-23,X,Previa,Vídeo corto,0,,,,,,16312.0,19104.0,364.0,24,22,43.0,453.0,14,3,7,False
P01646,20250423,2025-04-23,Facebook,Previa,Vídeo corto,0,,,,,,46654.0,76676.0,444.0,24,24,51.0,543.0,13,3,8,False
P01647,20250423,2025-04-23,Facebook,Resumen,Imagen,0,,,,,,22433.0,30445.0,368.0,20,33,7.0,428.0,11,4,5,False
P01648,20250423,2025-04-23,TikTok,Entrenamiento,Vídeo corto,0,,,,,,8251.0,12101.0,822.0,53,83,73.0,1031.0,26,9,18,False
P01649,20250423,2025-04-23,YouTube,Resumen,Vídeo largo,0,,,,,,6463.0,7337.0,125.0,6,12,8.0,151.0,3,1,2,False
P01650,20250424,2025-04-24,Instagram,Previa,Carrusel,0,,,,,,24808.0,35459.0,1515.0,134,89,91.0,1829.0,81,28,25,False
P01651,20250424,2025-04-24,Facebook,Institucional,Imagen,0,,,,,,23639.0,34402.0,155.0,12,8,10.0,185.0,7,2,3,False
P01652,20250424,2025-04-24,Facebook,Institucional,Vídeo corto,0,,,,,,30388.0,36974.0,348.0,20,30,30.0,428.0,9,5,6,False
P01653,20250425,2025-04-25,Instagram,Patrocinador,Vídeo largo,0,,,,,,23707.0,36486.0,582.0,56,34,67.0,739.0,24,15,17,False
P01654,20250425,2025-04-25,Instagram,Entrenamiento,Carrusel,0,,,,,,44972.0,73660.0,1684.0,83,85,196.0,2048.0,41,20,22,False
P01655,20250425,2025-04-25,Instagram,Resumen,Imagen,0,,,,,,42401.0,47837.0,3341.0,331,244,266.0,4182.0,192,85,54,False
P01656,20250425,2025-04-25,Instagram,Directo,Imagen,0,,,,,,24621.0,31090.0,1584.0,129,129,105.0,1947.0,57,27,45,False
P01657,20250425,2025-04-25,X,Entrenamiento,Imagen,0,,,,,,38298.0,51033.0,399.0,34,25,27.0,485.0,21,7,6,False
P01658,20250425,2025-04-25,X,Fichajes,Imagen,0,,,,,,25926.0,29221.0,361.0,27,32,1.0,421.0,13,5,9,False
P01659,20250425,2025-04-25,X,Institucional,Vídeo corto,0,,,,,,26668.0,30507.0,382.0,20,41,28.0,471.0,10,4,6,False
P01660,20250425,2025-04-25,YouTube,Afición,Vídeo largo,0,,,,,,5452.0,8565.0,127.0,12,6,9.0,154.0,6,3,3,False
P01661,20250426,2025-04-26,Instagram,Previa,Imagen,1,32.0,J32,Derrota,CD Bahía Norte,Visitante,31584.0,45941.0,758.0,62,36,49.0,905.0,21,23,18,False
P01662,20250426,2025-04-26,Instagram,Directo,Imagen,1,32.0,J32,Derrota,CD Bahía Norte,Visitante,20146.0,23462.0,550.0,44,37,52.0,683.0,11,16,17,False
P01663,20250426,2025-04-26,Instagram,Cantera,Vídeo corto,1,32.0,J32,Derrota,CD Bahía Norte,Visitante,22922.0,32411.0,526.0,41,55,51.0,673.0,12,13,16,False
P01664,20250426,2025-04-26,Instagram,Resumen,Carrusel,1,32.0,J32,Derrota,CD Bahía Norte,Visitante,87212.0,97783.0,3713.0,186,198,526.0,4623.0,58,71,57,False
P01665,20250426,2025-04-26,Instagram,Resumen,Imagen,1,32.0,J32,Derrota,CD Bahía Norte,Visitante,34098.0,40207.0,974.0,95,76,103.0,1248.0,25,40,30,False
P01666,20250426,2025-04-26,X,Resumen,Vídeo corto,1,32.0,J32,Derrota,CD Bahía Norte,Visitante,17647.0,28494.0,349.0,19,31,9.0,408.0,6,6,7,False
P01667,20250426,2025-04-26,X,Fichajes,Carrusel,1,32.0,J32,Derrota,CD Bahía Norte,Visitante,31275.0,46601.0,370.0,30,30,27.0,457.0,7,14,9,False
P01668,20250426,2025-04-26,X,Afición,Vídeo corto,1,32.0,J32,Derrota,CD Bahía Norte,Visitante,52012.0,66739.0,728.0,43,35,77.0,883.0,13,15,15,False
P01669,20250426,2025-04-26,X,Previa,Imagen,1,32.0,J32,Derrota,CD Bahía Norte,Visitante,20361.0,23418.0,111.0,10,9,2.0,132.0,3,3,4,False
P01670,20250426,2025-04-26,X,Directo,Vídeo corto,1,32.0,J32,Derrota,CD Bahía Norte,Visitante,17285.0,22481.0,183.0,10,14,13.0,220.0,2,2,6,False
P01671,20250426,2025-04-26,Facebook,Afición,Vídeo corto,1,32.0,J32,Derrota,CD Bahía Norte,Visitante,12006.0,16752.0,134.0,9,8,17.0,168.0,3,3,3,False
P01672,20250426,2025-04-26,Facebook,Institucional,Carrusel,1,32.0,J32,Derrota,CD Bahía Norte,Visitante,22034.0,26606.0,84.0,5,6,6.0,101.0,1,1,3,False
P01673,20250426,2025-04-26,Facebook,Fichajes,Vídeo corto,1,32.0,J32,Derrota,CD Bahía Norte,Visitante,29450.0,39503.0,521.0,31,45,40.0,637.0,7,14,10,False
P01674,20250426,2025-04-26,Facebook,Institucional,Vídeo corto,1,32.0,J32,Derrota,CD Bahía Norte,Visitante,36503.0,55914.0,226.0,11,11,31.0,279.0,2,4,5,False
P01675,20250426,2025-04-26,Facebook,Afición,Vídeo corto,1,32.0,J32,Derrota,CD Bahía Norte,Visitante,17003.5,72251.0,558.0,47,38,9.0,652.0,12,22,13,False
P01676,20250426,2025-04-26,YouTube,Efeméride,Vídeo largo,1,32.0,J32,Derrota,CD Bahía Norte,Visitante,11167.0,16462.0,139.0,9,7,19.0,174.0,2,3,4,False
P01677,20250426,2025-04-26,YouTube,Fichajes,Vídeo corto,1,32.0,J32,Derrota,CD Bahía Norte,Visitante,5148.0,7363.0,174.0,16,13,11.0,214.0,4,4,8,False
P01678,20250427,2025-04-27,Instagram,Entrenamiento,Carrusel,0,,,,,,55732.0,84916.0,2858.0,211,313,280.0,3662.0,91,59,61,False
P01679,20250427,2025-04-27,Instagram,Afición,Carrusel,0,,,,,,15623.0,24726.0,555.0,47,56,50.0,708.0,29,7,11,False
P01680,20250427,2025-04-27,X,Cantera,Imagen,0,,,,,,8711.0,10171.0,85.0,6,8,7.0,106.0,2,1,3,False
P01681,20250427,2025-04-27,X,Entrenamiento,Vídeo corto,0,,,,,,29365.0,42876.0,672.0,64,58,16.0,810.0,36,11,17,False
P01682,20250427,2025-04-27,X,Efeméride,Vídeo corto,0,,,,,,20153.0,32787.0,359.0,21,20,59.0,459.0,11,4,6,False
P01683,20250427,2025-04-27,X,Cantera,Texto,0,,,,,,21676.0,30364.0,269.0,23,26,1.0,319.0,12,5,6,False
P01684,20250427,2025-04-27,Facebook,Entrenamiento,Imagen,0,,,,,,9356.0,13572.0,90.0,6,9,8.0,113.0,3,1,2,False
P01685,20250427,2025-04-27,Facebook,Patrocinador,Carrusel,0,,,,,,16250.0,21569.0,99.0,6,9,7.0,121.0,3,1,2,False
P01686,20250427,2025-04-27,YouTube,Institucional,Vídeo largo,0,,,,,,2819.0,4259.0,60.0,4,6,2.0,72.0,1,1,2,False
P01687,20250428,2025-04-28,Instagram,Previa,Vídeo corto,0,,,,,,31382.0,37383.0,2228.0,157,136,81.0,2602.0,75,30,52,False
P01688,20250428,2025-04-28,Instagram,Cantera,Imagen,0,,,,,,56812.0,81890.0,1255.0,115,130,80.0,1580.0,54,29,32,False
P01689,20250428,2025-04-28,Instagram,Fichajes,Texto,0,,,,,,39188.0,62822.0,2490.0,208,145,232.0,3075.0,134,45,29,False
P01690,20250428,2025-04-28,X,Entrenamiento,Texto,0,,,,,,12659.0,19866.0,97.0,7,7,7.0,118.0,3,1,3,False
P01691,20250428,2025-04-28,Facebook,Cantera,Texto,0,,,,,,39999.0,21428.0,143.0,9,9,15.0,176.0,5,1,3,False
P01692,20250430,2025-04-30,Instagram,Institucional,Vídeo corto,0,,,,,,43468.0,58085.0,1101.0,56,64,66.0,1287.0,31,10,15,False
P01693,20250430,2025-04-30,TikTok,Patrocinador,Vídeo corto,0,,,,,,5081.0,6713.0,265.0,25,25,8.0,323.0,14,4,7,False
P01694,20250430,2025-04-30,TikTok,Afición,Vídeo corto,0,,,,,,7859.0,11161.0,939.0,77,94,1.0,1111.0,43,19,15,False
P01695,20250501,2025-05-01,Instagram,Patrocinador,Vídeo largo,0,,,,,,19758.0,24917.0,400.0,24,34,17.0,475.0,13,5,6,False
P01696,20250501,2025-05-01,Instagram,Entrenamiento,Imagen,0,,,,,,31930.0,39385.0,1397.0,84,72,165.0,1718.0,55,16,13,False
P01697,20250501,2025-05-01,X,Institucional,Imagen,0,,,,,,25158.0,31911.0,219.0,18,16,10.5,263.5,8,3,7,False
P01698,20250501,2025-05-01,X,Institucional,Imagen,0,,,,,,12647.0,17004.0,110.0,8,11,0.0,129.0,4,2,2,False
P01699,20250501,2025-05-01,X,Afición,Imagen,0,,,,,,8173.0,10038.0,87.0,8,5,11.0,111.0,4,1,3,False
P01700,20250502,2025-05-02,X,Resumen,Imagen,0,,,,,,39271.0,63576.0,572.0,52,32,62.0,718.0,21,11,20,False
P01701,20250502,2025-05-02,Facebook,Entrenamiento,Imagen,0,,,,,,13446.0,17104.0,85.0,6,5,4.0,100.0,3,1,2,False
P01702,20250502,2025-05-02,YouTube,Fichajes,Vídeo largo,0,,,,,,9046.0,13892.0,266.0,20,20,14.0,320.0,11,3,6,False
P01703,20250503,2025-05-03,Instagram,Directo,Carrusel,1,33.0,J33,Victoria,CD Val de Oro,Local,95831.0,125064.0,5458.0,520,518,430.0,6926.0,367,69,84,False
P01704,20250503,2025-05-03,Instagram,Entrenamiento,Vídeo corto,1,33.0,J33,Victoria,CD Val de Oro,Local,31185.0,50352.0,1133.0,106,97,31.0,1367.0,63,15,28,False
P01705,20250503,2025-05-03,Instagram,Directo,Imagen,1,33.0,J33,Victoria,CD Val de Oro,Local,36150.0,48819.0,1824.0,153,183,13.0,2173.0,76,36,41,False
P01706,20250503,2025-05-03,X,Previa,Vídeo largo,1,33.0,J33,Victoria,CD Val de Oro,Local,9282.0,12177.0,46.0,3,4,3.0,56.0,1,0,2,False
P01707,20250503,2025-05-03,X,Directo,Imagen,1,33.0,J33,Victoria,CD Val de Oro,Local,23324.0,33602.0,453.0,31,35,19.0,538.0,17,5,9,False
P01708,20250503,2025-05-03,X,Resumen,Texto,1,33.0,J33,Victoria,CD Val de Oro,Local,20102.0,27090.0,353.0,24,35,33.0,445.0,16,4,4,False
P01709,20250503,2025-05-03,Facebook,Patrocinador,Imagen,1,33.0,J33,Victoria,CD Val de Oro,Local,17530.0,23622.0,58.0,4,5,7.0,74.0,2,0,2,False
P01710,20250503,2025-05-03,Facebook,Directo,Texto,1,33.0,J33,Victoria,CD Val de Oro,Local,20380.0,31353.0,184.0,18,11,18.0,231.0,10,4,4,False
P01711,20250503,2025-05-03,Facebook,Resumen,Carrusel,1,33.0,J33,Victoria,CD Val de Oro,Local,17705.0,26502.0,300.0,20,33,21.0,374.0,13,3,4,False
P01712,20250503,2025-05-03,Facebook,Afición,Imagen,1,33.0,J33,Victoria,CD Val de Oro,Local,20819.0,25587.0,373.0,32,25,18.0,448.0,19,5,8,False
P01713,20250503,2025-05-03,TikTok,Afición,Vídeo corto,1,33.0,J33,Victoria,CD Val de Oro,Local,22944.0,34892.0,1506.0,132,92,155.0,1885.0,80,31,21,False
P01714,20250503,2025-05-03,TikTok,Resumen,Vídeo corto,1,33.0,J33,Victoria,CD Val de Oro,Local,12956.0,17149.0,2321.0,185,234,45.0,2785.0,107,50,28,False
P01715,20250503,2025-05-03,TikTok,Resumen,Vídeo corto,1,33.0,J33,Victoria,CD Val de Oro,Local,9810.0,14658.0,702.0,40,67,60.0,869.0,22,6,12,False
P01716,20250503,2025-05-03,TikTok,Previa,Vídeo corto,1,33.0,J33,Victoria,CD Val de Oro,Local,19560.0,27940.0,2183.0,115,226,187.0,2711.0,66,22,27,False
P01717,20250503,2025-05-03,YouTube,Directo,Vídeo largo,1,33.0,J33,Victoria,CD Val de Oro,Local,6846.0,10144.0,268.0,19,23,34.0,344.0,12,2,5,False
P01718,20250503,2025-05-03,YouTube,Directo,Vídeo largo,1,33.0,J33,Victoria,CD Val de Oro,Local,7347.0,8747.0,279.0,16,14,31.0,340.0,8,4,4,False
P01719,20250504,2025-05-04,Instagram,Previa,Vídeo largo,0,,,,,,26317.0,40150.0,650.0,44,54,36.0,784.0,20,13,11,False
P01720,20250504,2025-05-04,Instagram,Efeméride,Imagen,0,,,,,,23225.0,37410.0,1839.0,108,180,156.0,2283.0,63,19,26,False
P01721,20250504,2025-05-04,X,Entrenamiento,Vídeo largo,0,,,,,,29064.0,35174.0,400.0,22,34,9.0,465.0,12,5,5,False
P01722,20250505,2025-05-05,Instagram,Efeméride,Vídeo corto,0,,,,,,41869.0,68608.0,2033.0,122,193,33.0,2381.0,59,26,37,False
P01723,20250505,2025-05-05,Instagram,Previa,Texto,0,,,,,,17549.0,25676.0,377.0,32,41,13.0,463.0,19,6,7,False
P01724,20250505,2025-05-05,X,Afición,Texto,0,,,,,,17406.0,21446.0,265.0,17,21,10.0,313.0,10,3,4,False
P01725,20250505,2025-05-05,TikTok,Entrenamiento,Vídeo corto,0,,,,,,11620.0,18342.0,883.0,64,44,64.0,1055.0,37,9,18,False
P01726,20250506,2025-05-06,Instagram,Afición,Carrusel,0,,,,,,19001.0,25437.0,1150.0,64,57,102.0,1373.0,31,16,17,False
P01727,20250506,2025-05-06,Instagram,Efeméride,Vídeo corto,0,,,,,,24184.0,38675.0,2095.0,171,201,114.0,2581.0,67,40,64,False
P01728,20250506,2025-05-06,Instagram,Efeméride,Texto,0,,,,,,33859.0,38830.0,773.0,42,84,44.0,943.0,21,7,14,False
P01729,20250506,2025-05-06,X,Cantera,Texto,0,,,,,,19821.0,26503.0,85.0,5,4,15.0,109.0,2,1,2,False
P01730,20250506,2025-05-06,X,Directo,Texto,0,,,,,,16991.0,22655.0,239.0,20,26,17.0,302.0,12,3,5,False
P01731,20250506,2025-05-06,X,Entrenamiento,Imagen,0,,,,,,15020.0,19291.0,212.0,16,22,0.0,250.0,9,3,4,False
P01732,20250506,2025-05-06,Facebook,Afición,Vídeo corto,0,,,,,,11033.0,15324.0,264.0,17,18,26.0,325.0,7,4,6,False
P01733,20250506,2025-05-06,Facebook,Afición,Imagen,0,,,,,,9143.0,13506.0,101.0,7,9,8.0,125.0,3,1,3,False
P01734,20250506,2025-05-06,Facebook,Efeméride,Vídeo corto,0,,,,,,11443.0,13672.0,149.0,14,8,12.0,183.0,8,2,4,False
P01735,20250506,2025-05-06,TikTok,Entrenamiento,Vídeo corto,0,,,,,,8387.0,12922.0,571.0,55,38,65.0,729.0,25,14,16,False
P01736,20250506,2025-05-06,YouTube,Cantera,Vídeo corto,0,,,,,,4254.0,5704.0,108.0,9,8,4.0,129.0,5,1,3,False
P01737,20250507,2025-05-07,Instagram,Resumen,Imagen,0,,,,,,17241.0,20763.0,898.0,46,47,122.0,1113.0,20,11,15,False
P01738,20250507,2025-05-07,X,Afición,Texto,0,,,,,,16049.0,22898.0,173.0,13,9,16.0,211.0,7,2,4,False
P01739,20250507,2025-05-07,X,Afición,Texto,0,,,,,,16413.0,24954.0,183.0,13,11,26.0,233.0,7,2,4,False
P01740,20250507,2025-05-07,X,Fichajes,Vídeo corto,0,,,,,,22272.0,32591.0,834.0,39,54,45.0,972.0,22,9,8,False
P01741,20250507,2025-05-07,Facebook,Efeméride,Imagen,0,,,,,,34504.0,54458.0,286.0,21,15,31.0,353.0,12,5,4,False
P01742,20250507,2025-05-07,Facebook,Entrenamiento,Carrusel,0,,,,,,8071.0,12321.0,81.0,5,7,2.0,95.0,2,1,2,False
P01743,20250507,2025-05-07,Facebook,Patrocinador,Carrusel,0,,,,,,10915.0,17960.0,55.0,5,4,1.0,65.0,2,1,2,False
P01744,20250507,2025-05-07,TikTok,Entrenamiento,Vídeo corto,0,,,,,,20320.0,25231.0,2356.0,130,128,354.0,2968.0,67,22,41,False
P01745,20250508,2025-05-08,Instagram,Patrocinador,Imagen,0,,,,,,35298.0,51998.0,632.0,58,35,33.0,758.0,33,10,15,False
P01746,20250508,2025-05-08,Instagram,Resumen,Imagen,0,,,,,,16294.0,21547.0,637.0,44,32,48.0,761.0,22,10,12,False
P01747,20250508,2025-05-08,X,Cantera,Vídeo corto,0,,,,,,39032.0,46363.0,587.0,54,41,36.0,718.0,27,10,17,False
P01748,20250508,2025-05-08,X,Resumen,Texto,0,,,,,,16554.0,26907.0,163.0,10,12,9.0,194.0,5,2,3,False
P01749,20250508,2025-05-08,X,Entrenamiento,Texto,0,,,,,,14729.0,21748.0,181.0,13,10,17.0,221.0,7,2,4,False
P01750,20250508,2025-05-08,X,Entrenamiento,Texto,0,,,,,,13913.0,15980.0,102.0,9,10,3.0,124.0,6,1,2,False
P01751,20250508,2025-05-08,X,Resumen,Imagen,0,,,,,,23428.0,29645.0,342.0,21,16,31.0,410.0,12,3,6,False
P01752,20250508,2025-05-08,Facebook,Resumen,Vídeo largo,0,,,,,,18031.0,23373.0,188.0,16,13,3.0,220.0,9,3,4,False
P01753,20250508,2025-05-08,TikTok,Fichajes,Vídeo corto,0,,,,,,11285.0,15227.0,3121.0,174,330,197.0,3822.0,97,29,48,False
P01754,20250509,2025-05-09,Instagram,Efeméride,Vídeo corto,0,,,,,,37983.0,51606.0,2443.0,164,215,244.0,3066.0,95,29,40,False
P01755,20250509,2025-05-09,Instagram,Efeméride,Carrusel,0,,,,,,23212.0,38830.0,549.0,46,36,58.0,689.0,20,14,12,False
P01756,20250509,2025-05-09,X,Cantera,Vídeo corto,0,,,,,,26220.0,34300.0,580.0,28,39,36.0,683.0,13,6,9,False
P01757,20250509,2025-05-09,X,Cantera,Texto,0,,,,,,31267.0,35696.0,262.0,14,13,33.0,322.0,8,2,4,False
P01758,20250509,2025-05-09,Facebook,Efeméride,Vídeo corto,0,,,,,,9242.0,12041.0,155.0,7,12,24.0,198.0,4,1,2,False
P01759,20250509,2025-05-09,Facebook,Entrenamiento,Imagen,0,,,,,,15828.0,21210.0,84.0,7,6,2.0,99.0,2,2,3,False
P01760,20250509,2025-05-09,TikTok,Previa,Vídeo corto,0,,,,,,16363.0,19724.0,775.0,71,56,90.0,992.0,39,11,21,False
P01761,20250509,2025-05-09,TikTok,Patrocinador,Vídeo corto,0,,,,,,9566.0,12092.0,586.0,55,55,11.0,707.0,27,15,13,False
P01762,20250510,2025-05-10,Instagram,Afición,Imagen,1,34.0,J34,Derrota,UD Salobral,Visitante,25606.0,30254.0,820.0,62,53,46.0,981.0,21,21,20,False
P01763,20250510,2025-05-10,Instagram,Directo,Carrusel,1,34.0,J34,Derrota,UD Salobral,Visitante,35990.0,45684.0,1322.0,132,116,91.0,1661.0,35,36,61,False
P01764,20250510,2025-05-10,Instagram,Afición,Imagen,1,34.0,J34,Derrota,UD Salobral,Visitante,61244.0,91797.0,1856.0,186,177,151.0,2370.0,53,73,60,False
P01765,20250510,2025-05-10,X,Afición,Vídeo corto,1,34.0,J34,Derrota,UD Salobral,Visitante,31305.0,49552.0,551.0,53,43,26.0,673.0,21,11,21,False
P01766,20250510,2025-05-10,X,Directo,Texto,1,34.0,J34,Derrota,UD Salobral,Visitante,30856.0,49568.0,260.0,15,21,10.0,306.0,4,4,7,False
P01767,20250510,2025-05-10,X,Directo,Imagen,1,34.0,J34,Derrota,UD Salobral,Visitante,19369.0,30459.0,433.0,34,32,8.0,507.0,10,14,10,False
P01768,20250510,2025-05-10,X,Fichajes,Texto,1,34.0,J34,Derrota,UD Salobral,Visitante,42197.0,60379.0,778.0,45,56,39.0,918.0,16,11,18,False
P01769,20250510,2025-05-10,X,Directo,Imagen,1,34.0,J34,Derrota,UD Salobral,Visitante,28658.0,36762.0,225.0,11,19,19.0,274.0,3,4,4,False
P01770,20250510,2025-05-10,Facebook,Previa,Texto,1,34.0,J34,Derrota,UD Salobral,Visitante,12694.0,16907.0,45.0,2,3,5.0,55.0,0,0,2,False
P01771,20250510,2025-05-10,Facebook,Efeméride,Vídeo corto,1,34.0,J34,Derrota,UD Salobral,Visitante,25993.0,35669.0,172.0,9,18,20.0,219.0,1,3,5,False
P01772,20250510,2025-05-10,TikTok,Afición,Vídeo corto,1,34.0,J34,Derrota,UD Salobral,Visitante,17147.0,26497.0,1925.0,145,134,57.0,2261.0,53,34,58,False
P01773,20250510,2025-05-10,YouTube,Resumen,Vídeo largo,1,34.0,J34,Derrota,UD Salobral,Visitante,7812.0,8763.0,197.0,14,15,11.0,237.0,4,5,5,False
P01774,20250511,2025-05-11,X,Entrenamiento,Vídeo corto,0,,,,,,12071.0,15288.0,163.0,9,15,5.0,192.0,5,1,3,False
P01775,20250511,2025-05-11,X,Directo,Texto,0,,,,,,15721.0,18298.0,254.0,13,15,18.0,300.0,6,2,5,False
P01776,20250511,2025-05-11,Facebook,Entrenamiento,Carrusel,0,,,,,,16300.0,20008.0,133.0,8,7,7.0,155.0,4,1,3,False
P01777,20250511,2025-05-11,Facebook,Entrenamiento,Carrusel,0,,,,,,16608.0,19654.0,268.0,22,13,22.0,325.0,15,4,3,False
P01778,20250511,2025-05-11,Facebook,Resumen,Carrusel,0,,,,,,10386.0,13565.0,143.0,9,15,13.0,180.0,4,2,3,False
P01779,20250511,2025-05-11,YouTube,Cantera,Vídeo largo,0,,,,,,6446.0,9006.0,81.0,7,8,3.0,99.0,4,1,2,False
P01780,20250512,2025-05-12,X,Patrocinador,Vídeo corto,0,,,,,,16040.0,24142.0,140.0,13,8,7.0,168.0,6,3,4,False
P01781,20250512,2025-05-12,X,Entrenamiento,Carrusel,0,,,,,,14885.0,20062.0,224.5,10,9,11.0,254.5,5,2,3,False
P01782,20250512,2025-05-12,Facebook,Cantera,Vídeo corto,0,,,,,,18641.0,22115.0,314.0,27,31,24.0,396.0,13,7,7,False
P01783,20250513,2025-05-13,Instagram,Entrenamiento,Vídeo corto,0,,,,,,21436.0,26205.0,1277.0,103,141,82.0,1603.0,52,29,22,False
P01784,20250513,2025-05-13,Facebook,Cantera,Vídeo corto,0,,,,,,17337.0,20014.0,184.0,13,20,17.0,234.0,7,3,3,False
P01785,20250513,2025-05-13,YouTube,Afición,Vídeo largo,0,,,,,,6783.5,7842.0,148.0,13,10,10.0,181.0,9,1,3,False
P01786,20250514,2025-05-14,Instagram,Directo,Imagen,0,,,,,,52737.0,75699.0,3049.0,219,305,216.0,3789.0,128,56,35,False
P01787,20250515,2025-05-15,Instagram,Entrenamiento,Carrusel,0,,,,,,53789.0,65752.0,2107.0,148,156,71.0,2482.0,82,37,29,False
P01788,20250515,2025-05-15,X,Previa,Imagen,0,,,,,,11372.0,12949.0,177.0,15,13,4.0,209.0,8,2,5,False
P01789,20250515,2025-05-15,TikTok,Resumen,Vídeo corto,0,,,,,,5154.0,8092.0,994.0,64,100,51.0,1209.0,39,13,12,False
P01790,20250515,2025-05-15,TikTok,Patrocinador,Vídeo corto,0,,,,,,14386.0,22311.0,556.0,38,32,28.0,654.0,15,7,16,False
P01791,20250516,2025-05-16,Instagram,Institucional,Carrusel,0,,,,,,35414.0,46075.0,978.0,79,80,105.0,1242.0,45,14,20,False
P01792,20250516,2025-05-16,X,Institucional,Imagen,0,,,,,,26366.0,37820.0,213.0,13,21,22.0,269.0,7,2,4,False
P01793,20250516,2025-05-16,X,Patrocinador,Texto,0,,,,,,22829.0,31383.0,73.0,5,5,9.0,92.0,3,0,2,False
P01794,20250516,2025-05-16,Facebook,Afición,Imagen,0,,,,,,45060.0,68033.0,331.0,20,27,23.0,401.0,11,4,5,False
P01795,20250517,2025-05-17,Instagram,Previa,Imagen,1,35.0,J35,Empate,Atlético Sierra,Local,43407.0,50828.0,3073.0,243,178,177.0,3671.0,140,37,66,False
P01796,20250517,2025-05-17,Instagram,Resumen,Texto,1,35.0,J35,Empate,Atlético Sierra,Local,27718.0,40969.0,1085.0,83,94,110.0,1372.0,35,28,20,False
P01797,20250517,2025-05-17,Instagram,Previa,Vídeo corto,1,35.0,J35,Empate,Atlético Sierra,Local,44782.0,62839.0,1955.0,103,187,196.0,2441.0,50,23,30,False
P01798,20250517,2025-05-17,Instagram,Patrocinador,Vídeo largo,1,35.0,J35,Empate,Atlético Sierra,Local,96421.0,133764.0,1204.0,110,97,71.0,1482.0,46,39,25,False
P01799,20250517,2025-05-17,X,Institucional,Texto,1,35.0,J35,Empate,Atlético Sierra,Local,13726.0,16056.0,78.0,5,6,2.0,91.0,1,1,3,False
P01800,20250517,2025-05-17,X,Fichajes,Vídeo corto,1,35.0,J35,Empate,Atlético Sierra,Local,49871.0,75747.0,3236.0,272,262,27.0,3797.0,134,76,62,True
P01801,20250517,2025-05-17,Facebook,Previa,Carrusel,1,35.0,J35,Empate,Atlético Sierra,Local,24478.0,36386.0,125.0,9,10,12.0,156.0,4,2,3,False
P01802,20250517,2025-05-17,Facebook,Institucional,Vídeo largo,1,35.0,J35,Empate,Atlético Sierra,Local,34097.0,55063.0,88.0,5,9,6.0,108.0,2,1,2,False
P01803,20250517,2025-05-17,Facebook,Directo,Vídeo corto,1,35.0,J35,Empate,Atlético Sierra,Local,10667.0,12742.0,231.0,14,24,18.0,287.0,7,2,5,False
P01804,20250517,2025-05-17,Facebook,Previa,Carrusel,1,35.0,J35,Empate,Atlético Sierra,Local,15718.0,19425.0,194.0,16,16,17.0,243.0,7,3,6,False
P01805,20250517,2025-05-17,Facebook,Directo,Vídeo corto,1,35.0,J35,Empate,Atlético Sierra,Local,14197.0,17475.0,376.0,22,21,52.0,471.0,10,7,5,False
P01806,20250517,2025-05-17,TikTok,Patrocinador,Vídeo corto,1,35.0,J35,Empate,Atlético Sierra,Local,34156.0,41460.0,1199.0,59,69,68.0,1395.0,24,12,23,False
P01807,20250517,2025-05-17,YouTube,Efeméride,Vídeo largo,1,35.0,J35,Empate,Atlético Sierra,Local,5873.0,8054.0,74.0,5,8,4.0,91.0,2,1,2,False
P01808,20250518,2025-05-18,X,Cantera,Texto,0,,,,,,20259.0,26562.0,105.0,7,5,10.0,127.0,3,2,2,False
P01809,20250518,2025-05-18,X,Patrocinador,Texto,0,,,,,,21625.0,29445.0,84.0,4,6,13.0,107.0,1,0,3,False
P01810,20250518,2025-05-18,Facebook,Efeméride,Texto,0,,,,,,8583.0,11597.0,46.0,4,2,7.0,59.0,2,0,2,False
P01811,20250519,2025-05-19,Facebook,Institucional,Vídeo corto,0,,,,,,11456.0,14000.0,58.0,5,4,4.0,71.0,2,1,2,False
P01812,20250519,2025-05-19,Facebook,Fichajes,Texto,0,,,,,,13812.0,21910.0,169.0,12,15,2.0,198.0,5,3,4,False
P01813,20250519,2025-05-19,Facebook,Previa,Texto,0,,,,,,9017.0,22474.0,70.0,4,4,6.0,84.0,1,1,2,False
P01814,20250519,2025-05-19,Facebook,Patrocinador,Vídeo corto,0,,,,,,16856.0,24396.0,86.0,8,8,5.0,107.0,4,1,3,False
P01815,20250519,2025-05-19,Facebook,Afición,Vídeo corto,0,,,,,,15425.0,19087.0,198.0,10,16,26.0,250.0,4,2,4,False
P01816,20250520,2025-05-20,Instagram,Institucional,Imagen,0,,,,,,17880.0,20401.0,422.0,32,25,31.0,510.0,13,11,8,False
P01817,20250520,2025-05-20,X,Afición,Imagen,0,,,,,,29532.0,45441.0,473.0,39,35,15.0,562.0,22,6,11,False
P01818,20250520,2025-05-20,X,Efeméride,Texto,0,,,,,,9666.0,14753.0,109.0,6,11,4.0,130.0,2,1,3,False
P01819,20250520,2025-05-20,X,Fichajes,Texto,0,,,,,,34670.0,49299.0,649.0,47,49,14.0,759.0,26,10,11,False
P01820,20250520,2025-05-20,X,Cantera,Texto,0,,,,,,15747.0,25107.0,139.0,12,7,13.0,171.0,5,2,5,False
P01821,20250520,2025-05-20,TikTok,Entrenamiento,Vídeo corto,0,,,,,,7638.0,10915.0,1045.0,75,113,51.0,1284.0,39,19,17,False
P01822,20250520,2025-05-20,TikTok,Entrenamiento,Vídeo corto,0,,,,,,15626.0,19756.0,1510.0,118,83,55.0,1766.0,62,27,29,False
P01823,20250521,2025-05-21,Instagram,Entrenamiento,Vídeo corto,0,,,,,,20923.0,33373.0,1017.0,64,89,35.0,1205.0,36,16,12,False
P01824,20250521,2025-05-21,Instagram,Fichajes,Vídeo largo,0,,,,,,32208.0,52828.0,1794.0,168,183,76.0,2221.0,63,58,47,False
P01825,20250521,2025-05-21,Instagram,Patrocinador,Carrusel,0,,,,,,19588.0,24067.0,437.0,35,24,18.0,514.0,18,5,12,False
P01826,20250521,2025-05-21,Instagram,Entrenamiento,Imagen,0,,,,,,18073.0,28130.0,768.0,58,57,81.0,964.0,30,11,17,False
P01827,20250521,2025-05-21,Instagram,Fichajes,Vídeo corto,0,,,,,,90390.0,146899.0,8167.0,657,669,343.0,9836.0,445,103,109,False
P01828,20250521,2025-05-21,X,Previa,Imagen,0,,,,,,11408.0,14593.0,139.0,13,9,9.0,170.0,7,2,4,False
P01829,20250521,2025-05-21,X,Entrenamiento,Vídeo corto,0,,,,,,13434.0,20596.0,199.0,11,10,17.0,237.0,6,2,3,False
P01830,20250521,2025-05-21,Facebook,Fichajes,Carrusel,0,,,,,,47198.0,62979.0,552.0,45,60,25.0,682.0,25,8,12,False
P01831,20250521,2025-05-21,Facebook,Patrocinador,Imagen,0,,,,,,21233.0,30901.0,83.0,6,9,7.0,105.0,3,1,2,False
P01832,20250521,2025-05-21,TikTok,Institucional,Vídeo corto,0,,,,,,15337.0,18852.0,979.0,90,104,49.0,1222.0,56,12,22,False
P01833,20250522,2025-05-22,X,Entrenamiento,Vídeo corto,0,,,,,,41470.0,54272.0,620.0,45,31,41.0,737.0,23,8,14,False
P01834,20250522,2025-05-22,X,Cantera,Imagen,0,,,,,,23050.0,29284.0,169.0,14,9,16.0,208.0,7,3,4,False
P01835,20250522,2025-05-22,Facebook,Entrenamiento,Vídeo corto,0,,,,,,11049.0,12971.0,103.0,8,8,6.0,125.0,4,1,3,False
P01836,20250522,2025-05-22,Facebook,Afición,Imagen,0,,,,,,22856.0,26292.0,256.0,15,23,8.0,302.0,8,3,4,False
P01837,20250522,2025-05-22,Facebook,Resumen,Carrusel,0,,,,,,7685.0,11397.0,132.0,7,10,8.0,157.0,3,2,2,False
P01838,20250522,2025-05-22,Facebook,Cantera,Vídeo corto,0,,,,,,18348.0,22369.0,196.0,15,22,18.0,251.0,7,3,5,False
P01839,20250522,2025-05-22,YouTube,Efeméride,Vídeo largo,0,,,,,,4017.0,5193.0,88.0,6,7,8.0,109.0,3,1,2,False
P01840,20250523,2025-05-23,X,Previa,Vídeo corto,0,,,,,,25682.0,33281.0,384.0,23,25,40.0,472.0,13,3,7,False
P01841,20250523,2025-05-23,X,Efeméride,Imagen,0,,,,,,17483.0,23226.0,144.0,10,12,18.0,184.0,5,2,3,False
P01842,20250523,2025-05-23,X,Cantera,Vídeo corto,0,,,,,,14191.0,19213.0,98.0,5,5,15.0,123.0,3,0,2,False
P01843,20250524,2025-05-24,Instagram,Resumen,Imagen,1,36.0,J36,Empate,Racing de Aldama,Visitante,22451.0,29911.0,911.0,53,54,67.0,1085.0,25,16,12,False
P01844,20250524,2025-05-24,Instagram,Patrocinador,Carrusel,1,36.0,J36,Empate,Racing de Aldama,Visitante,46012.0,61401.0,708.0,41,59,97.0,905.0,19,7,15,False
P01845,20250524,2025-05-24,Instagram,Efeméride,Texto,1,36.0,J36,Empate,Racing de Aldama,Visitante,38528.0,51108.0,996.0,70,49,66.0,1181.0,36,18,16,False
P01846,20250524,2025-05-24,X,Afición,Texto,1,36.0,J36,Empate,Racing de Aldama,Visitante,26204.0,30016.0,248.0,21,24,16.0,309.0,9,7,5,False
P01847,20250524,2025-05-24,Facebook,Fichajes,Carrusel,1,36.0,J36,Empate,Racing de Aldama,Visitante,43232.0,58447.0,704.0,40,76,42.0,862.0,17,10,13,False
P01848,20250524,2025-05-24,Facebook,Directo,Texto,1,36.0,J36,Empate,Racing de Aldama,Visitante,19227.0,29071.0,119.0,12,8,12.0,151.0,4,3,5,False
P01849,20250524,2025-05-24,Facebook,Resumen,Carrusel,1,36.0,J36,Empate,Racing de Aldama,Visitante,36113.0,58926.0,467.0,38,38,18.0,561.0,18,10,10,False
P01850,20250524,2025-05-24,Facebook,Directo,Imagen,1,36.0,J36,Empate,Racing de Aldama,Visitante,35706.0,53668.0,296.0,16,14,19.0,345.0,7,3,6,False
P01851,20250524,2025-05-24,Facebook,Afición,Vídeo corto,1,36.0,J36,Empate,Racing de Aldama,Visitante,22133.0,32568.0,329.0,24,30,15.0,398.0,14,3,7,False
P01852,20250524,2025-05-24,Facebook,Institucional,Texto,1,36.0,J36,Empate,Racing de Aldama,Visitante,12302.0,14709.0,33.0,2,2,5.0,42.0,0,0,2,False
P01853,20250524,2025-05-24,TikTok,Institucional,Vídeo corto,1,36.0,J36,Empate,Racing de Aldama,Visitante,12141.0,15977.0,609.0,36,46,59.0,750.0,15,10,11,False
P01854,20250524,2025-05-24,TikTok,Institucional,Vídeo corto,1,36.0,J36,Empate,Racing de Aldama,Visitante,16338.0,24307.0,610.0,39,38,65.0,752.0,17,12,10,False
P01855,20250524,2025-05-24,YouTube,Resumen,Vídeo largo,1,36.0,J36,Empate,Racing de Aldama,Visitante,13918.0,19798.0,302.0,26,24,34.0,386.0,12,5,9,False
P01856,20250524,2025-05-24,YouTube,Resumen,Vídeo largo,1,36.0,J36,Empate,Racing de Aldama,Visitante,5376.0,6798.0,103.0,6,6,18.0,133.0,2,1,3,False
P01857,20250524,2025-05-24,YouTube,Previa,Vídeo largo,1,36.0,J36,Empate,Racing de Aldama,Visitante,8044.0,10032.0,183.0,11,20,15.0,229.0,5,2,4,False
P01858,20250525,2025-05-25,Facebook,Entrenamiento,Vídeo corto,0,,,,,,15602.0,20773.0,256.0,17,15,36.0,324.0,9,4,4,False
P01859,20250525,2025-05-25,Facebook,Previa,Vídeo corto,0,,,,,,15562.0,18537.0,123.0,9,11,9.0,152.0,5,1,3,False
P01860,20250525,2025-05-25,Facebook,Entrenamiento,Vídeo corto,0,,,,,,12124.0,16888.0,100.0,5,6,10.0,121.0,2,0,3,False
P01861,20250525,2025-05-25,TikTok,Cantera,Vídeo corto,0,,,,,,8276.0,12712.0,565.0,37,60,22.0,684.0,19,11,7,False
P01862,20250526,2025-05-26,Instagram,Resumen,Imagen,0,,,,,,12678.0,16954.0,638.0,57,59,44.0,798.0,32,15,10,False
P01863,20250526,2025-05-26,X,Fichajes,Vídeo corto,0,,,,,,15894.0,19279.0,472.0,33,30,31.0,566.0,18,6,9,False
P01864,20250526,2025-05-26,X,Fichajes,Vídeo corto,0,,,,,,32680.0,38724.0,1234.0,86,116,19.0,1455.0,45,24,17,False
P01865,20250526,2025-05-26,X,Resumen,Imagen,0,,,,,,19445.0,25490.0,267.0,23,23,12.0,325.0,12,4,7,False
P01866,20250526,2025-05-26,X,Fichajes,Imagen,0,,,,,,17622.0,26037.0,533.0,46,35,43.0,657.0,29,8,9,False
P01867,20250526,2025-05-26,Facebook,Entrenamiento,Carrusel,0,,,,,,17785.0,26830.0,216.0,14,18,11.0,259.0,8,2,4,False
P01868,20250526,2025-05-26,TikTok,Cantera,Vídeo corto,0,,,,,,7720.0,12237.0,578.0,29,42,24.0,673.0,14,9,6,False
P01869,20250526,2025-05-26,YouTube,Institucional,Vídeo largo,0,,,,,,9238.0,11872.0,102.0,7,10,2.0,121.0,4,1,2,False
P01870,20250526,2025-05-26,YouTube,Patrocinador,Vídeo largo,0,,,,,,4452.0,6342.0,35.0,2,2,5.0,44.0,1,0,1,False
P01871,20250527,2025-05-27,Instagram,Efeméride,Imagen,0,,,,,,18434.0,25664.0,691.0,39,36,81.0,847.0,17,10,12,False
P01872,20250527,2025-05-27,X,Entrenamiento,Texto,0,,,,,,12714.0,17264.0,118.0,5,6,12.0,141.0,2,1,2,False
P01873,20250527,2025-05-27,X,Efeméride,Texto,0,,,,,,47617.0,56799.0,306.0,14,30,12.0,362.0,8,3,3,False
P01874,20250527,2025-05-27,Facebook,Fichajes,Vídeo corto,0,,,,,,21167.0,24640.0,445.0,27,23,24.0,519.0,18,4,5,False
P01875,20250527,2025-05-27,Facebook,Institucional,Carrusel,0,,,,,,12750.0,18757.0,97.0,8,5,7.0,117.0,3,2,3,False
P01876,20250528,2025-05-28,Instagram,Previa,Imagen,0,,,,,,35230.0,46001.0,1237.0,111,127,0.0,1475.0,64,24,23,False
P01877,20250528,2025-05-28,Instagram,Institucional,Imagen,0,,,,,,26965.0,37011.0,466.0,33,50,9.0,558.0,19,6,8,False
P01878,20250528,2025-05-28,YouTube,Entrenamiento,Vídeo corto,0,,,,,,8907.0,11123.0,355.0,29,35,1.0,420.0,13,9,7,False
P01879,20250529,2025-05-29,Instagram,Previa,Imagen,0,,,,,,16855.0,27733.0,511.0,33,52,9.0,605.0,17,6,10,False
P01880,20250529,2025-05-29,Facebook,Entrenamiento,Imagen,0,,,,,,12304.0,14597.0,89.0,8,7,9.0,113.0,4,1,3,False
P01881,20250529,2025-05-29,Facebook,Entrenamiento,Vídeo corto,0,,,,,,15346.0,20661.0,130.0,7,10,11.0,158.0,3,1,3,False
P01882,20250530,2025-05-30,X,Efeméride,Imagen,0,,,,,,8843.0,11154.0,126.0,11,13,5.0,155.0,5,3,3,False
P01883,20250530,2025-05-30,X,Afición,Vídeo corto,0,,,,,,11384.0,16344.0,274.0,17,20,34.0,345.0,10,3,4,False
P01884,20250530,2025-05-30,X,Efeméride,Imagen,0,,,,,,40101.0,60711.0,601.0,34,52,16.0,703.0,20,5,9,False
P01885,20250530,2025-05-30,Facebook,Patrocinador,Carrusel,0,,,,,,13829.0,17524.0,65.0,4,4,7.0,80.0,1,0,3,False
P01886,20250530,2025-05-30,YouTube,Previa,Vídeo corto,0,,,,,,4298.0,5070.0,93.0,8,10,7.0,118.0,5,1,2,False
P01887,20250530,2025-05-30,YouTube,Afición,Vídeo largo,0,,,,,,12867.0,19776.0,223.0,14,13,31.0,281.0,5,3,6,False
P01888,20250530,2025-05-30,YouTube,Entrenamiento,Vídeo largo,0,,,,,,4861.0,5631.0,100.0,6,6,14.0,126.0,3,0,3,False
P01889,20250531,2025-05-31,Instagram,Resumen,Carrusel,1,37.0,J37,Empate,Sporting de Cabo,Local,27936.0,35384.0,3294.0,249,242,195.0,3980.0,131,50,68,False
P01890,20250531,2025-05-31,Instagram,Efeméride,Vídeo corto,1,37.0,J37,Empate,Sporting de Cabo,Local,32987.0,52491.0,2286.0,199,177,173.0,2835.0,98,49,52,False
P01891,20250531,2025-05-31,Instagram,Directo,Imagen,1,37.0,J37,Empate,Sporting de Cabo,Local,129593.0,165587.0,7763.0,497,476,360.0,9096.0,253,120,124,False
P01892,20250531,2025-05-31,X,Previa,Imagen,1,37.0,J37,Empate,Sporting de Cabo,Local,16890.0,20426.0,118.0,8,10,14.0,150.0,3,2,3,False
P01893,20250531,2025-05-31,X,Previa,Vídeo corto,1,37.0,J37,Empate,Sporting de Cabo,Local,26300.0,43106.0,565.0,43,35,52.0,695.0,22,9,12,False
P01894,20250531,2025-05-31,X,Cantera,Texto,1,37.0,J37,Empate,Sporting de Cabo,Local,28025.0,45491.0,125.0,11,10,6.0,152.0,6,2,3,False
P01895,20250531,2025-05-31,X,Resumen,Imagen,1,37.0,J37,Empate,Sporting de Cabo,Local,64183.0,103979.0,1119.0,63,82,57.0,1321.0,35,11,17,False
P01896,20250531,2025-05-31,X,Previa,Texto,1,37.0,J37,Empate,Sporting de Cabo,Local,46934.0,74265.0,295.0,19,29,23.0,366.0,8,3,8,False
P01897,20250531,2025-05-31,Facebook,Resumen,Carrusel,1,37.0,J37,Empate,Sporting de Cabo,Local,19777.0,25296.0,246.0,15,26,21.0,308.0,7,4,4,False
P01898,20250531,2025-05-31,Facebook,Patrocinador,Vídeo corto,1,37.0,J37,Empate,Sporting de Cabo,Local,22406.0,34849.0,135.0,9,12,11.0,167.0,5,1,3,False
P01899,20250531,2025-05-31,TikTok,Entrenamiento,Vídeo corto,1,37.0,J37,Empate,Sporting de Cabo,Local,39670.0,61186.0,2641.0,219,258,0.0,3118.0,124,58,37,False
P01900,20250531,2025-05-31,TikTok,Patrocinador,Vídeo corto,1,37.0,J37,Empate,Sporting de Cabo,Local,4783.0,5615.0,213.0,21,21,16.0,271.0,10,5,6,False
P01901,20250531,2025-05-31,TikTok,Directo,Vídeo corto,1,37.0,J37,Empate,Sporting de Cabo,Local,20757.0,29837.0,2876.0,172,151,172.0,3371.0,96,36,40,False
P01902,20250601,2025-06-01,Instagram,Institucional,Imagen,0,,,,,,39938.0,56400.0,1398.0,95,92,74.0,1659.0,44,27,24,False
P01903,20250601,2025-06-01,Instagram,Entrenamiento,Imagen,0,,,,,,168853.0,216858.0,6495.0,540,455,66.0,7556.0,294,123,123,False
P01904,20250601,2025-06-01,Instagram,Patrocinador,Imagen,0,,,,,,29214.0,42035.0,583.0,40,58,8.0,689.0,24,6,10,False
P01905,20250601,2025-06-01,X,Patrocinador,Imagen,0,,,,,,18181.0,20404.0,120.0,8,7,10.0,145.0,3,2,3,False
P01906,20250601,2025-06-01,Facebook,Institucional,Vídeo corto,0,,,,,,11878.0,16460.0,64.0,5,6,3.0,78.0,3,0,2,False
P01907,20250601,2025-06-01,Facebook,Efeméride,Vídeo corto,0,,,,,,28279.0,41176.0,232.0,13,26,25.0,296.0,6,3,4,False
P01908,20250601,2025-06-01,Facebook,Institucional,Vídeo corto,0,,,,,,23934.0,30227.0,101.0,8,7,8.0,124.0,4,1,3,False
P01909,20250601,2025-06-01,Facebook,Patrocinador,Carrusel,0,,,,,,31583.0,37453.0,227.0,15,20,5.0,267.0,9,2,4,False
P01910,20250602,2025-06-02,Instagram,Previa,Carrusel,0,,,,,,24423.0,28005.0,835.0,58,87,5.0,985.0,34,13,11,False
P01911,20250602,2025-06-02,X,Previa,Texto,0,,,,,,29168.0,46076.0,272.0,23,14,29.0,338.0,13,4,6,False
P01912,20250602,2025-06-02,Facebook,Patrocinador,Imagen,0,,,,,,19694.0,32334.0,96.0,4,5,14.0,119.0,1,0,3,False
P01913,20250602,2025-06-02,Facebook,Efeméride,Imagen,0,,,,,,14735.0,23484.0,118.0,7,7,12.0,144.0,3,1,3,False
P01914,20250602,2025-06-02,Facebook,Patrocinador,Vídeo largo,0,,,,,,17218.0,20560.0,73.0,4,7,9.0,93.0,2,1,1,False
P01915,20250603,2025-06-03,Instagram,Fichajes,Imagen,0,,,,,,24894.0,28624.0,1600.0,115,167,17.0,1899.0,56,33,26,False
P01916,20250603,2025-06-03,Instagram,Entrenamiento,Vídeo largo,0,,,,,,26198.0,36793.0,902.0,81,54,60.0,1097.0,44,21,16,False
P01917,20250603,2025-06-03,X,Patrocinador,Texto,0,,,,,,18988.0,25483.0,93.0,9,9,7.0,118.0,4,2,3,False
P01918,20250603,2025-06-03,X,Entrenamiento,Imagen,0,,,,,,12067.0,18513.0,194.0,13,18,2.0,227.0,7,3,3,False
P01919,20250603,2025-06-03,Facebook,Fichajes,Imagen,0,,,,,,12967.0,19192.0,259.0,24,16,31.0,330.0,11,6,7,False
P01920,20250603,2025-06-03,TikTok,Fichajes,Vídeo corto,0,,,,,,8756.0,10777.0,1042.0,59,92,90.0,1283.0,31,13,15,False
P01921,20250603,2025-06-03,TikTok,Cantera,Vídeo corto,0,,,,,,8941.0,13938.0,768.0,60,50,47.0,925.0,33,11,16,False
P01922,20250603,2025-06-03,YouTube,Institucional,Vídeo largo,0,,,,,,12276.0,18507.0,120.0,9,8,9.0,146.0,4,1,4,False
P01923,20250604,2025-06-04,Instagram,Efeméride,Carrusel,0,,,,,,51362.0,81748.0,2339.0,182,249,12.0,2782.0,95,39,48,False
P01924,20250604,2025-06-04,X,Afición,Imagen,0,,,,,,35256.0,40846.0,465.0,41,38,29.0,573.0,21,11,9,False
P01925,20250604,2025-06-04,X,Patrocinador,Imagen,0,,,,,,33864.0,45373.0,196.0,13,11,15.0,235.0,6,2,5,False
P01926,20250604,2025-06-04,X,Entrenamiento,Texto,0,,,,,,40717.0,57614.0,343.0,23,28,5.0,399.0,15,3,5,False
P01927,20250604,2025-06-04,X,Institucional,Texto,0,,,,,,16835.0,23578.0,65.0,5,5,8.0,83.0,3,1,1,False
P01928,20250604,2025-06-04,X,Patrocinador,Imagen,0,,,,,,26233.0,37206.0,129.0,12,11,3.0,155.0,6,2,4,False
P01929,20250604,2025-06-04,Facebook,Previa,Texto,0,,,,,,11893.0,15219.0,61.0,3,4,9.0,77.0,1,0,2,False
P01930,20250604,2025-06-04,Facebook,Afición,Carrusel,0,,,,,,7715.0,9970.0,114.0,10,9,8.0,141.0,5,1,4,False
P01931,20250604,2025-06-04,YouTube,Entrenamiento,Vídeo largo,0,,,,,,12462.0,17902.0,218.0,15,11,25.0,269.0,7,3,5,False
P01932,20250604,2025-06-04,YouTube,Afición,Vídeo corto,0,,,,,,3145.0,4059.0,88.0,8,7,6.0,109.0,4,1,3,False
P01933,20250605,2025-06-05,X,Entrenamiento,Texto,0,,,,,,17562.0,26526.0,203.0,18,17,0.0,238.0,8,3,7,False
P01934,20250605,2025-06-05,YouTube,Entrenamiento,Vídeo largo,0,,,,,,7828.0,11977.0,196.0,17,16,20.0,249.0,9,5,3,False
P01935,20250606,2025-06-06,Instagram,Afición,Vídeo corto,0,,,,,,44678.0,58484.0,2924.0,184,186,248.0,3542.0,96,56,32,False
P01936,20250606,2025-06-06,X,Previa,Vídeo corto,0,,,,,,23965.0,39261.0,460.0,27,37,36.0,560.0,15,6,6,False
P01937,20250606,2025-06-06,Facebook,Entrenamiento,Vídeo corto,0,,,,,,9693.0,14392.0,140.0,13,10,9.0,172.0,5,4,4,False
P01938,20250606,2025-06-06,Facebook,Previa,Carrusel,0,,,,,,14615.0,17565.0,250.0,15,22,22.0,309.0,6,3,6,False
P01939,20250606,2025-06-06,TikTok,Entrenamiento,Vídeo corto,0,,,,,,6512.0,9595.0,625.0,56,35,50.0,766.0,30,16,10,False
P01940,20250606,2025-06-06,YouTube,Previa,Vídeo largo,0,,,,,,3466.0,4203.0,57.0,3,3,9.0,72.0,1,0,2,False
P01941,20250607,2025-06-07,Instagram,Resumen,Imagen,1,38.0,J38,Empate,CD Miravalle,Visitante,34092.0,43212.0,2258.0,145,120,298.0,2821.0,83,34,28,False
P01942,20250607,2025-06-07,Instagram,Resumen,Carrusel,1,38.0,J38,Empate,CD Miravalle,Visitante,68027.0,81038.0,2596.0,196,160,262.0,3214.0,106,53,37,False
P01943,20250607,2025-06-07,Instagram,Institucional,Vídeo corto,1,38.0,J38,Empate,CD Miravalle,Visitante,53199.0,60228.0,2442.0,220,127,247.0,3036.0,112,38,70,False
P01944,20250607,2025-06-07,Instagram,Previa,Carrusel,1,38.0,J38,Empate,CD Miravalle,Visitante,31100.0,45980.0,1195.0,82,80,137.0,1494.0,48,18,16,False
P01945,20250607,2025-06-07,X,Directo,Imagen,1,38.0,J38,Empate,CD Miravalle,Visitante,27921.0,37865.0,422.0,40,24,42.0,528.0,24,6,10,False
P01946,20250607,2025-06-07,X,Cantera,Texto,1,38.0,J38,Empate,CD Miravalle,Visitante,71438.0,88440.0,587.0,30,59,51.0,727.0,16,6,8,False
P01947,20250607,2025-06-07,X,Directo,Texto,1,38.0,J38,Empate,CD Miravalle,Visitante,13666.0,15426.0,195.0,12,14,12.0,233.0,6,3,3,False
P01948,20250607,2025-06-07,X,Previa,Imagen,1,38.0,J38,Empate,CD Miravalle,Visitante,48278.0,60871.0,705.0,56,54,28.0,843.0,29,11,16,False
P01949,20250607,2025-06-07,X,Previa,Imagen,1,38.0,J38,Empate,CD Miravalle,Visitante,14734.0,22845.0,290.0,23,24,25.0,362.0,9,6,8,False
P01950,20250607,2025-06-07,Facebook,Resumen,Carrusel,1,38.0,J38,Empate,CD Miravalle,Visitante,9585.0,11515.0,111.0,8,6,13.0,138.0,4,2,2,False
P01951,20250607,2025-06-07,TikTok,Previa,Vídeo corto,1,38.0,J38,Empate,CD Miravalle,Visitante,7293.0,8853.0,725.0,66,44,68.0,903.0,33,19,14,False
P01952,20250607,2025-06-07,YouTube,Patrocinador,Vídeo largo,1,38.0,J38,Empate,CD Miravalle,Visitante,4141.0,5632.0,30.0,2,3,2.0,37.0,0,0,2,False
P01953,20250607,2025-06-07,YouTube,Afición,Vídeo corto,1,38.0,J38,Empate,CD Miravalle,Visitante,4119.0,6315.0,205.0,18,16,7.0,246.0,9,4,5,False
P01954,20250607,2025-06-07,YouTube,Fichajes,Vídeo largo,1,38.0,J38,Empate,CD Miravalle,Visitante,7991.0,10311.0,310.0,18,23,23.0,374.0,9,5,4,False
P01955,20250607,2025-06-07,YouTube,Afición,Vídeo largo,1,38.0,J38,Empate,CD Miravalle,Visitante,8731.0,13321.0,320.0,16,31,38.0,405.0,9,3,4,False
P01956,20250608,2025-06-08,X,Afición,Texto,0,,,,,,13854.0,21812.0,129.0,10,7,5.0,151.0,5,2,3,False
P01957,20250608,2025-06-08,X,Cantera,Imagen,0,,,,,,18684.0,28920.0,169.0,13,12,20.0,214.0,7,2,4,False
P01958,20250608,2025-06-08,YouTube,Resumen,Vídeo corto,0,,,,,,4062.0,5515.0,277.0,21,30,20.0,348.0,11,4,6,False
P01959,20250608,2025-06-08,YouTube,Previa,Vídeo largo,0,,,,,,4919.0,5535.0,83.0,7,7,1.0,98.0,3,1,3,False
P01960,20250608,2025-06-08,YouTube,Entrenamiento,Vídeo corto,0,,,,,,5563.0,6942.0,180.0,14,14,16.0,224.0,7,3,4,False
P01961,20250609,2025-06-09,Instagram,Efeméride,Imagen,0,,,,,,72199.0,104173.0,2375.0,227,170,262.0,3034.0,121,45,61,False
P01962,20250609,2025-06-09,X,Patrocinador,Vídeo corto,0,,,,,,31309.0,41402.0,283.0,15,22,20.0,340.0,6,3,6,False
P01963,20250609,2025-06-09,YouTube,Efeméride,Vídeo largo,0,,,,,,5854.0,7533.0,133.0,10,7,17.0,167.0,5,2,3,False
P01964,20250610,2025-06-10,Instagram,Patrocinador,Imagen,0,,,,,,34035.0,52529.0,542.0,41,41,58.0,682.0,21,12,8,False
P01965,20250610,2025-06-10,Instagram,Cantera,Vídeo corto,0,,,,,,37820.0,55313.0,1797.0,106,164,53.0,2120.0,59,24,23,False
P01966,20250610,2025-06-10,Instagram,Entrenamiento,Imagen,0,,,,,,40622.0,56115.0,2783.0,178,202,156.0,3319.0,88,51,39,False
P01967,20250610,2025-06-10,X,Fichajes,Imagen,0,,,,,,11064.0,13547.0,359.0,25,32,34.0,450.0,14,4,7,False
P01968,20250610,2025-06-10,X,Entrenamiento,Imagen,0,,,,,,27507.0,33425.0,214.0,11,11,16.0,252.0,5,3,3,False
P01969,20250610,2025-06-10,TikTok,Cantera,Vídeo corto,0,,,,,,6747.0,8242.0,502.0,38,33,12.0,585.0,18,8,12,False
P01970,20250611,2025-06-11,Instagram,Entrenamiento,Vídeo corto,0,,,,,,23336.0,30920.0,1016.0,90,85,102.0,1293.0,47,26,17,False
P01971,20250611,2025-06-11,Instagram,Afición,Imagen,0,,,,,,30801.0,45413.0,2191.0,168,174,243.0,2776.0,82,32,54,False
P01972,20250611,2025-06-11,X,Previa,Imagen,0,,,,,,9557.0,13054.0,124.0,12,7,16.0,159.0,7,1,4,False
P01973,20250611,2025-06-11,X,Fichajes,Texto,0,,,,,,23489.0,36007.0,350.0,25,24,29.0,428.0,12,6,7,False
P01974,20250611,2025-06-11,X,Entrenamiento,Vídeo corto,0,,,,,,50076.0,71430.0,904.0,79,57,73.0,1113.0,43,19,17,False
P01975,20250611,2025-06-11,X,Previa,Texto,0,,,,,,56830.0,72497.0,678.0,41,51,70.0,840.0,21,7,13,False
P01976,20250611,2025-06-11,TikTok,Afición,Vídeo corto,0,,,,,,9386.0,14647.0,1025.0,54,97,20.0,1196.0,24,10,20,False
P01977,20250612,2025-06-12,Instagram,Previa,Imagen,0,,,,,,10032.0,16415.0,487.0,36,33,21.0,577.0,20,7,9,False
P01978,20250612,2025-06-12,Instagram,Cantera,Imagen,0,,,,,,32707.0,40095.0,917.0,84,45,81.0,1127.0,47,13,24,False
P01979,20250612,2025-06-12,X,Institucional,Texto,0,,,,,,22698.0,32349.0,121.0,7,10,3.0,141.0,4,1,2,False
P01980,20250612,2025-06-12,Facebook,Patrocinador,Imagen,0,,,,,,9897.0,16048.0,30.0,1,1,5.0,37.0,0,0,1,False
P01981,20250612,2025-06-12,TikTok,Entrenamiento,Vídeo corto,0,,,,,,10787.0,16726.0,872.0,74,79,92.0,1117.0,46,15,13,False
P01982,20250612,2025-06-12,YouTube,Entrenamiento,Vídeo largo,0,,,,,,6738.0,10163.0,203.0,19,11,27.0,260.0,10,3,6,False
P01983,20250612,2025-06-12,YouTube,Patrocinador,Vídeo largo,0,,,,,,4658.0,6220.0,27.0,2,2,1.0,32.0,1,0,1,False
P01984,20250612,2025-06-12,YouTube,Institucional,Vídeo largo,0,,,,,,6343.0,9943.0,96.0,8,7,8.0,119.0,5,1,2,False
P01985,20250613,2025-06-13,Instagram,Afición,Imagen,0,,,,,,55312.0,72027.0,1604.0,158,162,108.0,2032.0,104,30,24,False
P01986,20250613,2025-06-13,Instagram,Institucional,Imagen,0,,,,,,15638.0,21883.0,405.0,22,35,39.0,501.0,12,6,4,False
P01987,20250613,2025-06-13,Instagram,Cantera,Carrusel,0,,,,,,42398.0,53940.0,1408.0,117,90,29.0,1644.0,57,31,29,False
P01988,20250613,2025-06-13,X,Efeméride,Carrusel,0,,,,,,7337.0,8742.0,81.0,4,8,6.0,99.0,2,1,1,False
P01989,20250613,2025-06-13,X,Entrenamiento,Vídeo corto,0,,,,,,16931.0,21247.0,266.0,16,17,24.0,323.0,8,3,5,False
P01990,20250613,2025-06-13,Facebook,Entrenamiento,Carrusel,0,,,,,,7308.0,11186.0,54.0,3,6,5.0,68.0,1,0,2,False
P01991,20250613,2025-06-13,Facebook,Resumen,Carrusel,0,,,,,,14299.0,17791.0,210.0,10,21,12.0,253.0,6,1,3,False
P01992,20250614,2025-06-14,Instagram,Resumen,Vídeo corto,1,39.0,J39,Victoria,UE Montseny,Local,49039.0,68136.0,5482.0,452,328,667.0,6929.0,365,43,44,False
P01993,20250614,2025-06-14,Instagram,Entrenamiento,Imagen,1,39.0,J39,Victoria,UE Montseny,Local,51533.0,71923.0,1327.0,131,126,66.0,1650.0,83,22,26,False
P01994,20250614,2025-06-14,Instagram,Entrenamiento,Vídeo corto,1,39.0,J39,Victoria,UE Montseny,Local,27775.0,44250.0,1666.0,99,179,139.0,2083.0,66,13,20,False
P01995,20250614,2025-06-14,Instagram,Directo,Carrusel,1,39.0,J39,Victoria,UE Montseny,Local,39539.0,53852.0,3145.0,181,253,122.0,3701.0,110,29,42,False
P01996,20250614,2025-06-14,X,Efeméride,Imagen,1,39.0,J39,Victoria,UE Montseny,Local,38130.0,47230.0,311.0,28,27,29.0,395.0,18,5,5,False
P01997,20250614,2025-06-14,X,Directo,Texto,1,39.0,J39,Victoria,UE Montseny,Local,55106.0,62831.0,1126.0,62,92,65.0,1345.0,41,9,12,False
P01998,20250614,2025-06-14,Facebook,Entrenamiento,Vídeo corto,1,39.0,J39,Victoria,UE Montseny,Local,15090.0,18852.0,274.0,18,26,11.0,329.0,12,3,3,False
P01999,20250614,2025-06-14,Facebook,Entrenamiento,Vídeo corto,1,39.0,J39,Victoria,UE Montseny,Local,24870.0,34967.0,271.0,26,20,26.0,343.0,18,3,5,False
P02000,20250614,2025-06-14,TikTok,Afición,Vídeo corto,1,39.0,J39,Victoria,UE Montseny,Local,29286.0,13103.0,4904.0,418,329,275.0,5926.0,316,41,61,False
P02001,20250614,2025-06-14,TikTok,Directo,Vídeo corto,1,39.0,J39,Victoria,UE Montseny,Local,9049.0,11092.0,1755.0,111,148,110.0,2124.0,80,16,15,False
P02002,20250614,2025-06-14,TikTok,Previa,Vídeo corto,1,39.0,J39,Victoria,UE Montseny,Local,4807.0,7122.0,720.0,52,57,50.0,879.0,35,8,9,False
P02003,20250614,2025-06-14,TikTok,Institucional,Vídeo corto,1,39.0,J39,Victoria,UE Montseny,Local,6542.0,9790.0,312.0,17,30,29.0,388.0,11,3,3,False
P02004,20250614,2025-06-14,YouTube,Directo,Vídeo largo,1,39.0,J39,Victoria,UE Montseny,Local,5010.0,6758.0,164.0,10,12,13.0,199.0,6,2,2,False
P02005,20250614,2025-06-14,YouTube,Previa,Vídeo corto,1,39.0,J39,Victoria,UE Montseny,Local,7203.0,8718.0,289.0,17,28,12.0,346.0,12,1,4,False
P02006,20250615,2025-06-15,Instagram,Entrenamiento,Carrusel,0,,,,,,25175.0,30193.0,964.0,52,67,144.0,1227.0,29,10,13,False
P02007,20250615,2025-06-15,Instagram,Fichajes,Imagen,0,,,,,,26396.0,34694.0,2446.0,225,247,116.0,3034.0,132,44,49,False
P02008,20250615,2025-06-15,X,Resumen,Imagen,0,,,,,,23993.0,33920.0,263.0,25,19,8.0,315.0,10,6,9,False
P02009,20250615,2025-06-15,Facebook,Efeméride,Texto,0,,,,,,25144.0,32034.0,167.0,8,14,14.0,203.0,3,2,3,False
P02010,20250615,2025-06-15,YouTube,Afición,Vídeo largo,0,,,,,,4965.0,5570.0,135.0,9,12,10.0,166.0,5,2,2,False
