jornada,jugador_id,ventana,menciones,sent_positivo,sent_negativo,sent_neutro,fecha_id,fecha,resultado,jornada_etiqueta,goles,asistencias,minutos,valoracion,participo,pct_positivo
1,J01,Pre,49,29,10,10,20240817,2024-08-17,Empate,J01,0.0,0.0,82.0,6.46,1,0.5918367346938775
1,J01,Post,178,100,37,41,20240817,2024-08-17,Empate,J01,0.0,0.0,82.0,6.46,1,0.5617977528089888
1,J02,Pre,207,106,48,53,20240817,2024-08-17,Empate,J01,0.0,0.0,0.0,,0,0.5120772946859904
1,J02,Post,39,18,8,13,20240817,2024-08-17,Empate,J01,0.0,0.0,0.0,,0,0.46153846153846156
1,J03,Pre,167,87,42,38,20240817,2024-08-17,Empate,J01,0.0,0.0,0.0,,0,0.5209580838323353
1,J03,Post,121,59,31,31,20240817,2024-08-17,Empate,J01,0.0,0.0,0.0,,0,0.48760330578512395
1,J04,Pre,346,156,95,95,20240817,2024-08-17,Empate,J01,0.0,0.0,90.0,6.21,1,0.4508670520231214
1,J04,Post,599,354,107,138,20240817,2024-08-17,Empate,J01,0.0,0.0,90.0,6.21,1,0.5909849749582637
1,J05,Pre,137,68,24,45,20240817,2024-08-17,Empate,J01,0.0,0.0,0.0,,0,0.49635036496350365
1,J05,Post,53,25,14,14,20240817,2024-08-17,Empate,J01,0.0,0.0,0.0,,0,0.4716981132075472
1,J06,Pre,131,59,30,42,20240817,2024-08-17,Empate,J01,0.0,0.0,73.0,5.92,1,0.45038167938931295
1,J06,Post,237,112,53,72,20240817,2024-08-17,Empate,J01,0.0,0.0,73.0,5.92,1,0.47257383966244726
1,J07,Pre,195,105,45,45,20240817,2024-08-17,Empate,J01,0.0,0.0,71.0,5.94,1,0.5384615384615384
1,J07,Post,291,109,86,96,20240817,2024-08-17,Empate,J01,0.0,0.0,71.0,5.94,1,0.3745704467353952
1,J08,Pre,88,41,22,25,20240817,2024-08-17,Empate,J01,0.0,0.0,0.0,,0,0.4659090909090909
1,J08,Post,37,15,7,15,20240817,2024-08-17,Empate,J01,0.0,0.0,0.0,,0,0.40540540540540543
1,J09,Pre,191,99,38,54,20240817,2024-08-17,Empate,J01,0.0,0.0,87.0,5.7,1,0.518324607329843
1,J09,Post,363,171,86,106,20240817,2024-08-17,Empate,J01,0.0,0.0,87.0,5.7,1,0.47107438016528924
1,J10,Pre,71,34,19,18,20240817,2024-08-17,Empate,J01,0.0,0.0,89.0,6.16,1,0.4788732394366197
1,J10,Post,217,107,39,71,20240817,2024-08-17,Empate,J01,0.0,0.0,89.0,6.16,1,0.4930875576036866
1,J11,Pre,148,88,24,36,20240817,2024-08-17,Empate,J01,0.0,0.0,90.0,5.7,1,0.5945945945945946
1,J11,Post,319,147,77,95,20240817,2024-08-17,Empate,J01,0.0,0.0,90.0,5.7,1,0.4608150470219436
1,J12,Pre,164,94,30,40,20240817,2024-08-17,Empate,J01,0.0,0.0,17.0,6.01,1,0.573170731707317
1,J12,Post,328,158,89,81,20240817,2024-08-17,Empate,J01,0.0,0.0,17.0,6.01,1,0.4817073170731707
1,J13,Pre,172,99,37,36,20240817,2024-08-17,Empate,J01,0.0,0.0,12.0,6.57,1,0.5755813953488372
1,J13,Post,321,157,95,69,20240817,2024-08-17,Empate,J01,0.0,0.0,12.0,6.57,1,0.48909657320872274
1,J14,Pre,66,36,15,15,20240817,2024-08-17,Empate,J01,1.0,0.0,79.0,7.01,1,0.5454545454545454
1,J14,Post,187,126,34,27,20240817,2024-08-17,Empate,J01,1.0,0.0,79.0,7.01,1,0.6737967914438503
1,J15,Pre,58,26,13,19,20240817,2024-08-17,Empate,J01,0.0,0.0,0.0,,0,0.4482758620689655
1,J15,Post,29,12,8,9,20240817,2024-08-17,Empate,J01,0.0,0.0,0.0,,0,0.41379310344827586
1,J16,Pre,113,54,30,29,20240817,2024-08-17,Empate,J01,0.0,0.0,0.0,,0,0.4778761061946903
1,J16,Post,0,0,0,0,20240817,2024-08-17,Empate,J01,0.0,0.0,0.0,,0,
1,J17,Pre,147,76,27,44,20240817,2024-08-17,Empate,J01,0.0,0.0,36.0,4.59,1,0.5170068027210885
1,J17,Post,203,75,46,82,20240817,2024-08-17,Empate,J01,0.0,0.0,36.0,4.59,1,0.3694581280788177
1,J18,Pre,433,223,122,88,20240817,2024-08-17,Empate,J01,0.0,0.0,90.0,5.55,1,0.5150115473441108
1,J18,Post,475,231,91,153,20240817,2024-08-17,Empate,J01,0.0,0.0,90.0,5.55,1,0.4863157894736842
1,J19,Pre,183,99,44,40,20240817,2024-08-17,Empate,J01,0.0,0.0,71.0,5.77,1,0.5409836065573771
1,J19,Post,348,164,78,106,20240817,2024-08-17,Empate,J01,0.0,0.0,71.0,5.77,1,0.47126436781609193
1,J20,Pre,253,132,43,78,20240817,2024-08-17,Empate,J01,0.0,0.0,0.0,,0,0.5217391304347826
1,J20,Post,21,11,5,5,20240817,2024-08-17,Empate,J01,0.0,0.0,0.0,,0,0.5238095238095238
1,J21,Pre,313,175,65,73,20240817,2024-08-17,Empate,J01,0.0,0.0,90.0,7.22,1,0.5591054313099042
1,J21,Post,688,306,175,207,20240817,2024-08-17,Empate,J01,0.0,0.0,90.0,7.22,1,0.44476744186046513
1,J22,Pre,295,156,78,61,20240817,2024-08-17,Empate,J01,0.0,0.0,0.0,,0,0.5288135593220339
1,J22,Post,84,43,15,26,20240817,2024-08-17,Empate,J01,0.0,0.0,0.0,,0,0.5119047619047619
1,J23,Pre,463,274,108,81,20240817,2024-08-17,Empate,J01,0.0,0.0,1.0,6.03,1,0.591792656587473
1,J23,Post,526,243,141,142,20240817,2024-08-17,Empate,J01,0.0,0.0,1.0,6.03,1,0.4619771863117871
1,J24,Pre,312,161,70,81,20240817,2024-08-17,Empate,J01,0.0,0.0,24.0,5.8,1,0.5160256410256411
1,J24,Post,414,189,87,138,20240817,2024-08-17,Empate,J01,0.0,0.0,24.0,5.8,1,0.45652173913043476
1,J25,Pre,295,160,69,66,20240817,2024-08-17,Empate,J01,0.0,0.0,0.0,,0,0.5423728813559322
1,J25,Post,101,50,28,23,20240817,2024-08-17,Empate,J01,0.0,0.0,0.0,,0,0.49504950495049505
2,J01,Pre,105,50,21,34,20240824,2024-08-24,Victoria,J02,0.0,0.0,0.0,,0,0.47619047619047616
2,J01,Post,18,8,5,5,20240824,2024-08-24,Victoria,J02,0.0,0.0,0.0,,0,0.4444444444444444
2,J02,Pre,187,89,38,60,20240824,2024-08-24,Victoria,J02,0.0,0.0,82.0,6.49,1,0.47593582887700536
2,J02,Post,514,325,100,89,20240824,2024-08-24,Victoria,J02,0.0,0.0,82.0,6.49,1,0.632295719844358
2,J03,Pre,195,95,43,57,20240824,2024-08-24,Victoria,J02,0.0,0.0,17.0,6.24,1,0.48717948717948717
2,J03,Post,444,297,53,94,20240824,2024-08-24,Victoria,J02,0.0,0.0,17.0,6.24,1,0.668918918918919
2,J04,Pre,328,193,50,85,20240824,2024-08-24,Victoria,J02,0.0,0.0,0.0,,0,0.5884146341463414
2,J04,Post,174,84,32,58,20240824,2024-08-24,Victoria,J02,0.0,0.0,0.0,,0,0.4827586206896552
2,J05,Pre,245,154,52,39,20240824,2024-08-24,Victoria,J02,0.0,0.0,0.0,,0,0.6285714285714286
2,J05,Post,119,52,37,30,20240824,2024-08-24,Victoria,J02,0.0,0.0,0.0,,0,0.4369747899159664
2,J06,Pre,146,73,31,42,20240824,2024-08-24,Victoria,J02,0.0,0.0,9.0,6.13,1,0.5
2,J06,Post,346,261,47,38,20240824,2024-08-24,Victoria,J02,0.0,0.0,9.0,6.13,1,0.7543352601156069
2,J07,Pre,300,130,86,84,20240824,2024-08-24,Victoria,J02,1.0,0.0,90.0,7.75,1,0.43333333333333335
2,J07,Post,861,656,111,94,20240824,2024-08-24,Victoria,J02,1.0,0.0,90.0,7.75,1,0.7619047619047619
2,J08,Pre,96,49,20,27,20240824,2024-08-24,Victoria,J02,0.0,0.0,80.0,5.12,1,0.5104166666666666
2,J08,Post,241,128,54,59,20240824,2024-08-24,Victoria,J02,0.0,0.0,80.0,5.12,1,0.5311203319502075
2,J09,Pre,223,115,40,68,20240824,2024-08-24,Victoria,J02,0.0,1.0,12.0,7.11,1,0.515695067264574
2,J09,Post,802,654,83,65,20240824,2024-08-24,Victoria,J02,0.0,1.0,12.0,7.11,1,0.8154613466334164
2,J10,Pre,60,27,13,20,20240824,2024-08-24,Victoria,J02,0.0,0.0,0.0,,0,0.45
2,J10,Post,0,0,0,0,20240824,2024-08-24,Victoria,J02,0.0,0.0,0.0,,0,
2,J11,Pre,188,102,33,53,20240824,2024-08-24,Victoria,J02,0.0,0.0,0.0,,0,0.5425531914893617
2,J11,Post,32,12,8,12,20240824,2024-08-24,Victoria,J02,0.0,0.0,0.0,,0,0.375
2,J12,Pre,177,92,44,41,20240824,2024-08-24,Victoria,J02,0.0,0.0,13.0,6.03,1,0.519774011299435
2,J12,Post,471,292,94,85,20240824,2024-08-24,Victoria,J02,0.0,0.0,13.0,6.03,1,0.6199575371549894
2,J13,Pre,244,131,64,49,20240824,2024-08-24,Victoria,J02,0.0,0.0,89.0,5.39,1,0.5368852459016393
2,J13,Post,383,233,53,97,20240824,2024-08-24,Victoria,J02,0.0,0.0,89.0,5.39,1,0.608355091383812
2,J14,Pre,61,32,17,12,20240824,2024-08-24,Victoria,J02,0.0,0.0,75.0,5.94,1,0.5245901639344263
2,J14,Post,125,77,18,30,20240824,2024-08-24,Victoria,J02,0.0,0.0,75.0,5.94,1,0.616
2,J15,Pre,72,39,14,19,20240824,2024-08-24,Victoria,J02,0.0,0.0,0.0,,0,0.5416666666666666
2,J15,Post,14,6,3,5,20240824,2024-08-24,Victoria,J02,0.0,0.0,0.0,,0,0.42857142857142855
2,J16,Pre,103,60,20,23,20240824,2024-08-24,Victoria,J02,0.0,0.0,69.0,5.33,1,0.5825242718446602
2,J16,Post,219,150,38,31,20240824,2024-08-24,Victoria,J02,0.0,0.0,69.0,5.33,1,0.684931506849315
2,J17,Pre,157,97,22,38,20240824,2024-08-24,Victoria,J02,0.0,0.0,74.0,7.26,1,0.6178343949044586
2,J17,Post,416,283,58,75,20240824,2024-08-24,Victoria,J02,0.0,0.0,74.0,7.26,1,0.6802884615384616
2,J18,Pre,241,122,50,69,20240824,2024-08-24,Victoria,J02,0.0,0.0,90.0,5.29,1,0.5062240663900415
2,J18,Post,644,440,106,98,20240824,2024-08-24,Victoria,J02,0.0,0.0,90.0,5.29,1,0.6832298136645962
2,J19,Pre,179,96,41,42,20240824,2024-08-24,Victoria,J02,0.0,1.0,90.0,5.48,1,0.5363128491620112
2,J19,Post,489,304,72,113,20240824,2024-08-24,Victoria,J02,0.0,1.0,90.0,5.48,1,0.621676891615542
2,J20,Pre,240,122,55,63,20240824,2024-08-24,Victoria,J02,0.0,0.0,0.0,,0,0.5083333333333333
2,J20,Post,10,4,2,4,20240824,2024-08-24,Victoria,J02,0.0,0.0,0.0,,0,0.4
2,J21,Pre,380,169,106,105,20240824,2024-08-24,Victoria,J02,0.0,0.0,0.0,,0,0.44473684210526315
2,J21,Post,47,24,11,12,20240824,2024-08-24,Victoria,J02,0.0,0.0,0.0,,0,0.5106382978723404
2,J22,Pre,273,151,44,78,20240824,2024-08-24,Victoria,J02,1.0,0.0,85.0,6.32,1,0.5531135531135531
2,J22,Post,1216,993,130,93,20240824,2024-08-24,Victoria,J02,1.0,0.0,85.0,6.32,1,0.8166118421052632
2,J23,Pre,191,108,32,51,20240824,2024-08-24,Victoria,J02,0.0,0.0,0.0,,0,0.5654450261780105
2,J23,Post,6,2,1,3,20240824,2024-08-24,Victoria,J02,0.0,0.0,0.0,,0,0.3333333333333333
2,J24,Pre,296,169,68,59,20240824,2024-08-24,Victoria,J02,0.0,0.0,30.0,5.79,1,0.5709459459459459
2,J24,Post,519,305,76,138,20240824,2024-08-24,Victoria,J02,0.0,0.0,30.0,5.79,1,0.5876685934489403
2,J25,Pre,246,127,57,62,20240824,2024-08-24,Victoria,J02,0.0,0.0,83.0,6.36,1,0.516260162601626
2,J25,Post,523,396,50,77,20240824,2024-08-24,Victoria,J02,0.0,0.0,83.0,6.36,1,0.7571701720841301
3,J01,Pre,73,36,20,17,20240831,2024-08-31,Victoria,J03,0.0,0.0,90.0,5.64,1,0.4931506849315068
3,J01,Post,207,142,22,43,20240831,2024-08-31,Victoria,J03,0.0,0.0,90.0,5.64,1,0.6859903381642513
3,J02,Pre,167,98,26,43,20240831,2024-08-31,Victoria,J03,0.0,0.0,0.0,,0,0.5868263473053892
3,J02,Post,123,57,23,43,20240831,2024-08-31,Victoria,J03,0.0,0.0,0.0,,0,0.4634146341463415
3,J03,Pre,177,113,25,39,20240831,2024-08-31,Victoria,J03,0.0,0.0,0.0,,0,0.6384180790960452
3,J03,Post,31,16,8,7,20240831,2024-08-31,Victoria,J03,0.0,0.0,0.0,,0,0.5161290322580645
3,J04,Pre,332,206,73,53,20240831,2024-08-31,Victoria,J03,0.0,0.0,0.0,,0,0.6204819277108434
3,J04,Post,145,81,26,38,20240831,2024-08-31,Victoria,J03,0.0,0.0,0.0,,0,0.5586206896551724
3,J05,Pre,238,135,49,54,20240831,2024-08-31,Victoria,J03,0.0,0.0,77.0,6.04,1,0.5672268907563025
3,J05,Post,542,339,73,130,20240831,2024-08-31,Victoria,J03,0.0,0.0,77.0,6.04,1,0.6254612546125461
3,J06,Pre,117,62,25,30,20240831,2024-08-31,Victoria,J03,0.0,0.0,88.0,7.13,1,0.5299145299145299
3,J06,Post,424,336,40,48,20240831,2024-08-31,Victoria,J03,0.0,0.0,88.0,7.13,1,0.7924528301886793
3,J07,Pre,82,53,13,16,20240831,2024-08-31,Victoria,J03,0.0,0.0,5.0,6.84,1,0.6463414634146342
3,J07,Post,535,320,120,95,20240831,2024-08-31,Victoria,J03,0.0,0.0,5.0,6.84,1,0.5981308411214953
3,J08,Pre,114,72,15,27,20240831,2024-08-31,Victoria,J03,0.0,0.0,0.0,,0,0.631578947368421
3,J08,Post,0,0,0,0,20240831,2024-08-31,Victoria,J03,0.0,0.0,0.0,,0,
3,J09,Pre,243,152,49,42,20240831,2024-08-31,Victoria,J03,0.0,0.0,74.0,6.38,1,0.6255144032921811
3,J09,Post,505,369,67,69,20240831,2024-08-31,Victoria,J03,0.0,0.0,74.0,6.38,1,0.7306930693069307
3,J10,Pre,108,65,14,29,20240831,2024-08-31,Victoria,J03,0.0,0.0,86.0,6.64,1,0.6018518518518519
3,J10,Post,273,176,36,61,20240831,2024-08-31,Victoria,J03,0.0,0.0,86.0,6.64,1,0.6446886446886447
3,J11,Pre,238,138,37,63,20240831,2024-08-31,Victoria,J03,0.0,0.0,77.0,5.54,1,0.5798319327731093
3,J11,Post,403,234,87,82,20240831,2024-08-31,Victoria,J03,0.0,0.0,77.0,5.54,1,0.5806451612903226
3,J12,Pre,131,76,25,30,20240831,2024-08-31,Victoria,J03,0.0,0.0,0.0,,0,0.5801526717557252
3,J12,Post,93,45,20,28,20240831,2024-08-31,Victoria,J03,0.0,0.0,0.0,,0,0.4838709677419355
3,J13,Pre,273,150,71,52,20240831,2024-08-31,Victoria,J03,0.0,0.0,78.0,5.93,1,0.5494505494505495
3,J13,Post,493,316,67,110,20240831,2024-08-31,Victoria,J03,0.0,0.0,78.0,5.93,1,0.640973630831643
3,J14,Pre,54,32,12,10,20240831,2024-08-31,Victoria,J03,0.0,0.0,26.0,6.38,1,0.5925925925925926
3,J14,Post,128,87,21,20,20240831,2024-08-31,Victoria,J03,0.0,0.0,26.0,6.38,1,0.6796875
3,J15,Pre,73,43,16,14,20240831,2024-08-31,Victoria,J03,0.0,0.0,89.0,5.95,1,0.589041095890411
3,J15,Post,160,102,25,33,20240831,2024-08-31,Victoria,J03,0.0,0.0,89.0,5.95,1,0.6375
3,J16,Pre,87,48,16,23,20240831,2024-08-31,Victoria,J03,0.0,0.0,0.0,,0,0.5517241379310345
3,J16,Post,49,23,13,13,20240831,2024-08-31,Victoria,J03,0.0,0.0,0.0,,0,0.46938775510204084
3,J17,Pre,198,122,41,35,20240831,2024-08-31,Victoria,J03,0.0,0.0,0.0,,0,0.6161616161616161
3,J17,Post,65,32,19,14,20240831,2024-08-31,Victoria,J03,0.0,0.0,0.0,,0,0.49230769230769234
3,J18,Pre,392,226,77,89,20240831,2024-08-31,Victoria,J03,0.0,0.0,26.0,6.2,1,0.576530612244898
3,J18,Post,739,433,144,162,20240831,2024-08-31,Victoria,J03,0.0,0.0,26.0,6.2,1,0.5859269282814614
3,J19,Pre,166,74,45,47,20240831,2024-08-31,Victoria,J03,0.0,0.0,0.0,,0,0.4457831325301205
3,J19,Post,30,13,8,9,20240831,2024-08-31,Victoria,J03,0.0,0.0,0.0,,0,0.43333333333333335
3,J20,Pre,243,134,45,64,20240831,2024-08-31,Victoria,J03,0.0,0.0,0.0,,0,0.551440329218107
3,J20,Post,53,25,16,12,20240831,2024-08-31,Victoria,J03,0.0,0.0,0.0,,0,0.4716981132075472
3,J21,Pre,409,240,100,69,20240831,2024-08-31,Victoria,J03,0.0,0.0,13.0,6.46,1,0.58679706601467
3,J21,Post,830,502,126,202,20240831,2024-08-31,Victoria,J03,0.0,0.0,13.0,6.46,1,0.6048192771084338
3,J22,Pre,288,161,57,70,20240831,2024-08-31,Victoria,J03,0.0,0.0,39.0,6.94,1,0.5590277777777778
3,J22,Post,791,524,114,153,20240831,2024-08-31,Victoria,J03,0.0,0.0,39.0,6.94,1,0.6624525916561315
3,J23,Pre,281,125,86,70,20240831,2024-08-31,Victoria,J03,1.0,0.0,90.0,6.69,1,0.44483985765124556
3,J23,Post,1168,853,135,180,20240831,2024-08-31,Victoria,J03,1.0,0.0,90.0,6.69,1,0.7303082191780822
3,J24,Pre,370,244,62,64,20240831,2024-08-31,Victoria,J03,0.0,0.0,66.0,6.21,1,0.6594594594594595
3,J24,Post,576,375,102,99,20240831,2024-08-31,Victoria,J03,0.0,0.0,66.0,6.21,1,0.6510416666666666
3,J25,Pre,223,133,53,37,20240831,2024-08-31,Victoria,J03,0.0,0.0,90.0,6.88,1,0.5964125560538116
3,J25,Post,685,491,69,125,20240831,2024-08-31,Victoria,J03,0.0,0.0,90.0,6.88,1,0.7167883211678832
4,J01,Pre,103,47,28,28,20240907,2024-09-07,Derrota,J04,0.0,0.0,90.0,5.6,1,0.4563106796116505
4,J01,Post,116,31,37,48,20240907,2024-09-07,Derrota,J04,0.0,0.0,90.0,5.6,1,0.2672413793103448
4,J02,Pre,168,88,35,45,20240907,2024-09-07,Derrota,J04,0.0,0.0,8.0,5.54,1,0.5238095238095238
4,J02,Post,262,77,105,80,20240907,2024-09-07,Derrota,J04,0.0,0.0,8.0,5.54,1,0.29389312977099236
4,J03,Pre,179,108,27,44,20240907,2024-09-07,Derrota,J04,0.0,0.0,84.0,5.8,1,0.6033519553072626
4,J03,Post,333,104,94,135,20240907,2024-09-07,Derrota,J04,0.0,0.0,84.0,5.8,1,0.3123123123123123
4,J04,Pre,296,154,68,74,20240907,2024-09-07,Derrota,J04,0.0,0.0,76.0,5.95,1,0.5202702702702703
4,J04,Post,458,157,155,146,20240907,2024-09-07,Derrota,J04,0.0,0.0,76.0,5.95,1,0.34279475982532753
4,J05,Pre,143,76,24,43,20240907,2024-09-07,Derrota,J04,0.0,0.0,85.0,5.98,1,0.5314685314685315
4,J05,Post,247,77,84,86,20240907,2024-09-07,Derrota,J04,0.0,0.0,85.0,5.98,1,0.3117408906882591
4,J06,Pre,42,20,8,14,20240907,2024-09-07,Derrota,J04,0.0,0.0,73.0,4.88,1,0.47619047619047616
4,J06,Post,176,34,71,71,20240907,2024-09-07,Derrota,J04,0.0,0.0,73.0,4.88,1,0.19318181818181818
4,J07,Pre,225,128,48,49,20240907,2024-09-07,Derrota,J04,0.0,0.0,77.0,5.44,1,0.5688888888888889
4,J07,Post,291,69,84,138,20240907,2024-09-07,Derrota,J04,0.0,0.0,77.0,5.44,1,0.23711340206185566
4,J08,Pre,90,49,22,19,20240907,2024-09-07,Derrota,J04,0.0,0.0,3.0,5.75,1,0.5444444444444444
4,J08,Post,132,37,52,43,20240907,2024-09-07,Derrota,J04,0.0,0.0,3.0,5.75,1,0.2803030303030303
4,J09,Pre,150,71,32,47,20240907,2024-09-07,Derrota,J04,0.0,0.0,0.0,,0,0.47333333333333333
4,J09,Post,67,27,15,25,20240907,2024-09-07,Derrota,J04,0.0,0.0,0.0,,0,0.40298507462686567
4,J10,Pre,127,62,28,37,20240907,2024-09-07,Derrota,J04,0.0,0.0,0.0,,0,0.4881889763779528
4,J10,Post,65,35,12,18,20240907,2024-09-07,Derrota,J04,0.0,0.0,0.0,,0,0.5384615384615384
4,J11,Pre,229,107,45,77,20240907,2024-09-07,Derrota,J04,0.0,0.0,26.0,5.78,1,0.4672489082969432
4,J11,Post,213,68,75,70,20240907,2024-09-07,Derrota,J04,0.0,0.0,26.0,5.78,1,0.3192488262910798
4,J12,Pre,147,75,41,31,20240907,2024-09-07,Derrota,J04,0.0,0.0,0.0,,0,0.5102040816326531
4,J12,Post,19,9,4,6,20240907,2024-09-07,Derrota,J04,0.0,0.0,0.0,,0,0.47368421052631576
4,J13,Pre,111,51,22,38,20240907,2024-09-07,Derrota,J04,0.0,0.0,84.0,6.01,1,0.4594594594594595
4,J13,Post,283,95,90,98,20240907,2024-09-07,Derrota,J04,0.0,0.0,84.0,6.01,1,0.33568904593639576
4,J14,Pre,78,39,18,21,20240907,2024-09-07,Derrota,J04,0.0,0.0,0.0,,0,0.5
4,J14,Post,25,13,4,8,20240907,2024-09-07,Derrota,J04,0.0,0.0,0.0,,0,0.52
4,J15,Pre,65,36,16,13,20240907,2024-09-07,Derrota,J04,0.0,0.0,90.0,6.98,1,0.5538461538461539
4,J15,Post,133,54,43,36,20240907,2024-09-07,Derrota,J04,0.0,0.0,90.0,6.98,1,0.40601503759398494
4,J16,Pre,99,51,24,24,20240907,2024-09-07,Derrota,J04,0.0,0.0,45.0,5.07,1,0.5151515151515151
4,J16,Post,142,41,59,42,20240907,2024-09-07,Derrota,J04,0.0,0.0,45.0,5.07,1,0.2887323943661972
4,J17,Pre,134,69,35,30,20240907,2024-09-07,Derrota,J04,0.0,1.0,82.0,7.02,1,0.5149253731343284
4,J17,Post,451,193,144,114,20240907,2024-09-07,Derrota,J04,0.0,1.0,82.0,7.02,1,0.4279379157427938
4,J18,Pre,261,144,41,76,20240907,2024-09-07,Derrota,J04,0.0,0.0,60.0,7.34,1,0.5517241379310345
4,J18,Post,712,298,236,178,20240907,2024-09-07,Derrota,J04,0.0,0.0,60.0,7.34,1,0.41853932584269665
4,J19,Pre,134,69,23,42,20240907,2024-09-07,Derrota,J04,0.0,0.0,0.0,,0,0.5149253731343284
4,J19,Post,27,12,7,8,20240907,2024-09-07,Derrota,J04,0.0,0.0,0.0,,0,0.4444444444444444
4,J20,Pre,255,127,44,84,20240907,2024-09-07,Derrota,J04,0.0,0.0,23.0,6.58,1,0.4980392156862745
4,J20,Post,481,135,149,197,20240907,2024-09-07,Derrota,J04,0.0,0.0,23.0,6.58,1,0.2806652806652807
4,J21,Pre,306,155,64,87,20240907,2024-09-07,Derrota,J04,0.0,0.0,0.0,,0,0.5065359477124183
4,J21,Post,62,33,13,16,20240907,2024-09-07,Derrota,J04,0.0,0.0,0.0,,0,0.532258064516129
4,J22,Pre,223,102,50,71,20240907,2024-09-07,Derrota,J04,0.0,0.0,0.0,,0,0.45739910313901344
4,J22,Post,111,54,33,24,20240907,2024-09-07,Derrota,J04,0.0,0.0,0.0,,0,0.4864864864864865
4,J23,Pre,232,116,61,55,20240907,2024-09-07,Derrota,J04,0.0,0.0,0.0,,0,0.5
4,J23,Post,22,12,4,6,20240907,2024-09-07,Derrota,J04,0.0,0.0,0.0,,0,0.5454545454545454
4,J24,Pre,344,194,70,80,20240907,2024-09-07,Derrota,J04,0.0,0.0,90.0,6.14,1,0.563953488372093
4,J24,Post,418,110,141,167,20240907,2024-09-07,Derrota,J04,0.0,0.0,90.0,6.14,1,0.2631578947368421
4,J25,Pre,199,97,57,45,20240907,2024-09-07,Derrota,J04,0.0,0.0,0.0,,0,0.48743718592964824
4,J25,Post,34,18,6,10,20240907,2024-09-07,Derrota,J04,0.0,0.0,0.0,,0,0.5294117647058824
5,J01,Pre,95,50,19,26,20240914,2024-09-14,Derrota,J05,0.0,0.0,0.0,,0,0.5263157894736842
5,J01,Post,0,0,0,0,20240914,2024-09-14,Derrota,J05,0.0,0.0,0.0,,0,
5,J02,Pre,184,83,52,49,20240914,2024-09-14,Derrota,J05,0.0,0.0,25.0,6.19,1,0.45108695652173914
5,J02,Post,325,106,119,100,20240914,2024-09-14,Derrota,J05,0.0,0.0,25.0,6.19,1,0.3261538461538461
5,J03,Pre,113,58,24,31,20240914,2024-09-14,Derrota,J05,0.0,0.0,0.0,,0,0.5132743362831859
5,J03,Post,1,0,0,1,20240914,2024-09-14,Derrota,J05,0.0,0.0,0.0,,0,0.0
5,J04,Pre,185,84,51,50,20240914,2024-09-14,Derrota,J05,0.0,0.0,0.0,,0,0.4540540540540541
5,J04,Post,121,52,29,40,20240914,2024-09-14,Derrota,J05,0.0,0.0,0.0,,0,0.4297520661157025
5,J05,Pre,188,83,53,52,20240914,2024-09-14,Derrota,J05,0.0,0.0,0.0,,0,0.44148936170212766
5,J05,Post,53,28,13,12,20240914,2024-09-14,Derrota,J05,0.0,0.0,0.0,,0,0.5283018867924528
5,J06,Pre,109,39,40,30,20240914,2024-09-14,Derrota,J05,0.0,0.0,0.0,,0,0.3577981651376147
5,J06,Post,57,28,14,15,20240914,2024-09-14,Derrota,J05,0.0,0.0,0.0,,0,0.49122807017543857
5,J07,Pre,104,54,26,24,20240914,2024-09-14,Derrota,J05,0.0,0.0,90.0,5.17,1,0.5192307692307693
5,J07,Post,300,45,115,140,20240914,2024-09-14,Derrota,J05,0.0,0.0,90.0,5.17,1,0.15
5,J08,Pre,74,30,20,24,20240914,2024-09-14,Derrota,J05,0.0,0.0,74.0,4.97,1,0.40540540540540543
5,J08,Post,127,40,30,57,20240914,2024-09-14,Derrota,J05,0.0,0.0,74.0,4.97,1,0.31496062992125984
5,J09,Pre,148,76,41,31,20240914,2024-09-14,Derrota,J05,0.0,0.0,0.0,,0,0.5135135135135135
5,J09,Post,17,8,3,6,20240914,2024-09-14,Derrota,J05,0.0,0.0,0.0,,0,0.47058823529411764
5,J10,Pre,50,24,9,17,20240914,2024-09-14,Derrota,J05,0.0,0.0,76.0,6.01,1,0.48
5,J10,Post,162,63,50,49,20240914,2024-09-14,Derrota,J05,0.0,0.0,76.0,6.01,1,0.3888888888888889
5,J11,Pre,173,54,67,52,20240914,2024-09-14,Derrota,J05,1.0,0.0,78.0,6.97,1,0.31213872832369943
5,J11,Post,697,323,135,239,20240914,2024-09-14,Derrota,J05,1.0,0.0,78.0,6.97,1,0.4634146341463415
5,J12,Pre,144,60,32,52,20240914,2024-09-14,Derrota,J05,0.0,0.0,85.0,4.69,1,0.4166666666666667
5,J12,Post,183,40,70,73,20240914,2024-09-14,Derrota,J05,0.0,0.0,85.0,4.69,1,0.2185792349726776
5,J13,Pre,170,74,38,58,20240914,2024-09-14,Derrota,J05,0.0,0.0,38.0,6.65,1,0.43529411764705883
5,J13,Post,480,194,140,146,20240914,2024-09-14,Derrota,J05,0.0,0.0,38.0,6.65,1,0.4041666666666667
5,J14,Pre,13,5,2,6,20240914,2024-09-14,Derrota,J05,0.0,0.0,0.0,,0,0.38461538461538464
5,J14,Post,38,18,9,11,20240914,2024-09-14,Derrota,J05,0.0,0.0,0.0,,0,0.47368421052631576
5,J15,Pre,46,23,8,15,20240914,2024-09-14,Derrota,J05,0.0,0.0,90.0,5.9,1,0.5
5,J15,Post,127,37,50,40,20240914,2024-09-14,Derrota,J05,0.0,0.0,90.0,5.9,1,0.29133858267716534
5,J16,Pre,94,36,30,28,20240914,2024-09-14,Derrota,J05,0.0,0.0,11.0,6.64,1,0.3829787234042553
5,J16,Post,209,75,66,68,20240914,2024-09-14,Derrota,J05,0.0,0.0,11.0,6.64,1,0.3588516746411483
5,J17,Pre,143,57,49,37,20240914,2024-09-14,Derrota,J05,0.0,0.0,90.0,5.89,1,0.3986013986013986
5,J17,Post,233,58,65,110,20240914,2024-09-14,Derrota,J05,0.0,0.0,90.0,5.89,1,0.24892703862660945
5,J18,Pre,258,109,67,82,20240914,2024-09-14,Derrota,J05,0.0,0.0,88.0,6.28,1,0.42248062015503873
5,J18,Post,579,172,153,254,20240914,2024-09-14,Derrota,J05,0.0,0.0,88.0,6.28,1,0.2970639032815199
5,J19,Pre,2,0,0,2,20240914,2024-09-14,Derrota,J05,0.0,0.0,90.0,5.2,1,0.0
5,J19,Post,276,50,102,124,20240914,2024-09-14,Derrota,J05,0.0,0.0,90.0,5.2,1,0.18115942028985507
5,J20,Pre,192,92,41,59,20240914,2024-09-14,Derrota,J05,0.0,0.0,67.0,6.25,1,0.4791666666666667
5,J20,Post,352,88,115,149,20240914,2024-09-14,Derrota,J05,0.0,0.0,67.0,6.25,1,0.25
5,J21,Pre,293,125,62,106,20240914,2024-09-14,Derrota,J05,0.0,0.0,39.0,5.85,1,0.42662116040955633
5,J21,Post,562,127,175,260,20240914,2024-09-14,Derrota,J05,0.0,0.0,39.0,5.85,1,0.22597864768683273
5,J22,Pre,159,69,40,50,20240914,2024-09-14,Derrota,J05,0.0,0.0,0.0,,0,0.4339622641509434
5,J22,Post,64,27,18,19,20240914,2024-09-14,Derrota,J05,0.0,0.0,0.0,,0,0.421875
5,J23,Pre,163,81,45,37,20240914,2024-09-14,Derrota,J05,0.0,0.0,0.0,,0,0.49693251533742333
5,J23,Post,188,92,44,52,20240914,2024-09-14,Derrota,J05,0.0,0.0,0.0,,0,0.48936170212765956
5,J24,Pre,229,112,57,60,20240914,2024-09-14,Derrota,J05,0.0,0.0,88.0,5.36,1,0.4890829694323144
5,J24,Post,291,71,128,92,20240914,2024-09-14,Derrota,J05,0.0,0.0,88.0,5.36,1,0.24398625429553264
5,J25,Pre,114,55,21,38,20240914,2024-09-14,Derrota,J05,0.0,0.0,23.0,5.41,1,0.4824561403508772
5,J25,Post,276,61,127,88,20240914,2024-09-14,Derrota,J05,0.0,0.0,23.0,5.41,1,0.2210144927536232
6,J01,Pre,79,39,16,24,20240928,2024-09-28,Empate,J06,0.0,0.0,17.0,5.12,1,0.4936708860759494
6,J01,Post,59,27,11,21,20240928,2024-09-28,Empate,J06,0.0,0.0,17.0,5.12,1,0.4576271186440678
6,J02,Pre,219,109,54,56,20240928,2024-09-28,Empate,J06,0.0,0.0,0.0,,0,0.4977168949771689
6,J02,Post,119,52,25,42,20240928,2024-09-28,Empate,J06,0.0,0.0,0.0,,0,0.4369747899159664
6,J03,Pre,141,70,24,47,20240928,2024-09-28,Empate,J06,0.0,0.0,74.0,5.77,1,0.49645390070921985
6,J03,Post,365,212,53,100,20240928,2024-09-28,Empate,J06,0.0,0.0,74.0,5.77,1,0.5808219178082191
6,J04,Pre,205,111,40,54,20240928,2024-09-28,Empate,J06,0.0,0.0,88.0,6.48,1,0.5414634146341464
6,J04,Post,501,234,107,160,20240928,2024-09-28,Empate,J06,0.0,0.0,88.0,6.48,1,0.46706586826347307
6,J05,Pre,164,81,46,37,20240928,2024-09-28,Empate,J06,0.0,0.0,90.0,6.25,1,0.49390243902439024
6,J05,Post,435,204,116,115,20240928,2024-09-28,Empate,J06,0.0,0.0,90.0,6.25,1,0.4689655172413793
6,J06,Pre,121,63,31,27,20240928,2024-09-28,Empate,J06,0.0,0.0,0.0,,0,0.5206611570247934
6,J06,Post,47,19,12,16,20240928,2024-09-28,Empate,J06,0.0,0.0,0.0,,0,0.40425531914893614
6,J07,Pre,144,82,31,31,20240928,2024-09-28,Empate,J06,0.0,0.0,0.0,,0,0.5694444444444444
6,J07,Post,64,35,11,18,20240928,2024-09-28,Empate,J06,0.0,0.0,0.0,,0,0.546875
6,J08,Pre,108,49,21,38,20240928,2024-09-28,Empate,J06,0.0,1.0,90.0,6.57,1,0.4537037037037037
6,J08,Post,247,140,49,58,20240928,2024-09-28,Empate,J06,0.0,1.0,90.0,6.57,1,0.5668016194331984
6,J09,Pre,192,98,49,45,20240928,2024-09-28,Empate,J06,0.0,0.0,0.0,,0,0.5104166666666666
6,J09,Post,12,5,2,5,20240928,2024-09-28,Empate,J06,0.0,0.0,0.0,,0,0.4166666666666667
6,J10,Pre,96,45,25,26,20240928,2024-09-28,Empate,J06,0.0,0.0,39.0,5.62,1,0.46875
6,J10,Post,160,68,34,58,20240928,2024-09-28,Empate,J06,0.0,0.0,39.0,5.62,1,0.425
6,J11,Pre,202,101,52,49,20240928,2024-09-28,Empate,J06,0.0,0.0,0.0,,0,0.5
6,J11,Post,1,0,0,1,20240928,2024-09-28,Empate,J06,0.0,0.0,0.0,,0,0.0
6,J12,Pre,156,69,36,51,20240928,2024-09-28,Empate,J06,1.0,0.0,75.0,6.39,1,0.4423076923076923
6,J12,Post,637,411,91,135,20240928,2024-09-28,Empate,J06,1.0,0.0,75.0,6.39,1,0.6452119309262166
6,J13,Pre,222,105,68,49,20240928,2024-09-28,Empate,J06,0.0,0.0,82.0,5.82,1,0.47297297297297297
6,J13,Post,373,179,92,102,20240928,2024-09-28,Empate,J06,0.0,0.0,82.0,5.82,1,0.47989276139410186
6,J14,Pre,47,29,9,9,20240928,2024-09-28,Empate,J06,0.0,0.0,90.0,6.09,1,0.6170212765957447
6,J14,Post,106,47,30,29,20240928,2024-09-28,Empate,J06,0.0,0.0,90.0,6.09,1,0.44339622641509435
6,J15,Pre,80,39,15,26,20240928,2024-09-28,Empate,J06,0.0,0.0,73.0,6.18,1,0.4875
6,J15,Post,150,85,30,35,20240928,2024-09-28,Empate,J06,0.0,0.0,73.0,6.18,1,0.5666666666666667
6,J16,Pre,109,49,26,34,20240928,2024-09-28,Empate,J06,0.0,0.0,0.0,,0,0.44954128440366975
6,J16,Post,36,15,10,11,20240928,2024-09-28,Empate,J06,0.0,0.0,0.0,,0,0.4166666666666667
6,J17,Pre,186,77,53,56,20240928,2024-09-28,Empate,J06,0.0,0.0,21.0,6.87,1,0.41397849462365593
6,J17,Post,331,156,101,74,20240928,2024-09-28,Empate,J06,0.0,0.0,21.0,6.87,1,0.47129909365558914
6,J18,Pre,276,115,67,94,20240928,2024-09-28,Empate,J06,0.0,0.0,84.0,5.78,1,0.4166666666666667
6,J18,Post,478,211,99,168,20240928,2024-09-28,Empate,J06,0.0,0.0,84.0,5.78,1,0.44142259414225943
6,J19,Pre,194,83,51,60,20240928,2024-09-28,Empate,J06,0.0,0.0,90.0,6.42,1,0.42783505154639173
6,J19,Post,384,206,89,89,20240928,2024-09-28,Empate,J06,0.0,0.0,90.0,6.42,1,0.5364583333333334
6,J20,Pre,163,88,34,41,20240928,2024-09-28,Empate,J06,0.0,0.0,0.0,,0,0.5398773006134969
6,J20,Post,74,34,21,19,20240928,2024-09-28,Empate,J06,0.0,0.0,0.0,,0,0.4594594594594595
6,J21,Pre,281,155,60,66,20240928,2024-09-28,Empate,J06,0.0,0.0,0.0,,0,0.5516014234875445
6,J21,Post,107,50,31,26,20240928,2024-09-28,Empate,J06,0.0,0.0,0.0,,0,0.4672897196261682
6,J22,Pre,288,149,69,70,20240928,2024-09-28,Empate,J06,0.0,0.0,28.0,6.1,1,0.5173611111111112
6,J22,Post,480,218,115,147,20240928,2024-09-28,Empate,J06,0.0,0.0,28.0,6.1,1,0.45416666666666666
6,J23,Pre,285,145,58,82,20240928,2024-09-28,Empate,J06,0.0,0.0,42.0,6.02,1,0.5087719298245614
6,J23,Post,523,206,139,178,20240928,2024-09-28,Empate,J06,0.0,0.0,42.0,6.02,1,0.3938814531548757
6,J24,Pre,296,153,66,77,20240928,2024-09-28,Empate,J06,0.0,0.0,0.0,,0,0.5168918918918919
6,J24,Post,114,58,21,35,20240928,2024-09-28,Empate,J06,0.0,0.0,0.0,,0,0.5087719298245614
6,J25,Pre,180,90,49,41,20240928,2024-09-28,Empate,J06,0.0,0.0,69.0,7.23,1,0.5
6,J25,Post,477,270,112,95,20240928,2024-09-28,Empate,J06,0.0,0.0,69.0,7.23,1,0.5660377358490566
7,J01,Pre,51,25,12,14,20241005,2024-10-05,Victoria,J07,0.0,0.0,0.0,,0,0.49019607843137253
7,J01,Post,50,22,14,14,20241005,2024-10-05,Victoria,J07,0.0,0.0,0.0,,0,0.44
7,J02,Pre,141,67,42,32,20241005,2024-10-05,Victoria,J07,0.0,0.0,63.0,5.29,1,0.475177304964539
7,J02,Post,490,320,72,98,20241005,2024-10-05,Victoria,J07,0.0,0.0,63.0,5.29,1,0.6530612244897959
7,J03,Pre,198,104,52,42,20241005,2024-10-05,Victoria,J07,0.0,1.0,67.0,6.89,1,0.5252525252525253
7,J03,Post,584,447,70,67,20241005,2024-10-05,Victoria,J07,0.0,1.0,67.0,6.89,1,0.7654109589041096
7,J04,Pre,353,166,72,115,20241005,2024-10-05,Victoria,J07,1.0,0.0,81.0,7.7,1,0.4702549575070821
7,J04,Post,1249,1034,117,98,20241005,2024-10-05,Victoria,J07,1.0,0.0,81.0,7.7,1,0.8278622898318655
7,J05,Pre,168,72,51,45,20241005,2024-10-05,Victoria,J07,0.0,0.0,26.0,5.36,1,0.42857142857142855
7,J05,Post,410,253,65,92,20241005,2024-10-05,Victoria,J07,0.0,0.0,26.0,5.36,1,0.6170731707317073
7,J06,Pre,117,54,27,36,20241005,2024-10-05,Victoria,J07,0.0,0.0,0.0,,0,0.46153846153846156
7,J06,Post,27,13,6,8,20241005,2024-10-05,Victoria,J07,0.0,0.0,0.0,,0,0.48148148148148145
7,J07,Pre,196,89,58,49,20241005,2024-10-05,Victoria,J07,0.0,0.0,68.0,5.13,1,0.45408163265306123
7,J07,Post,313,173,55,85,20241005,2024-10-05,Victoria,J07,0.0,0.0,68.0,5.13,1,0.5527156549520766
7,J08,Pre,126,60,33,33,20241005,2024-10-05,Victoria,J07,0.0,0.0,90.0,6.73,1,0.47619047619047616
7,J08,Post,280,183,55,42,20241005,2024-10-05,Victoria,J07,0.0,0.0,90.0,6.73,1,0.6535714285714286
7,J09,Pre,184,89,39,56,20241005,2024-10-05,Victoria,J07,0.0,0.0,72.0,5.88,1,0.483695652173913
7,J09,Post,493,337,72,84,20241005,2024-10-05,Victoria,J07,0.0,0.0,72.0,5.88,1,0.6835699797160243
7,J10,Pre,106,48,30,28,20241005,2024-10-05,Victoria,J07,0.0,0.0,0.0,,0,0.4528301886792453
7,J10,Post,1,0,0,1,20241005,2024-10-05,Victoria,J07,0.0,0.0,0.0,,0,0.0
7,J11,Pre,162,76,41,45,20241005,2024-10-05,Victoria,J07,0.0,0.0,33.0,5.96,1,0.4691358024691358
7,J11,Post,457,308,75,74,20241005,2024-10-05,Victoria,J07,0.0,0.0,33.0,5.96,1,0.6739606126914661
7,J12,Pre,201,102,50,49,20241005,2024-10-05,Victoria,J07,0.0,0.0,0.0,,0,0.5074626865671642
7,J12,Post,97,44,19,34,20241005,2024-10-05,Victoria,J07,0.0,0.0,0.0,,0,0.4536082474226804
7,J13,Pre,239,120,45,74,20241005,2024-10-05,Victoria,J07,0.0,0.0,0.0,,0,0.502092050209205
7,J13,Post,68,36,18,14,20241005,2024-10-05,Victoria,J07,0.0,0.0,0.0,,0,0.5294117647058824
7,J14,Pre,56,27,12,17,20241005,2024-10-05,Victoria,J07,0.0,0.0,0.0,,0,0.48214285714285715
7,J14,Post,6,2,1,3,20241005,2024-10-05,Victoria,J07,0.0,0.0,0.0,,0,0.3333333333333333
7,J15,Pre,74,39,13,22,20241005,2024-10-05,Victoria,J07,0.0,0.0,45.0,4.7,1,0.527027027027027
7,J15,Post,138,76,30,32,20241005,2024-10-05,Victoria,J07,0.0,0.0,45.0,4.7,1,0.5507246376811594
7,J16,Pre,108,55,28,25,20241005,2024-10-05,Victoria,J07,0.0,0.0,77.0,6.42,1,0.5092592592592593
7,J16,Post,256,161,54,41,20241005,2024-10-05,Victoria,J07,0.0,0.0,77.0,6.42,1,0.62890625
7,J17,Pre,177,89,40,48,20241005,2024-10-05,Victoria,J07,0.0,0.0,71.0,5.62,1,0.5028248587570622
7,J17,Post,369,217,72,80,20241005,2024-10-05,Victoria,J07,0.0,0.0,71.0,5.62,1,0.5880758807588076
7,J18,Pre,303,160,52,91,20241005,2024-10-05,Victoria,J07,0.0,0.0,0.0,,0,0.528052805280528
7,J18,Post,100,52,18,30,20241005,2024-10-05,Victoria,J07,0.0,0.0,0.0,,0,0.52
7,J19,Pre,146,63,49,34,20241005,2024-10-05,Victoria,J07,0.0,0.0,0.0,,0,0.4315068493150685
7,J19,Post,7,3,1,3,20241005,2024-10-05,Victoria,J07,0.0,0.0,0.0,,0,0.42857142857142855
7,J20,Pre,169,81,43,45,20241005,2024-10-05,Victoria,J07,0.0,0.0,75.0,5.9,1,0.47928994082840237
7,J20,Post,481,303,91,87,20241005,2024-10-05,Victoria,J07,0.0,0.0,75.0,5.9,1,0.6299376299376299
7,J21,Pre,261,136,66,59,20241005,2024-10-05,Victoria,J07,1.0,0.0,33.0,7.35,1,0.5210727969348659
7,J21,Post,1291,1095,83,113,20241005,2024-10-05,Victoria,J07,1.0,0.0,33.0,7.35,1,0.8481797056545314
7,J22,Pre,303,162,68,73,20241005,2024-10-05,Victoria,J07,0.0,0.0,90.0,6.32,1,0.5346534653465347
7,J22,Post,720,541,106,73,20241005,2024-10-05,Victoria,J07,0.0,0.0,90.0,6.32,1,0.7513888888888889
7,J23,Pre,272,137,62,73,20241005,2024-10-05,Victoria,J07,0.0,0.0,90.0,5.67,1,0.5036764705882353
7,J23,Post,754,464,171,119,20241005,2024-10-05,Victoria,J07,0.0,0.0,90.0,5.67,1,0.6153846153846154
7,J24,Pre,307,134,94,79,20241005,2024-10-05,Victoria,J07,0.0,0.0,22.0,6.85,1,0.4364820846905538
7,J24,Post,850,613,90,147,20241005,2024-10-05,Victoria,J07,0.0,0.0,22.0,6.85,1,0.7211764705882353
7,J25,Pre,186,92,47,47,20241005,2024-10-05,Victoria,J07,0.0,0.0,0.0,,0,0.4946236559139785
7,J25,Post,19,9,5,5,20241005,2024-10-05,Victoria,J07,0.0,0.0,0.0,,0,0.47368421052631576
8,J01,Pre,59,31,12,16,20241012,2024-10-12,Derrota,J08,0.0,0.0,0.0,,0,0.5254237288135594
8,J01,Post,24,11,6,7,20241012,2024-10-12,Derrota,J08,0.0,0.0,0.0,,0,0.4583333333333333
8,J02,Pre,162,72,37,53,20241012,2024-10-12,Derrota,J08,0.0,0.0,90.0,6.88,1,0.4444444444444444
8,J02,Post,508,180,156,172,20241012,2024-10-12,Derrota,J08,0.0,0.0,90.0,6.88,1,0.3543307086614173
8,J03,Pre,56,27,10,19,20241012,2024-10-12,Derrota,J08,0.0,0.0,85.0,5.47,1,0.48214285714285715
8,J03,Post,218,61,73,84,20241012,2024-10-12,Derrota,J08,0.0,0.0,85.0,5.47,1,0.2798165137614679
8,J04,Pre,344,171,102,71,20241012,2024-10-12,Derrota,J08,0.0,0.0,9.0,5.46,1,0.49709302325581395
8,J04,Post,376,69,167,140,20241012,2024-10-12,Derrota,J08,0.0,0.0,9.0,5.46,1,0.18351063829787234
8,J05,Pre,175,61,66,48,20241012,2024-10-12,Derrota,J08,0.0,0.0,90.0,7.12,1,0.3485714285714286
8,J05,Post,481,143,181,157,20241012,2024-10-12,Derrota,J08,0.0,0.0,90.0,7.12,1,0.2972972972972973
8,J06,Pre,68,34,18,16,20241012,2024-10-12,Derrota,J08,0.0,0.0,89.0,5.62,1,0.5
8,J06,Post,239,46,95,98,20241012,2024-10-12,Derrota,J08,0.0,0.0,89.0,5.62,1,0.19246861924686193
8,J07,Pre,93,48,22,23,20241012,2024-10-12,Derrota,J08,0.0,0.0,81.0,5.93,1,0.5161290322580645
8,J07,Post,278,72,93,113,20241012,2024-10-12,Derrota,J08,0.0,0.0,81.0,5.93,1,0.2589928057553957
8,J08,Pre,98,48,18,32,20241012,2024-10-12,Derrota,J08,0.0,0.0,0.0,,0,0.4897959183673469
8,J08,Post,0,0,0,0,20241012,2024-10-12,Derrota,J08,0.0,0.0,0.0,,0,
8,J09,Pre,140,60,40,40,20241012,2024-10-12,Derrota,J08,0.0,0.0,0.0,,0,0.42857142857142855
8,J09,Post,52,25,12,15,20241012,2024-10-12,Derrota,J08,0.0,0.0,0.0,,0,0.4807692307692308
8,J10,Pre,94,54,18,22,20241012,2024-10-12,Derrota,J08,0.0,0.0,20.0,5.35,1,0.574468085106383
8,J10,Post,121,36,36,49,20241012,2024-10-12,Derrota,J08,0.0,0.0,20.0,5.35,1,0.2975206611570248
8,J11,Pre,146,72,36,38,20241012,2024-10-12,Derrota,J08,0.0,0.0,18.0,5.68,1,0.4931506849315068
8,J11,Post,349,79,142,128,20241012,2024-10-12,Derrota,J08,0.0,0.0,18.0,5.68,1,0.22636103151862463
8,J12,Pre,237,114,61,62,20241012,2024-10-12,Derrota,J08,0.0,0.0,0.0,,0,0.4810126582278481
8,J12,Post,65,26,20,19,20241012,2024-10-12,Derrota,J08,0.0,0.0,0.0,,0,0.4
8,J13,Pre,200,86,40,74,20241012,2024-10-12,Derrota,J08,0.0,0.0,0.0,,0,0.43
8,J13,Post,61,35,15,11,20241012,2024-10-12,Derrota,J08,0.0,0.0,0.0,,0,0.5737704918032787
8,J14,Pre,37,19,6,12,20241012,2024-10-12,Derrota,J08,0.0,1.0,45.0,7.14,1,0.5135135135135135
8,J14,Post,152,57,45,50,20241012,2024-10-12,Derrota,J08,0.0,1.0,45.0,7.14,1,0.375
8,J15,Pre,77,36,14,27,20241012,2024-10-12,Derrota,J08,0.0,0.0,90.0,4.99,1,0.4675324675324675
8,J15,Post,107,28,46,33,20241012,2024-10-12,Derrota,J08,0.0,0.0,90.0,4.99,1,0.2616822429906542
8,J16,Pre,69,33,17,19,20241012,2024-10-12,Derrota,J08,0.0,0.0,73.0,5.4,1,0.4782608695652174
8,J16,Post,187,50,58,79,20241012,2024-10-12,Derrota,J08,0.0,0.0,73.0,5.4,1,0.26737967914438504
8,J17,Pre,166,68,34,64,20241012,2024-10-12,Derrota,J08,0.0,0.0,90.0,6.36,1,0.40963855421686746
8,J17,Post,306,65,133,108,20241012,2024-10-12,Derrota,J08,0.0,0.0,90.0,6.36,1,0.21241830065359477
8,J18,Pre,262,126,54,82,20241012,2024-10-12,Derrota,J08,0.0,1.0,29.0,6.52,1,0.48091603053435117
8,J18,Post,846,346,264,236,20241012,2024-10-12,Derrota,J08,0.0,1.0,29.0,6.52,1,0.408983451536643
8,J19,Pre,171,93,35,43,20241012,2024-10-12,Derrota,J08,0.0,0.0,0.0,,0,0.543859649122807
8,J19,Post,89,40,20,29,20241012,2024-10-12,Derrota,J08,0.0,0.0,0.0,,0,0.449438202247191
8,J20,Pre,150,63,46,41,20241012,2024-10-12,Derrota,J08,0.0,0.0,0.0,,0,0.42
8,J20,Post,0,0,0,0,20241012,2024-10-12,Derrota,J08,0.0,0.0,0.0,,0,
8,J21,Pre,329,134,78,117,20241012,2024-10-12,Derrota,J08,0.0,0.0,90.0,6.47,1,0.4072948328267477
8,J21,Post,462,165,151,146,20241012,2024-10-12,Derrota,J08,0.0,0.0,90.0,6.47,1,0.35714285714285715
8,J22,Pre,171,86,33,52,20241012,2024-10-12,Derrota,J08,0.0,0.0,90.0,6.88,1,0.5029239766081871
8,J22,Post,680,249,200,231,20241012,2024-10-12,Derrota,J08,0.0,0.0,90.0,6.88,1,0.36617647058823527
8,J23,Pre,308,146,87,75,20241012,2024-10-12,Derrota,J08,0.0,0.0,90.0,6.6,1,0.474025974025974
8,J23,Post,606,218,201,187,20241012,2024-10-12,Derrota,J08,0.0,0.0,90.0,6.6,1,0.35973597359735976
8,J24,Pre,188,92,38,58,20241012,2024-10-12,Derrota,J08,0.0,0.0,0.0,,0,0.48936170212765956
8,J24,Post,79,42,12,25,20241012,2024-10-12,Derrota,J08,0.0,0.0,0.0,,0,0.5316455696202531
8,J25,Pre,194,87,44,63,20241012,2024-10-12,Derrota,J08,0.0,0.0,0.0,,0,0.4484536082474227
8,J25,Post,65,27,16,22,20241012,2024-10-12,Derrota,J08,0.0,0.0,0.0,,0,0.4153846153846154
9,J01,Pre,63,28,14,21,20241019,2024-10-19,Victoria,J09,0.0,0.0,69.0,5.08,1,0.4444444444444444
9,J01,Post,154,84,31,39,20241019,2024-10-19,Victoria,J09,0.0,0.0,69.0,5.08,1,0.5454545454545454
9,J02,Pre,185,95,43,47,20241019,2024-10-19,Victoria,J09,0.0,0.0,70.0,5.27,1,0.5135135135135135
9,J02,Post,497,288,124,85,20241019,2024-10-19,Victoria,J09,0.0,0.0,70.0,5.27,1,0.579476861167002
9,J03,Pre,107,47,34,26,20241019,2024-10-19,Victoria,J09,0.0,0.0,85.0,6.02,1,0.4392523364485981
9,J03,Post,348,233,57,58,20241019,2024-10-19,Victoria,J09,0.0,0.0,85.0,6.02,1,0.6695402298850575
9,J04,Pre,197,91,45,61,20241019,2024-10-19,Victoria,J09,0.0,1.0,72.0,6.9,1,0.4619289340101523
9,J04,Post,893,604,141,148,20241019,2024-10-19,Victoria,J09,0.0,1.0,72.0,6.9,1,0.6763717805151176
9,J05,Pre,150,58,44,48,20241019,2024-10-19,Victoria,J09,0.0,0.0,0.0,,0,0.38666666666666666
9,J05,Post,115,61,29,25,20241019,2024-10-19,Victoria,J09,0.0,0.0,0.0,,0,0.5304347826086957
9,J06,Pre,111,48,24,39,20241019,2024-10-19,Victoria,J09,0.0,0.0,0.0,,0,0.43243243243243246
9,J06,Post,0,0,0,0,20241019,2024-10-19,Victoria,J09,0.0,0.0,0.0,,0,
9,J07,Pre,149,69,38,42,20241019,2024-10-19,Victoria,J09,0.0,0.0,73.0,5.08,1,0.46308724832214765
9,J07,Post,374,202,68,104,20241019,2024-10-19,Victoria,J09,0.0,0.0,73.0,5.08,1,0.5401069518716578
9,J08,Pre,76,31,19,26,20241019,2024-10-19,Victoria,J09,0.0,0.0,27.0,5.51,1,0.40789473684210525
9,J08,Post,206,123,42,41,20241019,2024-10-19,Victoria,J09,0.0,0.0,27.0,5.51,1,0.5970873786407767
9,J09,Pre,174,72,50,52,20241019,2024-10-19,Victoria,J09,0.0,0.0,0.0,,0,0.41379310344827586
9,J09,Post,36,17,9,10,20241019,2024-10-19,Victoria,J09,0.0,0.0,0.0,,0,0.4722222222222222
9,J10,Pre,40,19,11,10,20241019,2024-10-19,Victoria,J09,0.0,0.0,0.0,,0,0.475
9,J10,Post,13,6,3,4,20241019,2024-10-19,Victoria,J09,0.0,0.0,0.0,,0,0.46153846153846156
9,J11,Pre,173,74,51,48,20241019,2024-10-19,Victoria,J09,0.0,0.0,34.0,6.43,1,0.4277456647398844
9,J11,Post,471,329,77,65,20241019,2024-10-19,Victoria,J09,0.0,0.0,34.0,6.43,1,0.6985138004246284
9,J12,Pre,110,38,29,43,20241019,2024-10-19,Victoria,J09,0.0,0.0,65.0,6.04,1,0.34545454545454546
9,J12,Post,397,270,58,69,20241019,2024-10-19,Victoria,J09,0.0,0.0,65.0,6.04,1,0.6801007556675063
9,J13,Pre,240,114,49,77,20241019,2024-10-19,Victoria,J09,0.0,0.0,0.0,,0,0.475
9,J13,Post,18,7,3,8,20241019,2024-10-19,Victoria,J09,0.0,0.0,0.0,,0,0.3888888888888889
9,J14,Pre,35,13,9,13,20241019,2024-10-19,Victoria,J09,0.0,0.0,49.0,5.36,1,0.37142857142857144
9,J14,Post,140,98,22,20,20241019,2024-10-19,Victoria,J09,0.0,0.0,49.0,5.36,1,0.7
9,J15,Pre,85,40,21,24,20241019,2024-10-19,Victoria,J09,0.0,0.0,0.0,,0,0.47058823529411764
9,J15,Post,25,11,7,7,20241019,2024-10-19,Victoria,J09,0.0,0.0,0.0,,0,0.44
9,J16,Pre,50,22,12,16,20241019,2024-10-19,Victoria,J09,0.0,0.0,81.0,5.17,1,0.44
9,J16,Post,226,127,51,48,20241019,2024-10-19,Victoria,J09,0.0,0.0,81.0,5.17,1,0.5619469026548672
9,J17,Pre,85,39,22,24,20241019,2024-10-19,Victoria,J09,0.0,0.0,0.0,,0,0.4588235294117647
9,J17,Post,14,6,3,5,20241019,2024-10-19,Victoria,J09,0.0,0.0,0.0,,0,0.42857142857142855
9,J18,Pre,209,92,60,57,20241019,2024-10-19,Victoria,J09,0.0,0.0,85.0,5.31,1,0.44019138755980863
9,J18,Post,608,331,118,159,20241019,2024-10-19,Victoria,J09,0.0,0.0,85.0,5.31,1,0.5444078947368421
9,J19,Pre,123,69,31,23,20241019,2024-10-19,Victoria,J09,0.0,0.0,6.0,5.18,1,0.5609756097560976
9,J19,Post,367,193,93,81,20241019,2024-10-19,Victoria,J09,0.0,0.0,6.0,5.18,1,0.5258855585831063
9,J20,Pre,191,85,43,63,20241019,2024-10-19,Victoria,J09,0.0,0.0,0.0,,0,0.44502617801047123
9,J20,Post,79,41,15,23,20241019,2024-10-19,Victoria,J09,0.0,0.0,0.0,,0,0.5189873417721519
9,J21,Pre,229,109,57,63,20241019,2024-10-19,Victoria,J09,0.0,0.0,0.0,,0,0.4759825327510917
9,J21,Post,42,18,13,11,20241019,2024-10-19,Victoria,J09,0.0,0.0,0.0,,0,0.42857142857142855
9,J22,Pre,180,81,56,43,20241019,2024-10-19,Victoria,J09,0.0,1.0,90.0,5.95,1,0.45
9,J22,Post,953,653,178,122,20241019,2024-10-19,Victoria,J09,0.0,1.0,90.0,5.95,1,0.6852046169989506
9,J23,Pre,165,61,40,64,20241019,2024-10-19,Victoria,J09,1.0,0.0,44.0,6.4,1,0.3696969696969697
9,J23,Post,1221,905,149,167,20241019,2024-10-19,Victoria,J09,1.0,0.0,44.0,6.4,1,0.7411957411957412
9,J24,Pre,167,75,42,50,20241019,2024-10-19,Victoria,J09,0.0,0.0,29.0,4.88,1,0.4491017964071856
9,J24,Post,613,366,146,101,20241019,2024-10-19,Victoria,J09,0.0,0.0,29.0,4.88,1,0.5970636215334421
9,J25,Pre,230,88,63,79,20241019,2024-10-19,Victoria,J09,1.0,1.0,78.0,7.56,1,0.3826086956521739
9,J25,Post,1045,992,28,25,20241019,2024-10-19,Victoria,J09,1.0,1.0,78.0,7.56,1,0.9492822966507177
10,J01,Pre,50,19,13,18,20241026,2024-10-26,Derrota,J10,0.0,0.0,83.0,5.83,1,0.38
10,J01,Post,173,49,60,64,20241026,2024-10-26,Derrota,J10,0.0,0.0,83.0,5.83,1,0.2832369942196532
10,J02,Pre,81,30,23,28,20241026,2024-10-26,Derrota,J10,0.0,0.0,90.0,6.0,1,0.37037037037037035
10,J02,Post,315,115,92,108,20241026,2024-10-26,Derrota,J10,0.0,0.0,90.0,6.0,1,0.36507936507936506
10,J03,Pre,130,46,32,52,20241026,2024-10-26,Derrota,J10,0.0,0.0,35.0,6.07,1,0.35384615384615387
10,J03,Post,241,71,71,99,20241026,2024-10-26,Derrota,J10,0.0,0.0,35.0,6.07,1,0.2946058091286307
10,J04,Pre,88,27,24,37,20241026,2024-10-26,Derrota,J10,0.0,0.0,0.0,,0,0.3068181818181818
10,J04,Post,0,0,0,0,20241026,2024-10-26,Derrota,J10,0.0,0.0,0.0,,0,
10,J05,Pre,105,52,24,29,20241026,2024-10-26,Derrota,J10,0.0,0.0,76.0,5.21,1,0.49523809523809526
10,J05,Post,234,79,86,69,20241026,2024-10-26,Derrota,J10,0.0,0.0,76.0,5.21,1,0.33760683760683763
10,J06,Pre,83,32,24,27,20241026,2024-10-26,Derrota,J10,0.0,0.0,0.0,,0,0.3855421686746988
10,J06,Post,38,18,9,11,20241026,2024-10-26,Derrota,J10,0.0,0.0,0.0,,0,0.47368421052631576
10,J07,Pre,122,48,42,32,20241026,2024-10-26,Derrota,J10,0.0,0.0,0.0,,0,0.39344262295081966
10,J07,Post,78,43,15,20,20241026,2024-10-26,Derrota,J10,0.0,0.0,0.0,,0,0.5512820512820513
10,J08,Pre,100,40,20,40,20241026,2024-10-26,Derrota,J10,0.0,0.0,32.0,5.49,1,0.4
10,J08,Post,190,34,84,72,20241026,2024-10-26,Derrota,J10,0.0,0.0,32.0,5.49,1,0.17894736842105263
10,J09,Pre,103,36,32,35,20241026,2024-10-26,Derrota,J10,0.0,0.0,5.0,3.89,1,0.34951456310679613
10,J09,Post,116,16,56,44,20241026,2024-10-26,Derrota,J10,0.0,0.0,5.0,3.89,1,0.13793103448275862
10,J10,Pre,62,19,16,27,20241026,2024-10-26,Derrota,J10,0.0,0.0,0.0,,0,0.3064516129032258
10,J10,Post,0,0,0,0,20241026,2024-10-26,Derrota,J10,0.0,0.0,0.0,,0,
10,J11,Pre,57,22,13,22,20241026,2024-10-26,Derrota,J10,0.0,0.0,90.0,5.87,1,0.38596491228070173
10,J11,Post,358,92,130,136,20241026,2024-10-26,Derrota,J10,0.0,0.0,90.0,5.87,1,0.2569832402234637
10,J12,Pre,110,51,27,32,20241026,2024-10-26,Derrota,J10,0.0,0.0,90.0,4.64,1,0.4636363636363636
10,J12,Post,222,31,97,94,20241026,2024-10-26,Derrota,J10,0.0,0.0,90.0,4.64,1,0.13963963963963963
10,J13,Pre,144,52,49,43,20241026,2024-10-26,Derrota,J10,0.0,0.0,32.0,5.07,1,0.3611111111111111
10,J13,Post,249,61,83,105,20241026,2024-10-26,Derrota,J10,0.0,0.0,32.0,5.07,1,0.24497991967871485
10,J14,Pre,30,12,8,10,20241026,2024-10-26,Derrota,J10,0.0,0.0,89.0,4.69,1,0.4
10,J14,Post,55,6,22,27,20241026,2024-10-26,Derrota,J10,0.0,0.0,89.0,4.69,1,0.10909090909090909
10,J15,Pre,30,11,10,9,20241026,2024-10-26,Derrota,J10,0.0,0.0,0.0,,0,0.36666666666666664
10,J15,Post,31,14,5,12,20241026,2024-10-26,Derrota,J10,0.0,0.0,0.0,,0,0.45161290322580644
10,J16,Pre,127,57,35,35,20241026,2024-10-26,Derrota,J10,0.0,0.0,90.0,6.09,1,0.44881889763779526
10,J16,Post,171,64,63,44,20241026,2024-10-26,Derrota,J10,0.0,0.0,90.0,6.09,1,0.3742690058479532
10,J17,Pre,111,43,34,34,20241026,2024-10-26,Derrota,J10,0.0,0.0,90.0,5.09,1,0.38738738738738737
10,J17,Post,158,56,56,46,20241026,2024-10-26,Derrota,J10,0.0,0.0,90.0,5.09,1,0.35443037974683544
10,J18,Pre,209,72,51,86,20241026,2024-10-26,Derrota,J10,0.0,0.0,0.0,,0,0.3444976076555024
10,J18,Post,0,0,0,0,20241026,2024-10-26,Derrota,J10,0.0,0.0,0.0,,0,
10,J19,Pre,108,46,25,37,20241026,2024-10-26,Derrota,J10,0.0,0.0,71.0,4.92,1,0.42592592592592593
10,J19,Post,225,48,82,95,20241026,2024-10-26,Derrota,J10,0.0,0.0,71.0,4.92,1,0.21333333333333335
10,J20,Pre,120,56,28,36,20241026,2024-10-26,Derrota,J10,0.0,0.0,0.0,,0,0.4666666666666667
10,J20,Post,79,42,17,20,20241026,2024-10-26,Derrota,J10,0.0,0.0,0.0,,0,0.5316455696202531
10,J21,Pre,313,127,77,109,20241026,2024-10-26,Derrota,J10,0.0,0.0,0.0,,0,0.4057507987220447
10,J21,Post,37,13,10,14,20241026,2024-10-26,Derrota,J10,0.0,0.0,0.0,,0,0.35135135135135137
10,J22,Pre,320,140,100,80,20241026,2024-10-26,Derrota,J10,0.0,0.0,23.0,5.47,1,0.4375
10,J22,Post,466,124,177,165,20241026,2024-10-26,Derrota,J10,0.0,0.0,23.0,5.47,1,0.26609442060085836
10,J23,Pre,129,58,40,31,20241026,2024-10-26,Derrota,J10,1.0,0.0,79.0,5.55,1,0.4496124031007752
10,J23,Post,871,346,190,335,20241026,2024-10-26,Derrota,J10,1.0,0.0,79.0,5.55,1,0.39724454649827784
10,J24,Pre,149,55,54,40,20241026,2024-10-26,Derrota,J10,0.0,1.0,87.0,7.06,1,0.3691275167785235
10,J24,Post,811,261,212,338,20241026,2024-10-26,Derrota,J10,0.0,1.0,87.0,7.06,1,0.3218249075215783
10,J25,Pre,222,111,56,55,20241026,2024-10-26,Derrota,J10,0.0,0.0,0.0,,0,0.5
10,J25,Post,48,24,10,14,20241026,2024-10-26,Derrota,J10,0.0,0.0,0.0,,0,0.5
11,J01,Pre,97,38,26,33,20241109,2024-11-09,Derrota,J11,0.0,0.0,30.0,5.49,1,0.3917525773195876
11,J01,Post,167,44,68,55,20241109,2024-11-09,Derrota,J11,0.0,0.0,30.0,5.49,1,0.2634730538922156
11,J02,Pre,120,48,35,37,20241109,2024-11-09,Derrota,J11,0.0,0.0,90.0,5.42,1,0.4
11,J02,Post,293,65,104,124,20241109,2024-11-09,Derrota,J11,0.0,0.0,90.0,5.42,1,0.22184300341296928
11,J03,Pre,112,40,41,31,20241109,2024-11-09,Derrota,J11,0.0,0.0,0.0,,0,0.35714285714285715
11,J03,Post,45,25,8,12,20241109,2024-11-09,Derrota,J11,0.0,0.0,0.0,,0,0.5555555555555556
11,J04,Pre,179,83,48,48,20241109,2024-11-09,Derrota,J11,0.0,0.0,62.0,6.47,1,0.46368715083798884
11,J04,Post,494,134,149,211,20241109,2024-11-09,Derrota,J11,0.0,0.0,62.0,6.47,1,0.27125506072874495
11,J05,Pre,238,72,76,90,20241109,2024-11-09,Derrota,J11,0.0,0.0,0.0,,0,0.3025210084033613
11,J05,Post,1,0,0,1,20241109,2024-11-09,Derrota,J11,0.0,0.0,0.0,,0,0.0
11,J06,Pre,143,58,33,52,20241109,2024-11-09,Derrota,J11,0.0,0.0,90.0,6.54,1,0.40559440559440557
11,J06,Post,266,79,78,109,20241109,2024-11-09,Derrota,J11,0.0,0.0,90.0,6.54,1,0.29699248120300753
11,J07,Pre,118,45,31,42,20241109,2024-11-09,Derrota,J11,0.0,0.0,90.0,6.21,1,0.3813559322033898
11,J07,Post,376,134,95,147,20241109,2024-11-09,Derrota,J11,0.0,0.0,90.0,6.21,1,0.35638297872340424
11,J08,Pre,96,37,28,31,20241109,2024-11-09,Derrota,J11,0.0,0.0,78.0,5.96,1,0.3854166666666667
11,J08,Post,195,68,48,79,20241109,2024-11-09,Derrota,J11,0.0,0.0,78.0,5.96,1,0.3487179487179487
11,J09,Pre,105,48,26,31,20241109,2024-11-09,Derrota,J11,0.0,0.0,0.0,,0,0.45714285714285713
11,J09,Post,94,47,24,23,20241109,2024-11-09,Derrota,J11,0.0,0.0,0.0,,0,0.5
11,J10,Pre,75,25,27,23,20241109,2024-11-09,Derrota,J11,0.0,0.0,90.0,4.98,1,0.3333333333333333
11,J10,Post,115,23,40,52,20241109,2024-11-09,Derrota,J11,0.0,0.0,90.0,4.98,1,0.2
11,J11,Pre,141,51,35,55,20241109,2024-11-09,Derrota,J11,0.0,0.0,0.0,,0,0.3617021276595745
11,J11,Post,51,22,11,18,20241109,2024-11-09,Derrota,J11,0.0,0.0,0.0,,0,0.43137254901960786
11,J12,Pre,113,39,32,42,20241109,2024-11-09,Derrota,J11,0.0,0.0,14.0,4.89,1,0.34513274336283184
11,J12,Post,249,56,93,100,20241109,2024-11-09,Derrota,J11,0.0,0.0,14.0,4.89,1,0.2248995983935743
11,J13,Pre,223,90,64,69,20241109,2024-11-09,Derrota,J11,0.0,0.0,21.0,6.09,1,0.40358744394618834
11,J13,Post,346,104,135,107,20241109,2024-11-09,Derrota,J11,0.0,0.0,21.0,6.09,1,0.30057803468208094
11,J14,Pre,40,18,7,15,20241109,2024-11-09,Derrota,J11,0.0,0.0,81.0,4.96,1,0.45
11,J14,Post,73,14,23,36,20241109,2024-11-09,Derrota,J11,0.0,0.0,81.0,4.96,1,0.1917808219178082
11,J15,Pre,53,19,13,21,20241109,2024-11-09,Derrota,J11,0.0,0.0,37.0,5.91,1,0.3584905660377358
11,J15,Post,113,22,51,40,20241109,2024-11-09,Derrota,J11,0.0,0.0,37.0,5.91,1,0.19469026548672566
11,J16,Pre,101,52,24,25,20241109,2024-11-09,Derrota,J11,0.0,0.0,0.0,,0,0.5148514851485149
11,J16,Post,56,31,14,11,20241109,2024-11-09,Derrota,J11,0.0,0.0,0.0,,0,0.5535714285714286
11,J17,Pre,94,43,26,25,20241109,2024-11-09,Derrota,J11,0.0,0.0,90.0,5.66,1,0.4574468085106383
11,J17,Post,309,74,115,120,20241109,2024-11-09,Derrota,J11,0.0,0.0,90.0,5.66,1,0.23948220064724918
11,J18,Pre,52,20,17,15,20241109,2024-11-09,Derrota,J11,0.0,0.0,0.0,,0,0.38461538461538464
11,J18,Post,134,76,30,28,20241109,2024-11-09,Derrota,J11,0.0,0.0,0.0,,0,0.5671641791044776
11,J19,Pre,150,62,49,39,20241109,2024-11-09,Derrota,J11,0.0,0.0,62.0,7.47,1,0.41333333333333333
11,J19,Post,371,124,128,119,20241109,2024-11-09,Derrota,J11,0.0,0.0,62.0,7.47,1,0.33423180592991913
11,J20,Pre,212,96,58,58,20241109,2024-11-09,Derrota,J11,0.0,0.0,0.0,,0,0.4528301886792453
11,J20,Post,98,38,26,34,20241109,2024-11-09,Derrota,J11,0.0,0.0,0.0,,0,0.3877551020408163
11,J21,Pre,281,124,85,72,20241109,2024-11-09,Derrota,J11,0.0,0.0,0.0,,0,0.4412811387900356
11,J21,Post,34,15,10,9,20241109,2024-11-09,Derrota,J11,0.0,0.0,0.0,,0,0.4411764705882353
11,J22,Pre,246,101,51,94,20241109,2024-11-09,Derrota,J11,0.0,0.0,74.0,6.4,1,0.4105691056910569
11,J22,Post,645,222,180,243,20241109,2024-11-09,Derrota,J11,0.0,0.0,74.0,6.4,1,0.34418604651162793
11,J23,Pre,91,39,19,33,20241109,2024-11-09,Derrota,J11,0.0,0.0,70.0,3.85,1,0.42857142857142855
11,J23,Post,193,19,95,79,20241109,2024-11-09,Derrota,J11,0.0,0.0,70.0,3.85,1,0.09844559585492228
11,J24,Pre,157,70,37,50,20241109,2024-11-09,Derrota,J11,0.0,0.0,0.0,,0,0.445859872611465
11,J24,Post,2,0,0,2,20241109,2024-11-09,Derrota,J11,0.0,0.0,0.0,,0,0.0
11,J25,Pre,155,70,29,56,20241109,2024-11-09,Derrota,J11,0.0,0.0,1.0,5.38,1,0.45161290322580644
11,J25,Post,308,78,123,107,20241109,2024-11-09,Derrota,J11,0.0,0.0,1.0,5.38,1,0.2532467532467532
12,J01,Pre,86,39,22,25,20241116,2024-11-16,Derrota,J12,0.0,0.0,29.0,6.43,1,0.45348837209302323
12,J01,Post,162,51,55,56,20241116,2024-11-16,Derrota,J12,0.0,0.0,29.0,6.43,1,0.3148148148148148
12,J02,Pre,254,150,61,43,20241116,2024-11-16,Derrota,J12,0.0,0.0,88.0,6.84,1,0.5905511811023622
12,J02,Post,418,147,141,130,20241116,2024-11-16,Derrota,J12,0.0,0.0,88.0,6.84,1,0.35167464114832536
12,J03,Pre,190,104,50,36,20241116,2024-11-16,Derrota,J12,0.0,0.0,22.0,6.35,1,0.5473684210526316
12,J03,Post,347,75,153,119,20241116,2024-11-16,Derrota,J12,0.0,0.0,22.0,6.35,1,0.21613832853025935
12,J04,Pre,235,123,41,71,20241116,2024-11-16,Derrota,J12,0.0,0.0,0.0,,0,0.5234042553191489
12,J04,Post,109,49,28,32,20241116,2024-11-16,Derrota,J12,0.0,0.0,0.0,,0,0.44954128440366975
12,J05,Pre,204,106,42,56,20241116,2024-11-16,Derrota,J12,0.0,0.0,0.0,,0,0.5196078431372549
12,J05,Post,57,27,13,17,20241116,2024-11-16,Derrota,J12,0.0,0.0,0.0,,0,0.47368421052631576
12,J06,Pre,137,61,38,38,20241116,2024-11-16,Derrota,J12,0.0,0.0,0.0,,0,0.44525547445255476
12,J06,Post,21,12,2,7,20241116,2024-11-16,Derrota,J12,0.0,0.0,0.0,,0,0.5714285714285714
12,J07,Pre,267,149,46,72,20241116,2024-11-16,Derrota,J12,0.0,0.0,0.0,,0,0.5580524344569289
12,J07,Post,25,10,7,8,20241116,2024-11-16,Derrota,J12,0.0,0.0,0.0,,0,0.4
12,J08,Pre,134,70,23,41,20241116,2024-11-16,Derrota,J12,0.0,0.0,0.0,,0,0.5223880597014925
12,J08,Post,6,2,1,3,20241116,2024-11-16,Derrota,J12,0.0,0.0,0.0,,0,0.3333333333333333
12,J09,Pre,221,107,42,72,20241116,2024-11-16,Derrota,J12,0.0,0.0,90.0,6.43,1,0.4841628959276018
12,J09,Post,418,131,149,138,20241116,2024-11-16,Derrota,J12,0.0,0.0,90.0,6.43,1,0.3133971291866029
12,J10,Pre,135,72,30,33,20241116,2024-11-16,Derrota,J12,0.0,0.0,35.0,6.13,1,0.5333333333333333
12,J10,Post,167,63,60,44,20241116,2024-11-16,Derrota,J12,0.0,0.0,35.0,6.13,1,0.3772455089820359
12,J11,Pre,215,107,45,63,20241116,2024-11-16,Derrota,J12,0.0,0.0,11.0,5.23,1,0.49767441860465117
12,J11,Post,353,77,118,158,20241116,2024-11-16,Derrota,J12,0.0,0.0,11.0,5.23,1,0.21813031161473087
12,J12,Pre,157,93,26,38,20241116,2024-11-16,Derrota,J12,0.0,1.0,90.0,6.22,1,0.5923566878980892
12,J12,Post,441,147,142,152,20241116,2024-11-16,Derrota,J12,0.0,1.0,90.0,6.22,1,0.3333333333333333
12,J13,Pre,198,122,38,38,20241116,2024-11-16,Derrota,J12,0.0,0.0,68.0,6.61,1,0.6161616161616161
12,J13,Post,369,104,113,152,20241116,2024-11-16,Derrota,J12,0.0,0.0,68.0,6.61,1,0.28184281842818426
12,J14,Pre,67,35,12,20,20241116,2024-11-16,Derrota,J12,0.0,0.0,66.0,5.73,1,0.5223880597014925
12,J14,Post,84,26,33,25,20241116,2024-11-16,Derrota,J12,0.0,0.0,66.0,5.73,1,0.30952380952380953
12,J15,Pre,56,28,9,19,20241116,2024-11-16,Derrota,J12,0.0,0.0,0.0,,0,0.5
12,J15,Post,47,19,14,14,20241116,2024-11-16,Derrota,J12,0.0,0.0,0.0,,0,0.40425531914893614
12,J16,Pre,130,87,17,26,20241116,2024-11-16,Derrota,J12,0.0,0.0,0.0,,0,0.6692307692307692
12,J16,Post,44,22,8,14,20241116,2024-11-16,Derrota,J12,0.0,0.0,0.0,,0,0.5
12,J17,Pre,198,114,42,42,20241116,2024-11-16,Derrota,J12,0.0,0.0,77.0,6.08,1,0.5757575757575758
12,J17,Post,294,90,107,97,20241116,2024-11-16,Derrota,J12,0.0,0.0,77.0,6.08,1,0.30612244897959184
12,J18,Pre,242,148,43,51,20241116,2024-11-16,Derrota,J12,0.0,0.0,88.0,5.71,1,0.6115702479338843
12,J18,Post,497,165,158,174,20241116,2024-11-16,Derrota,J12,0.0,0.0,88.0,5.71,1,0.3319919517102616
12,J19,Pre,248,136,64,48,20241116,2024-11-16,Derrota,J12,0.0,0.0,0.0,,0,0.5483870967741935
12,J19,Post,31,15,6,10,20241116,2024-11-16,Derrota,J12,0.0,0.0,0.0,,0,0.4838709677419355
12,J20,Pre,369,164,120,85,20241116,2024-11-16,Derrota,J12,0.0,0.0,80.0,5.42,1,0.4444444444444444
12,J20,Post,335,84,111,140,20241116,2024-11-16,Derrota,J12,0.0,0.0,80.0,5.42,1,0.2507462686567164
12,J21,Pre,435,234,97,104,20241116,2024-11-16,Derrota,J12,0.0,0.0,71.0,5.8,1,0.5379310344827586
12,J21,Post,464,123,134,207,20241116,2024-11-16,Derrota,J12,0.0,0.0,71.0,5.8,1,0.2650862068965517
12,J22,Pre,283,151,66,66,20241116,2024-11-16,Derrota,J12,0.0,0.0,14.0,7.64,1,0.5335689045936396
12,J22,Post,580,267,110,203,20241116,2024-11-16,Derrota,J12,0.0,0.0,14.0,7.64,1,0.4603448275862069
12,J23,Pre,399,208,89,102,20241116,2024-11-16,Derrota,J12,0.0,0.0,58.0,5.83,1,0.5213032581453634
12,J23,Post,456,140,184,132,20241116,2024-11-16,Derrota,J12,0.0,0.0,58.0,5.83,1,0.30701754385964913
12,J24,Pre,311,157,57,97,20241116,2024-11-16,Derrota,J12,0.0,0.0,90.0,5.86,1,0.5048231511254019
12,J24,Post,400,77,158,165,20241116,2024-11-16,Derrota,J12,0.0,0.0,90.0,5.86,1,0.1925
12,J25,Pre,287,141,57,89,20241116,2024-11-16,Derrota,J12,0.0,0.0,0.0,,0,0.4912891986062718
12,J25,Post,96,48,21,27,20241116,2024-11-16,Derrota,J12,0.0,0.0,0.0,,0,0.5
13,J01,Pre,91,46,21,24,20241123,2024-11-23,Victoria,J13,0.0,0.0,90.0,6.83,1,0.5054945054945055
13,J01,Post,213,144,38,31,20241123,2024-11-23,Victoria,J13,0.0,0.0,90.0,6.83,1,0.676056338028169
13,J02,Pre,198,129,36,33,20241123,2024-11-23,Victoria,J13,0.0,0.0,0.0,,0,0.6515151515151515
13,J02,Post,100,55,16,29,20241123,2024-11-23,Victoria,J13,0.0,0.0,0.0,,0,0.55
13,J03,Pre,214,109,60,45,20241123,2024-11-23,Victoria,J13,0.0,0.0,17.0,6.32,1,0.5093457943925234
13,J03,Post,451,327,53,71,20241123,2024-11-23,Victoria,J13,0.0,0.0,17.0,6.32,1,0.7250554323725056
13,J04,Pre,295,174,47,74,20241123,2024-11-23,Victoria,J13,0.0,0.0,90.0,6.18,1,0.5898305084745763
13,J04,Post,653,440,112,101,20241123,2024-11-23,Victoria,J13,0.0,0.0,90.0,6.18,1,0.6738131699846861
13,J05,Pre,169,94,43,32,20241123,2024-11-23,Victoria,J13,0.0,0.0,0.0,,0,0.5562130177514792
13,J05,Post,25,13,5,7,20241123,2024-11-23,Victoria,J13,0.0,0.0,0.0,,0,0.52
13,J06,Pre,165,92,29,44,20241123,2024-11-23,Victoria,J13,0.0,0.0,72.0,7.04,1,0.5575757575757576
13,J06,Post,351,246,48,57,20241123,2024-11-23,Victoria,J13,0.0,0.0,72.0,7.04,1,0.7008547008547008
13,J07,Pre,274,167,37,70,20241123,2024-11-23,Victoria,J13,0.0,0.0,90.0,6.92,1,0.6094890510948905
13,J07,Post,513,344,63,106,20241123,2024-11-23,Victoria,J13,0.0,0.0,90.0,6.92,1,0.6705653021442495
13,J08,Pre,100,51,21,28,20241123,2024-11-23,Victoria,J13,0.0,0.0,45.0,7.68,1,0.51
13,J08,Post,305,242,26,37,20241123,2024-11-23,Victoria,J13,0.0,0.0,45.0,7.68,1,0.7934426229508197
13,J09,Pre,260,156,43,61,20241123,2024-11-23,Victoria,J13,0.0,0.0,0.0,,0,0.6
13,J09,Post,13,7,3,3,20241123,2024-11-23,Victoria,J13,0.0,0.0,0.0,,0,0.5384615384615384
13,J10,Pre,93,47,24,22,20241123,2024-11-23,Victoria,J13,0.0,0.0,21.0,6.0,1,0.5053763440860215
13,J10,Post,242,158,45,39,20241123,2024-11-23,Victoria,J13,0.0,0.0,21.0,6.0,1,0.6528925619834711
13,J11,Pre,263,152,62,49,20241123,2024-11-23,Victoria,J13,0.0,1.0,68.0,6.29,1,0.5779467680608364
13,J11,Post,505,351,64,90,20241123,2024-11-23,Victoria,J13,0.0,1.0,68.0,6.29,1,0.695049504950495
13,J12,Pre,213,139,40,34,20241123,2024-11-23,Victoria,J13,0.0,0.0,81.0,5.55,1,0.6525821596244131
13,J12,Post,296,205,50,41,20241123,2024-11-23,Victoria,J13,0.0,0.0,81.0,5.55,1,0.6925675675675675
13,J13,Pre,260,147,66,47,20241123,2024-11-23,Victoria,J13,1.0,0.0,90.0,6.58,1,0.5653846153846154
13,J13,Post,804,619,102,83,20241123,2024-11-23,Victoria,J13,1.0,0.0,90.0,6.58,1,0.7699004975124378
13,J14,Pre,66,40,11,15,20241123,2024-11-23,Victoria,J13,0.0,0.0,0.0,,0,0.6060606060606061
13,J14,Post,16,7,4,5,20241123,2024-11-23,Victoria,J13,0.0,0.0,0.0,,0,0.4375
13,J15,Pre,81,54,15,12,20241123,2024-11-23,Victoria,J13,0.0,0.0,13.0,7.05,1,0.6666666666666666
13,J15,Post,184,119,31,34,20241123,2024-11-23,Victoria,J13,0.0,0.0,13.0,7.05,1,0.6467391304347826
13,J16,Pre,72,36,18,18,20241123,2024-11-23,Victoria,J13,0.0,0.0,0.0,,0,0.5
13,J16,Post,6,3,1,2,20241123,2024-11-23,Victoria,J13,0.0,0.0,0.0,,0,0.5
13,J17,Pre,172,101,41,30,20241123,2024-11-23,Victoria,J13,0.0,0.0,23.0,5.84,1,0.5872093023255814
13,J17,Post,422,260,56,106,20241123,2024-11-23,Victoria,J13,0.0,0.0,23.0,5.84,1,0.6161137440758294
13,J18,Pre,206,123,48,35,20241123,2024-11-23,Victoria,J13,0.0,0.0,0.0,,0,0.5970873786407767
13,J18,Post,106,49,33,24,20241123,2024-11-23,Victoria,J13,0.0,0.0,0.0,,0,0.46226415094339623
13,J19,Pre,232,136,37,59,20241123,2024-11-23,Victoria,J13,0.0,0.0,0.0,,0,0.5862068965517241
13,J19,Post,32,16,5,11,20241123,2024-11-23,Victoria,J13,0.0,0.0,0.0,,0,0.5
13,J20,Pre,201,137,31,33,20241123,2024-11-23,Victoria,J13,0.0,0.0,84.0,6.01,1,0.681592039800995
13,J20,Post,548,303,133,112,20241123,2024-11-23,Victoria,J13,0.0,0.0,84.0,6.01,1,0.5529197080291971
13,J21,Pre,359,170,71,118,20241123,2024-11-23,Victoria,J13,0.0,0.0,0.0,,0,0.4735376044568245
13,J21,Post,151,74,40,37,20241123,2024-11-23,Victoria,J13,0.0,0.0,0.0,,0,0.4900662251655629
13,J22,Pre,388,218,88,82,20241123,2024-11-23,Victoria,J13,0.0,0.0,88.0,6.95,1,0.5618556701030928
13,J22,Post,676,470,93,113,20241123,2024-11-23,Victoria,J13,0.0,0.0,88.0,6.95,1,0.6952662721893491
13,J23,Pre,327,181,65,81,20241123,2024-11-23,Victoria,J13,0.0,0.0,0.0,,0,0.5535168195718655
13,J23,Post,64,29,13,22,20241123,2024-11-23,Victoria,J13,0.0,0.0,0.0,,0,0.453125
13,J24,Pre,470,274,105,91,20241123,2024-11-23,Victoria,J13,0.0,0.0,88.0,7.57,1,0.5829787234042553
13,J24,Post,851,615,111,125,20241123,2024-11-23,Victoria,J13,0.0,0.0,88.0,7.57,1,0.7226792009400705
13,J25,Pre,207,118,40,49,20241123,2024-11-23,Victoria,J13,0.0,0.0,73.0,5.67,1,0.5700483091787439
13,J25,Post,465,286,89,90,20241123,2024-11-23,Victoria,J13,0.0,0.0,73.0,5.67,1,0.6150537634408603
14,J01,Pre,82,42,19,21,20241130,2024-11-30,Victoria,J14,0.0,0.0,0.0,,0,0.5121951219512195
14,J01,Post,16,5,5,6,20241130,2024-11-30,Victoria,J14,0.0,0.0,0.0,,0,0.3125
14,J02,Pre,158,84,31,43,20241130,2024-11-30,Victoria,J14,0.0,0.0,25.0,6.17,1,0.5316455696202531
14,J02,Post,481,301,88,92,20241130,2024-11-30,Victoria,J14,0.0,0.0,25.0,6.17,1,0.6257796257796258
14,J03,Pre,175,99,28,48,20241130,2024-11-30,Victoria,J14,0.0,0.0,27.0,5.94,1,0.5657142857142857
14,J03,Post,331,220,39,72,20241130,2024-11-30,Victoria,J14,0.0,0.0,27.0,5.94,1,0.6646525679758308
14,J04,Pre,212,122,31,59,20241130,2024-11-30,Victoria,J14,0.0,0.0,81.0,7.0,1,0.5754716981132075
14,J04,Post,655,384,97,174,20241130,2024-11-30,Victoria,J14,0.0,0.0,81.0,7.0,1,0.5862595419847328
14,J05,Pre,234,136,41,57,20241130,2024-11-30,Victoria,J14,0.0,0.0,71.0,5.64,1,0.5811965811965812
14,J05,Post,413,249,61,103,20241130,2024-11-30,Victoria,J14,0.0,0.0,71.0,5.64,1,0.6029055690072639
14,J06,Pre,195,109,49,37,20241130,2024-11-30,Victoria,J14,0.0,0.0,90.0,6.95,1,0.558974358974359
14,J06,Post,352,247,57,48,20241130,2024-11-30,Victoria,J14,0.0,0.0,90.0,6.95,1,0.7017045454545454
14,J07,Pre,231,127,40,64,20241130,2024-11-30,Victoria,J14,0.0,0.0,45.0,6.85,1,0.5497835497835498
14,J07,Post,423,313,61,49,20241130,2024-11-30,Victoria,J14,0.0,0.0,45.0,6.85,1,0.7399527186761229
14,J08,Pre,102,48,31,23,20241130,2024-11-30,Victoria,J14,0.0,0.0,0.0,,0,0.47058823529411764
14,J08,Post,28,11,6,11,20241130,2024-11-30,Victoria,J14,0.0,0.0,0.0,,0,0.39285714285714285
14,J09,Pre,251,139,61,51,20241130,2024-11-30,Victoria,J14,0.0,0.0,82.0,6.5,1,0.5537848605577689
14,J09,Post,425,281,62,82,20241130,2024-11-30,Victoria,J14,0.0,0.0,82.0,6.5,1,0.6611764705882353
14,J10,Pre,82,42,20,20,20241130,2024-11-30,Victoria,J14,0.0,0.0,0.0,,0,0.5121951219512195
14,J10,Post,73,36,16,21,20241130,2024-11-30,Victoria,J14,0.0,0.0,0.0,,0,0.4931506849315068
14,J11,Pre,191,109,34,48,20241130,2024-11-30,Victoria,J14,0.0,0.0,43.0,6.18,1,0.5706806282722513
14,J11,Post,387,246,68,73,20241130,2024-11-30,Victoria,J14,0.0,0.0,43.0,6.18,1,0.6356589147286822
14,J12,Pre,179,106,34,39,20241130,2024-11-30,Victoria,J14,0.0,1.0,82.0,6.86,1,0.5921787709497207
14,J12,Post,638,523,58,57,20241130,2024-11-30,Victoria,J14,0.0,1.0,82.0,6.86,1,0.8197492163009404
14,J13,Pre,227,129,36,62,20241130,2024-11-30,Victoria,J14,1.0,0.0,89.0,6.19,1,0.5682819383259912
14,J13,Post,779,568,109,102,20241130,2024-11-30,Victoria,J14,1.0,0.0,89.0,6.19,1,0.7291399229781772
14,J14,Pre,63,38,10,15,20241130,2024-11-30,Victoria,J14,0.0,0.0,0.0,,0,0.6031746031746031
14,J14,Post,7,3,1,3,20241130,2024-11-30,Victoria,J14,0.0,0.0,0.0,,0,0.42857142857142855
14,J15,Pre,78,41,19,18,20241130,2024-11-30,Victoria,J14,0.0,0.0,76.0,6.95,1,0.5256410256410257
14,J15,Post,197,133,32,32,20241130,2024-11-30,Victoria,J14,0.0,0.0,76.0,6.95,1,0.6751269035532995
14,J16,Pre,76,37,19,20,20241130,2024-11-30,Victoria,J14,0.0,0.0,0.0,,0,0.4868421052631579
14,J16,Post,25,12,4,9,20241130,2024-11-30,Victoria,J14,0.0,0.0,0.0,,0,0.48
14,J17,Pre,130,56,31,43,20241130,2024-11-30,Victoria,J14,0.0,0.0,73.0,6.59,1,0.4307692307692308
14,J17,Post,361,247,44,70,20241130,2024-11-30,Victoria,J14,0.0,0.0,73.0,6.59,1,0.6842105263157895
14,J18,Pre,242,120,50,72,20241130,2024-11-30,Victoria,J14,0.0,1.0,90.0,6.69,1,0.49586776859504134
14,J18,Post,993,780,90,123,20241130,2024-11-30,Victoria,J14,0.0,1.0,90.0,6.69,1,0.7854984894259819
14,J19,Pre,137,62,38,37,20241130,2024-11-30,Victoria,J14,0.0,0.0,26.0,7.26,1,0.45255474452554745
14,J19,Post,591,405,82,104,20241130,2024-11-30,Victoria,J14,0.0,0.0,26.0,7.26,1,0.6852791878172588
14,J20,Pre,294,164,57,73,20241130,2024-11-30,Victoria,J14,0.0,0.0,0.0,,0,0.5578231292517006
14,J20,Post,61,31,17,13,20241130,2024-11-30,Victoria,J14,0.0,0.0,0.0,,0,0.5081967213114754
14,J21,Pre,316,150,68,98,20241130,2024-11-30,Victoria,J14,0.0,0.0,0.0,,0,0.47468354430379744
14,J21,Post,89,40,23,26,20241130,2024-11-30,Victoria,J14,0.0,0.0,0.0,,0,0.449438202247191
14,J22,Pre,298,185,60,53,20241130,2024-11-30,Victoria,J14,0.0,0.0,74.0,6.65,1,0.6208053691275168
14,J22,Post,699,459,85,155,20241130,2024-11-30,Victoria,J14,0.0,0.0,74.0,6.65,1,0.6566523605150214
14,J23,Pre,259,150,51,58,20241130,2024-11-30,Victoria,J14,0.0,0.0,0.0,,0,0.5791505791505791
14,J23,Post,181,94,42,45,20241130,2024-11-30,Victoria,J14,0.0,0.0,0.0,,0,0.5193370165745856
14,J24,Pre,259,108,87,64,20241130,2024-11-30,Victoria,J14,0.0,0.0,0.0,,0,0.416988416988417
14,J24,Post,14,6,4,4,20241130,2024-11-30,Victoria,J14,0.0,0.0,0.0,,0,0.42857142857142855
14,J25,Pre,165,96,27,42,20241130,2024-11-30,Victoria,J14,1.0,0.0,78.0,8.91,1,0.5818181818181818
14,J25,Post,1053,993,24,36,20241130,2024-11-30,Victoria,J14,1.0,0.0,78.0,8.91,1,0.9430199430199431
15,J01,Pre,82,42,15,25,20241207,2024-12-07,Derrota,J15,0.0,0.0,0.0,,0,0.5121951219512195
15,J01,Post,31,14,7,10,20241207,2024-12-07,Derrota,J15,0.0,0.0,0.0,,0,0.45161290322580644
15,J02,Pre,153,75,36,42,20241207,2024-12-07,Derrota,J15,0.0,0.0,0.0,,0,0.49019607843137253
15,J02,Post,84,36,28,20,20241207,2024-12-07,Derrota,J15,0.0,0.0,0.0,,0,0.42857142857142855
15,J03,Pre,163,74,35,54,20241207,2024-12-07,Derrota,J15,0.0,0.0,38.0,6.21,1,0.4539877300613497
15,J03,Post,285,106,66,113,20241207,2024-12-07,Derrota,J15,0.0,0.0,38.0,6.21,1,0.3719298245614035
15,J04,Pre,358,141,101,116,20241207,2024-12-07,Derrota,J15,0.0,0.0,0.0,,0,0.39385474860335196
15,J04,Post,142,63,29,50,20241207,2024-12-07,Derrota,J15,0.0,0.0,0.0,,0,0.44366197183098594
15,J05,Pre,150,72,41,37,20241207,2024-12-07,Derrota,J15,0.0,0.0,63.0,5.09,1,0.48
15,J05,Post,305,90,128,87,20241207,2024-12-07,Derrota,J15,0.0,0.0,63.0,5.09,1,0.29508196721311475
15,J06,Pre,117,59,29,29,20241207,2024-12-07,Derrota,J15,0.0,0.0,13.0,6.16,1,0.5042735042735043
15,J06,Post,199,54,80,65,20241207,2024-12-07,Derrota,J15,0.0,0.0,13.0,6.16,1,0.271356783919598
15,J07,Pre,202,125,43,34,20241207,2024-12-07,Derrota,J15,0.0,0.0,84.0,4.61,1,0.6188118811881188
15,J07,Post,271,55,76,140,20241207,2024-12-07,Derrota,J15,0.0,0.0,84.0,4.61,1,0.2029520295202952
15,J08,Pre,96,43,21,32,20241207,2024-12-07,Derrota,J15,0.0,0.0,0.0,,0,0.4479166666666667
15,J08,Post,26,10,7,9,20241207,2024-12-07,Derrota,J15,0.0,0.0,0.0,,0,0.38461538461538464
15,J09,Pre,190,89,41,60,20241207,2024-12-07,Derrota,J15,0.0,0.0,89.0,6.11,1,0.46842105263157896
15,J09,Post,289,94,102,93,20241207,2024-12-07,Derrota,J15,0.0,0.0,89.0,6.11,1,0.32525951557093424
15,J10,Pre,100,53,20,27,20241207,2024-12-07,Derrota,J15,0.0,0.0,0.0,,0,0.53
15,J10,Post,46,23,12,11,20241207,2024-12-07,Derrota,J15,0.0,0.0,0.0,,0,0.5
15,J11,Pre,166,86,41,39,20241207,2024-12-07,Derrota,J15,0.0,0.0,22.0,5.32,1,0.5180722891566265
15,J11,Post,304,57,144,103,20241207,2024-12-07,Derrota,J15,0.0,0.0,22.0,5.32,1,0.1875
15,J12,Pre,151,70,44,37,20241207,2024-12-07,Derrota,J15,0.0,0.0,53.0,5.4,1,0.46357615894039733
15,J12,Post,365,114,100,151,20241207,2024-12-07,Derrota,J15,0.0,0.0,53.0,5.4,1,0.31232876712328766
15,J13,Pre,117,50,38,29,20241207,2024-12-07,Derrota,J15,0.0,0.0,6.0,4.52,1,0.42735042735042733
15,J13,Post,205,46,84,75,20241207,2024-12-07,Derrota,J15,0.0,0.0,6.0,4.52,1,0.22439024390243903
15,J14,Pre,16,9,3,4,20241207,2024-12-07,Derrota,J15,0.0,0.0,66.0,5.8,1,0.5625
15,J14,Post,65,16,23,26,20241207,2024-12-07,Derrota,J15,0.0,0.0,66.0,5.8,1,0.24615384615384617
15,J15,Pre,78,41,18,19,20241207,2024-12-07,Derrota,J15,0.0,0.0,83.0,5.84,1,0.5256410256410257
15,J15,Post,87,20,27,40,20241207,2024-12-07,Derrota,J15,0.0,0.0,83.0,5.84,1,0.22988505747126436
15,J16,Pre,89,40,18,31,20241207,2024-12-07,Derrota,J15,0.0,0.0,35.0,6.68,1,0.449438202247191
15,J16,Post,201,90,49,62,20241207,2024-12-07,Derrota,J15,0.0,0.0,35.0,6.68,1,0.44776119402985076
15,J17,Pre,105,54,20,31,20241207,2024-12-07,Derrota,J15,1.0,1.0,90.0,6.97,1,0.5142857142857142
15,J17,Post,656,317,136,203,20241207,2024-12-07,Derrota,J15,1.0,1.0,90.0,6.97,1,0.48323170731707316
15,J18,Pre,375,191,65,119,20241207,2024-12-07,Derrota,J15,0.0,0.0,90.0,5.35,1,0.5093333333333333
15,J18,Post,327,85,141,101,20241207,2024-12-07,Derrota,J15,0.0,0.0,90.0,5.35,1,0.2599388379204893
15,J19,Pre,170,87,42,41,20241207,2024-12-07,Derrota,J15,0.0,0.0,84.0,7.13,1,0.5117647058823529
15,J19,Post,375,155,92,128,20241207,2024-12-07,Derrota,J15,0.0,0.0,84.0,7.13,1,0.41333333333333333
15,J20,Pre,190,84,52,54,20241207,2024-12-07,Derrota,J15,0.0,0.0,85.0,6.02,1,0.4421052631578947
15,J20,Post,446,123,187,136,20241207,2024-12-07,Derrota,J15,0.0,0.0,85.0,6.02,1,0.2757847533632287
15,J21,Pre,300,125,83,92,20241207,2024-12-07,Derrota,J15,0.0,0.0,68.0,5.55,1,0.4166666666666667
15,J21,Post,515,133,207,175,20241207,2024-12-07,Derrota,J15,0.0,0.0,68.0,5.55,1,0.258252427184466
15,J22,Pre,362,178,85,99,20241207,2024-12-07,Derrota,J15,0.0,0.0,0.0,,0,0.49171270718232046
15,J22,Post,46,16,12,18,20241207,2024-12-07,Derrota,J15,0.0,0.0,0.0,,0,0.34782608695652173
15,J23,Pre,303,168,65,70,20241207,2024-12-07,Derrota,J15,0.0,0.0,0.0,,0,0.5544554455445545
15,J23,Post,132,49,42,41,20241207,2024-12-07,Derrota,J15,0.0,0.0,0.0,,0,0.3712121212121212
15,J24,Pre,197,103,34,60,20241207,2024-12-07,Derrota,J15,0.0,0.0,0.0,,0,0.5228426395939086
15,J24,Post,44,21,8,15,20241207,2024-12-07,Derrota,J15,0.0,0.0,0.0,,0,0.4772727272727273
15,J25,Pre,175,85,37,53,20241207,2024-12-07,Derrota,J15,0.0,0.0,0.0,,0,0.4857142857142857
15,J25,Post,89,47,24,18,20241207,2024-12-07,Derrota,J15,0.0,0.0,0.0,,0,0.5280898876404494
16,J01,Pre,114,69,19,26,20241221,2024-12-21,Victoria,J16,0.0,0.0,82.0,6.74,1,0.6052631578947368
16,J01,Post,234,171,26,37,20241221,2024-12-21,Victoria,J16,0.0,0.0,82.0,6.74,1,0.7307692307692307
16,J02,Pre,184,124,34,26,20241221,2024-12-21,Victoria,J16,0.0,1.0,75.0,7.91,1,0.6739130434782609
16,J02,Post,812,669,68,75,20241221,2024-12-21,Victoria,J16,0.0,1.0,75.0,7.91,1,0.8238916256157636
16,J03,Pre,184,119,31,34,20241221,2024-12-21,Victoria,J16,0.0,0.0,0.0,,0,0.6467391304347826
16,J03,Post,6,3,1,2,20241221,2024-12-21,Victoria,J16,0.0,0.0,0.0,,0,0.5
16,J04,Pre,381,261,69,51,20241221,2024-12-21,Victoria,J16,0.0,0.0,0.0,,0,0.6850393700787402
16,J04,Post,156,81,43,32,20241221,2024-12-21,Victoria,J16,0.0,0.0,0.0,,0,0.5192307692307693
16,J05,Pre,246,139,60,47,20241221,2024-12-21,Victoria,J16,0.0,0.0,89.0,7.54,1,0.5650406504065041
16,J05,Post,592,361,119,112,20241221,2024-12-21,Victoria,J16,0.0,0.0,89.0,7.54,1,0.6097972972972973
16,J06,Pre,205,125,37,43,20241221,2024-12-21,Victoria,J16,0.0,0.0,85.0,6.07,1,0.6097560975609756
16,J06,Post,310,179,78,53,20241221,2024-12-21,Victoria,J16,0.0,0.0,85.0,6.07,1,0.5774193548387097
16,J07,Pre,252,143,45,64,20241221,2024-12-21,Victoria,J16,0.0,0.0,28.0,7.51,1,0.5674603174603174
16,J07,Post,526,403,46,77,20241221,2024-12-21,Victoria,J16,0.0,0.0,28.0,7.51,1,0.7661596958174905
16,J08,Pre,139,80,22,37,20241221,2024-12-21,Victoria,J16,0.0,0.0,29.0,6.21,1,0.5755395683453237
16,J08,Post,253,150,40,63,20241221,2024-12-21,Victoria,J16,0.0,0.0,29.0,6.21,1,0.5928853754940712
16,J09,Pre,262,168,46,48,20241221,2024-12-21,Victoria,J16,0.0,0.0,0.0,,0,0.6412213740458015
16,J09,Post,14,6,3,5,20241221,2024-12-21,Victoria,J16,0.0,0.0,0.0,,0,0.42857142857142855
16,J10,Pre,133,85,27,21,20241221,2024-12-21,Victoria,J16,0.0,0.0,0.0,,0,0.6390977443609023
16,J10,Post,30,15,5,10,20241221,2024-12-21,Victoria,J16,0.0,0.0,0.0,,0,0.5
16,J11,Pre,191,112,46,33,20241221,2024-12-21,Victoria,J16,0.0,0.0,0.0,,0,0.5863874345549738
16,J11,Post,24,10,7,7,20241221,2024-12-21,Victoria,J16,0.0,0.0,0.0,,0,0.4166666666666667
16,J12,Pre,190,125,33,32,20241221,2024-12-21,Victoria,J16,0.0,0.0,88.0,7.62,1,0.6578947368421053
16,J12,Post,517,394,45,78,20241221,2024-12-21,Victoria,J16,0.0,0.0,88.0,7.62,1,0.7620889748549323
16,J13,Pre,168,107,27,34,20241221,2024-12-21,Victoria,J16,0.0,0.0,31.0,5.74,1,0.6369047619047619
16,J13,Post,453,276,79,98,20241221,2024-12-21,Victoria,J16,0.0,0.0,31.0,5.74,1,0.609271523178808
16,J14,Pre,66,40,9,17,20241221,2024-12-21,Victoria,J16,0.0,0.0,82.0,5.7,1,0.6060606060606061
16,J14,Post,122,64,25,33,20241221,2024-12-21,Victoria,J16,0.0,0.0,82.0,5.7,1,0.5245901639344263
16,J15,Pre,70,41,16,13,20241221,2024-12-21,Victoria,J16,0.0,0.0,39.0,5.07,1,0.5857142857142857
16,J15,Post,146,81,26,39,20241221,2024-12-21,Victoria,J16,0.0,0.0,39.0,5.07,1,0.5547945205479452
16,J16,Pre,127,78,21,28,20241221,2024-12-21,Victoria,J16,0.0,0.0,0.0,,0,0.6141732283464567
16,J16,Post,18,9,4,5,20241221,2024-12-21,Victoria,J16,0.0,0.0,0.0,,0,0.5
16,J17,Pre,211,135,29,47,20241221,2024-12-21,Victoria,J16,0.0,0.0,77.0,7.54,1,0.6398104265402843
16,J17,Post,491,348,72,71,20241221,2024-12-21,Victoria,J16,0.0,0.0,77.0,7.54,1,0.7087576374745418
16,J18,Pre,406,271,55,80,20241221,2024-12-21,Victoria,J16,0.0,1.0,54.0,7.72,1,0.6674876847290641
16,J18,Post,1062,902,79,81,20241221,2024-12-21,Victoria,J16,0.0,1.0,54.0,7.72,1,0.8493408662900188
16,J19,Pre,251,185,24,42,20241221,2024-12-21,Victoria,J16,0.0,1.0,62.0,7.88,1,0.7370517928286853
16,J19,Post,618,454,78,86,20241221,2024-12-21,Victoria,J16,0.0,1.0,62.0,7.88,1,0.7346278317152104
16,J20,Pre,176,112,24,40,20241221,2024-12-21,Victoria,J16,0.0,0.0,0.0,,0,0.6363636363636364
16,J20,Post,0,0,0,0,20241221,2024-12-21,Victoria,J16,0.0,0.0,0.0,,0,
16,J21,Pre,402,247,65,90,20241221,2024-12-21,Victoria,J16,0.0,0.0,71.0,5.74,1,0.6144278606965174
16,J21,Post,770,467,108,195,20241221,2024-12-21,Victoria,J16,0.0,0.0,71.0,5.74,1,0.6064935064935065
16,J22,Pre,290,158,68,64,20241221,2024-12-21,Victoria,J16,0.0,0.0,0.0,,0,0.5448275862068965
16,J22,Post,0,0,0,0,20241221,2024-12-21,Victoria,J16,0.0,0.0,0.0,,0,
16,J23,Pre,438,258,71,109,20241221,2024-12-21,Victoria,J16,1.0,0.0,90.0,7.94,1,0.589041095890411
16,J23,Post,1411,1305,48,58,20241221,2024-12-21,Victoria,J16,1.0,0.0,90.0,7.94,1,0.92487597448618
16,J24,Pre,382,259,52,71,20241221,2024-12-21,Victoria,J16,0.0,0.0,0.0,,0,0.6780104712041884
16,J24,Post,77,38,22,17,20241221,2024-12-21,Victoria,J16,0.0,0.0,0.0,,0,0.4935064935064935
16,J25,Pre,269,193,31,45,20241221,2024-12-21,Victoria,J16,0.0,0.0,33.0,5.83,1,0.7174721189591078
16,J25,Post,468,306,96,66,20241221,2024-12-21,Victoria,J16,0.0,0.0,33.0,5.83,1,0.6538461538461539
17,J01,Pre,105,52,22,31,20241228,2024-12-28,Empate,J17,0.0,0.0,83.0,4.29,1,0.49523809523809526
17,J01,Post,100,49,29,22,20241228,2024-12-28,Empate,J17,0.0,0.0,83.0,4.29,1,0.49
17,J02,Pre,110,64,22,24,20241228,2024-12-28,Empate,J17,0.0,0.0,0.0,,0,0.5818181818181818
17,J02,Post,137,76,25,36,20241228,2024-12-28,Empate,J17,0.0,0.0,0.0,,0,0.5547445255474452
17,J03,Pre,175,84,51,40,20241228,2024-12-28,Empate,J17,0.0,0.0,0.0,,0,0.48
17,J03,Post,98,54,24,20,20241228,2024-12-28,Empate,J17,0.0,0.0,0.0,,0,0.5510204081632653
17,J04,Pre,259,119,83,57,20241228,2024-12-28,Empate,J17,0.0,0.0,0.0,,0,0.4594594594594595
17,J04,Post,6,2,1,3,20241228,2024-12-28,Empate,J17,0.0,0.0,0.0,,0,0.3333333333333333
17,J05,Pre,136,73,31,32,20241228,2024-12-28,Empate,J17,0.0,0.0,0.0,,0,0.5367647058823529
17,J05,Post,147,66,30,51,20241228,2024-12-28,Empate,J17,0.0,0.0,0.0,,0,0.4489795918367347
17,J06,Pre,119,55,37,27,20241228,2024-12-28,Empate,J17,0.0,0.0,26.0,6.79,1,0.46218487394957986
17,J06,Post,276,123,74,79,20241228,2024-12-28,Empate,J17,0.0,0.0,26.0,6.79,1,0.44565217391304346
17,J07,Pre,85,41,22,22,20241228,2024-12-28,Empate,J17,0.0,0.0,16.0,5.73,1,0.4823529411764706
17,J07,Post,359,162,106,91,20241228,2024-12-28,Empate,J17,0.0,0.0,16.0,5.73,1,0.45125348189415043
17,J08,Pre,124,65,23,36,20241228,2024-12-28,Empate,J17,0.0,0.0,89.0,6.63,1,0.5241935483870968
17,J08,Post,215,134,37,44,20241228,2024-12-28,Empate,J17,0.0,0.0,89.0,6.63,1,0.6232558139534884
17,J09,Pre,246,115,49,82,20241228,2024-12-28,Empate,J17,0.0,0.0,64.0,6.39,1,0.46747967479674796
17,J09,Post,424,236,66,122,20241228,2024-12-28,Empate,J17,0.0,0.0,64.0,6.39,1,0.5566037735849056
17,J10,Pre,89,35,19,35,20241228,2024-12-28,Empate,J17,0.0,0.0,0.0,,0,0.39325842696629215
17,J10,Post,39,14,14,11,20241228,2024-12-28,Empate,J17,0.0,0.0,0.0,,0,0.358974358974359
17,J11,Pre,182,86,34,62,20241228,2024-12-28,Empate,J17,0.0,0.0,0.0,,0,0.4725274725274725
17,J11,Post,110,56,31,23,20241228,2024-12-28,Empate,J17,0.0,0.0,0.0,,0,0.509090909090909
17,J12,Pre,191,103,48,40,20241228,2024-12-28,Empate,J17,1.0,0.0,28.0,7.14,1,0.5392670157068062
17,J12,Post,632,474,55,103,20241228,2024-12-28,Empate,J17,1.0,0.0,28.0,7.14,1,0.75
17,J13,Pre,203,88,66,49,20241228,2024-12-28,Empate,J17,0.0,0.0,0.0,,0,0.43349753694581283
17,J13,Post,74,35,21,18,20241228,2024-12-28,Empate,J17,0.0,0.0,0.0,,0,0.47297297297297297
17,J14,Pre,49,19,15,15,20241228,2024-12-28,Empate,J17,0.0,0.0,90.0,6.7,1,0.3877551020408163
17,J14,Post,101,46,24,31,20241228,2024-12-28,Empate,J17,0.0,0.0,90.0,6.7,1,0.45544554455445546
17,J15,Pre,91,43,22,26,20241228,2024-12-28,Empate,J17,0.0,0.0,90.0,5.57,1,0.4725274725274725
17,J15,Post,133,59,34,40,20241228,2024-12-28,Empate,J17,0.0,0.0,90.0,5.57,1,0.44360902255639095
17,J16,Pre,88,42,19,27,20241228,2024-12-28,Empate,J17,0.0,0.0,24.0,6.97,1,0.4772727272727273
17,J16,Post,260,155,50,55,20241228,2024-12-28,Empate,J17,0.0,0.0,24.0,6.97,1,0.5961538461538461
17,J17,Pre,207,105,58,44,20241228,2024-12-28,Empate,J17,0.0,0.0,0.0,,0,0.5072463768115942
17,J17,Post,51,24,14,13,20241228,2024-12-28,Empate,J17,0.0,0.0,0.0,,0,0.47058823529411764
17,J18,Pre,200,87,63,50,20241228,2024-12-28,Empate,J17,0.0,0.0,79.0,6.55,1,0.435
17,J18,Post,639,371,126,142,20241228,2024-12-28,Empate,J17,0.0,0.0,79.0,6.55,1,0.5805946791862285
17,J19,Pre,186,76,41,69,20241228,2024-12-28,Empate,J17,0.0,0.0,1.0,6.2,1,0.40860215053763443
17,J19,Post,393,195,104,94,20241228,2024-12-28,Empate,J17,0.0,0.0,1.0,6.2,1,0.4961832061068702
17,J20,Pre,209,96,50,63,20241228,2024-12-28,Empate,J17,0.0,0.0,0.0,,0,0.45933014354066987
17,J20,Post,109,56,23,30,20241228,2024-12-28,Empate,J17,0.0,0.0,0.0,,0,0.5137614678899083
17,J21,Pre,259,123,63,73,20241228,2024-12-28,Empate,J17,0.0,0.0,60.0,6.19,1,0.4749034749034749
17,J21,Post,623,305,139,179,20241228,2024-12-28,Empate,J17,0.0,0.0,60.0,6.19,1,0.4895666131621188
17,J22,Pre,350,154,109,87,20241228,2024-12-28,Empate,J17,0.0,0.0,81.0,6.41,1,0.44
17,J22,Post,551,268,123,160,20241228,2024-12-28,Empate,J17,0.0,0.0,81.0,6.41,1,0.4863883847549909
17,J23,Pre,171,90,31,50,20241228,2024-12-28,Empate,J17,0.0,0.0,81.0,5.21,1,0.5263157894736842
17,J23,Post,448,209,103,136,20241228,2024-12-28,Empate,J17,0.0,0.0,81.0,5.21,1,0.46651785714285715
17,J24,Pre,221,98,46,77,20241228,2024-12-28,Empate,J17,0.0,0.0,90.0,5.16,1,0.4434389140271493
17,J24,Post,404,152,145,107,20241228,2024-12-28,Empate,J17,0.0,0.0,90.0,5.16,1,0.37623762376237624
17,J25,Pre,191,98,52,41,20241228,2024-12-28,Empate,J17,0.0,0.0,87.0,5.97,1,0.5130890052356021
17,J25,Post,379,199,78,102,20241228,2024-12-28,Empate,J17,0.0,0.0,87.0,5.97,1,0.525065963060686
18,J01,Pre,45,19,14,12,20250104,2025-01-04,Victoria,J18,0.0,0.0,34.0,6.24,1,0.4222222222222222
18,J01,Post,206,121,34,51,20250104,2025-01-04,Victoria,J18,0.0,0.0,34.0,6.24,1,0.587378640776699
18,J02,Pre,208,87,56,65,20250104,2025-01-04,Victoria,J18,0.0,0.0,0.0,,0,0.4182692307692308
18,J02,Post,21,10,4,7,20250104,2025-01-04,Victoria,J18,0.0,0.0,0.0,,0,0.47619047619047616
18,J03,Pre,151,66,41,44,20250104,2025-01-04,Victoria,J18,0.0,0.0,0.0,,0,0.4370860927152318
18,J03,Post,0,0,0,0,20250104,2025-01-04,Victoria,J18,0.0,0.0,0.0,,0,
18,J04,Pre,303,144,80,79,20250104,2025-01-04,Victoria,J18,0.0,0.0,0.0,,0,0.4752475247524752
18,J04,Post,119,55,33,31,20250104,2025-01-04,Victoria,J18,0.0,0.0,0.0,,0,0.46218487394957986
18,J05,Pre,208,98,41,69,20250104,2025-01-04,Victoria,J18,0.0,0.0,34.0,6.24,1,0.47115384615384615
18,J05,Post,474,290,96,88,20250104,2025-01-04,Victoria,J18,0.0,0.0,34.0,6.24,1,0.6118143459915611
18,J06,Pre,112,49,31,32,20250104,2025-01-04,Victoria,J18,0.0,0.0,10.0,5.6,1,0.4375
18,J06,Post,285,178,42,65,20250104,2025-01-04,Victoria,J18,0.0,0.0,10.0,5.6,1,0.624561403508772
18,J07,Pre,186,95,50,41,20250104,2025-01-04,Victoria,J18,0.0,0.0,79.0,6.39,1,0.510752688172043
18,J07,Post,556,420,54,82,20250104,2025-01-04,Victoria,J18,0.0,0.0,79.0,6.39,1,0.7553956834532374
18,J08,Pre,80,37,24,19,20250104,2025-01-04,Victoria,J18,0.0,0.0,0.0,,0,0.4625
18,J08,Post,63,33,15,15,20250104,2025-01-04,Victoria,J18,0.0,0.0,0.0,,0,0.5238095238095238
18,J09,Pre,109,46,36,27,20250104,2025-01-04,Victoria,J18,0.0,0.0,0.0,,0,0.42201834862385323
18,J09,Post,184,92,54,38,20250104,2025-01-04,Victoria,J18,0.0,0.0,0.0,,0,0.5
18,J10,Pre,110,51,31,28,20250104,2025-01-04,Victoria,J18,0.0,0.0,81.0,6.78,1,0.4636363636363636
18,J10,Post,303,215,49,39,20250104,2025-01-04,Victoria,J18,0.0,0.0,81.0,6.78,1,0.7095709570957096
18,J11,Pre,219,86,57,76,20250104,2025-01-04,Victoria,J18,0.0,0.0,13.0,6.07,1,0.3926940639269406
18,J11,Post,480,290,113,77,20250104,2025-01-04,Victoria,J18,0.0,0.0,13.0,6.07,1,0.6041666666666666
18,J12,Pre,96,39,22,35,20250104,2025-01-04,Victoria,J18,0.0,0.0,83.0,6.56,1,0.40625
18,J12,Post,538,333,78,127,20250104,2025-01-04,Victoria,J18,0.0,0.0,83.0,6.56,1,0.6189591078066915
18,J13,Pre,300,158,75,67,20250104,2025-01-04,Victoria,J18,0.0,0.0,28.0,5.19,1,0.5266666666666666
18,J13,Post,355,230,71,54,20250104,2025-01-04,Victoria,J18,0.0,0.0,28.0,5.19,1,0.647887323943662
18,J14,Pre,42,20,12,10,20250104,2025-01-04,Victoria,J18,0.0,0.0,86.0,5.5,1,0.47619047619047616
18,J14,Post,133,88,17,28,20250104,2025-01-04,Victoria,J18,0.0,0.0,86.0,5.5,1,0.6616541353383458
18,J15,Pre,60,24,17,19,20250104,2025-01-04,Victoria,J18,1.0,0.0,77.0,7.19,1,0.4
18,J15,Post,331,292,18,21,20250104,2025-01-04,Victoria,J18,1.0,0.0,77.0,7.19,1,0.8821752265861027
18,J16,Pre,80,41,18,21,20250104,2025-01-04,Victoria,J18,0.0,0.0,87.0,7.29,1,0.5125
18,J16,Post,333,233,46,54,20250104,2025-01-04,Victoria,J18,0.0,0.0,87.0,7.29,1,0.6996996996996997
18,J17,Pre,174,77,38,59,20250104,2025-01-04,Victoria,J18,0.0,0.0,78.0,5.92,1,0.4425287356321839
18,J17,Post,378,225,61,92,20250104,2025-01-04,Victoria,J18,0.0,0.0,78.0,5.92,1,0.5952380952380952
18,J18,Pre,191,101,51,39,20250104,2025-01-04,Victoria,J18,1.0,0.0,84.0,7.56,1,0.5287958115183246
18,J18,Post,1243,991,146,106,20250104,2025-01-04,Victoria,J18,1.0,0.0,84.0,7.56,1,0.7972646822204345
18,J19,Pre,163,78,37,48,20250104,2025-01-04,Victoria,J18,0.0,0.0,0.0,,0,0.4785276073619632
18,J19,Post,101,42,32,27,20250104,2025-01-04,Victoria,J18,0.0,0.0,0.0,,0,0.4158415841584158
18,J20,Pre,184,71,61,52,20250104,2025-01-04,Victoria,J18,0.0,0.0,0.0,,0,0.3858695652173913
18,J20,Post,124,61,33,30,20250104,2025-01-04,Victoria,J18,0.0,0.0,0.0,,0,0.49193548387096775
18,J21,Pre,323,147,97,79,20250104,2025-01-04,Victoria,J18,0.0,1.0,90.0,6.78,1,0.4551083591331269
18,J21,Post,1084,825,136,123,20250104,2025-01-04,Victoria,J18,0.0,1.0,90.0,6.78,1,0.761070110701107
18,J22,Pre,197,93,39,65,20250104,2025-01-04,Victoria,J18,0.0,0.0,81.0,6.56,1,0.4720812182741117
18,J22,Post,615,436,72,107,20250104,2025-01-04,Victoria,J18,0.0,0.0,81.0,6.56,1,0.7089430894308943
18,J23,Pre,315,129,101,85,20250104,2025-01-04,Victoria,J18,0.0,0.0,0.0,,0,0.4095238095238095
18,J23,Post,49,25,8,16,20250104,2025-01-04,Victoria,J18,0.0,0.0,0.0,,0,0.5102040816326531
18,J24,Pre,283,156,69,58,20250104,2025-01-04,Victoria,J18,0.0,0.0,0.0,,0,0.5512367491166078
18,J24,Post,155,69,36,50,20250104,2025-01-04,Victoria,J18,0.0,0.0,0.0,,0,0.44516129032258067
18,J25,Pre,183,76,58,49,20250104,2025-01-04,Victoria,J18,0.0,0.0,82.0,5.96,1,0.41530054644808745
18,J25,Post,600,375,125,100,20250104,2025-01-04,Victoria,J18,0.0,0.0,82.0,5.96,1,0.625
19,J01,Pre,66,26,17,23,20250111,2025-01-11,Empate,J19,0.0,0.0,0.0,,0,0.3939393939393939
19,J01,Post,8,3,1,4,20250111,2025-01-11,Empate,J19,0.0,0.0,0.0,,0,0.375
19,J02,Pre,246,131,41,74,20250111,2025-01-11,Empate,J19,0.0,0.0,0.0,,0,0.532520325203252
19,J02,Post,97,36,29,32,20250111,2025-01-11,Empate,J19,0.0,0.0,0.0,,0,0.3711340206185567
19,J03,Pre,150,68,39,43,20250111,2025-01-11,Empate,J19,0.0,0.0,79.0,4.99,1,0.4533333333333333
19,J03,Post,222,96,71,55,20250111,2025-01-11,Empate,J19,0.0,0.0,79.0,4.99,1,0.43243243243243246
19,J04,Pre,254,144,59,51,20250111,2025-01-11,Empate,J19,0.0,0.0,81.0,6.54,1,0.5669291338582677
19,J04,Post,477,248,131,98,20250111,2025-01-11,Empate,J19,0.0,0.0,81.0,6.54,1,0.519916142557652
19,J05,Pre,261,155,43,63,20250111,2025-01-11,Empate,J19,0.0,0.0,90.0,6.27,1,0.5938697318007663
19,J05,Post,373,162,88,123,20250111,2025-01-11,Empate,J19,0.0,0.0,90.0,6.27,1,0.4343163538873995
19,J06,Pre,119,58,21,40,20250111,2025-01-11,Empate,J19,0.0,0.0,45.0,6.11,1,0.48739495798319327
19,J06,Post,281,154,67,60,20250111,2025-01-11,Empate,J19,0.0,0.0,45.0,6.11,1,0.5480427046263345
19,J07,Pre,151,79,32,40,20250111,2025-01-11,Empate,J19,0.0,0.0,90.0,7.0,1,0.5231788079470199
19,J07,Post,410,186,119,105,20250111,2025-01-11,Empate,J19,0.0,0.0,90.0,7.0,1,0.45365853658536587
19,J08,Pre,140,62,36,42,20250111,2025-01-11,Empate,J19,0.0,1.0,78.0,6.63,1,0.44285714285714284
19,J08,Post,235,132,57,46,20250111,2025-01-11,Empate,J19,0.0,1.0,78.0,6.63,1,0.5617021276595745
19,J09,Pre,188,87,40,61,20250111,2025-01-11,Empate,J19,0.0,0.0,65.0,5.26,1,0.4627659574468085
19,J09,Post,333,116,94,123,20250111,2025-01-11,Empate,J19,0.0,0.0,65.0,5.26,1,0.3483483483483483
19,J10,Pre,90,44,21,25,20250111,2025-01-11,Empate,J19,0.0,0.0,88.0,5.29,1,0.4888888888888889
19,J10,Post,158,79,39,40,20250111,2025-01-11,Empate,J19,0.0,0.0,88.0,5.29,1,0.5
19,J11,Pre,184,103,44,37,20250111,2025-01-11,Empate,J19,0.0,0.0,12.0,6.03,1,0.5597826086956522
19,J11,Post,314,154,79,81,20250111,2025-01-11,Empate,J19,0.0,0.0,12.0,6.03,1,0.49044585987261147
19,J12,Pre,184,96,34,54,20250111,2025-01-11,Empate,J19,1.0,0.0,25.0,6.9,1,0.5217391304347826
19,J12,Post,677,419,135,123,20250111,2025-01-11,Empate,J19,1.0,0.0,25.0,6.9,1,0.6189069423929099
19,J13,Pre,230,122,46,62,20250111,2025-01-11,Empate,J19,0.0,0.0,0.0,,0,0.5304347826086957
19,J13,Post,136,68,35,33,20250111,2025-01-11,Empate,J19,0.0,0.0,0.0,,0,0.5
19,J14,Pre,78,34,25,19,20250111,2025-01-11,Empate,J19,0.0,0.0,90.0,6.81,1,0.4358974358974359
19,J14,Post,113,58,27,28,20250111,2025-01-11,Empate,J19,0.0,0.0,90.0,6.81,1,0.5132743362831859
19,J15,Pre,77,37,22,18,20250111,2025-01-11,Empate,J19,0.0,0.0,0.0,,0,0.4805194805194805
19,J15,Post,33,16,7,10,20250111,2025-01-11,Empate,J19,0.0,0.0,0.0,,0,0.48484848484848486
19,J16,Pre,76,35,18,23,20250111,2025-01-11,Empate,J19,0.0,0.0,64.0,5.09,1,0.4605263157894737
19,J16,Post,164,67,43,54,20250111,2025-01-11,Empate,J19,0.0,0.0,64.0,5.09,1,0.40853658536585363
19,J17,Pre,103,63,15,25,20250111,2025-01-11,Empate,J19,0.0,0.0,0.0,,0,0.6116504854368932
19,J17,Post,38,18,7,13,20250111,2025-01-11,Empate,J19,0.0,0.0,0.0,,0,0.47368421052631576
19,J18,Pre,353,169,94,90,20250111,2025-01-11,Empate,J19,0.0,0.0,90.0,6.03,1,0.47875354107648727
19,J18,Post,523,268,124,131,20250111,2025-01-11,Empate,J19,0.0,0.0,90.0,6.03,1,0.5124282982791587
19,J19,Pre,155,80,34,41,20250111,2025-01-11,Empate,J19,0.0,0.0,0.0,,0,0.5161290322580645
19,J19,Post,73,40,13,20,20250111,2025-01-11,Empate,J19,0.0,0.0,0.0,,0,0.547945205479452
19,J20,Pre,246,139,37,70,20250111,2025-01-11,Empate,J19,0.0,0.0,39.0,5.2,1,0.5650406504065041
19,J20,Post,357,149,116,92,20250111,2025-01-11,Empate,J19,0.0,0.0,39.0,5.2,1,0.4173669467787115
19,J21,Pre,266,127,82,57,20250111,2025-01-11,Empate,J19,0.0,0.0,82.0,6.45,1,0.4774436090225564
19,J21,Post,644,336,154,154,20250111,2025-01-11,Empate,J19,0.0,0.0,82.0,6.45,1,0.5217391304347826
19,J22,Pre,278,124,84,70,20250111,2025-01-11,Empate,J19,0.0,0.0,24.0,5.69,1,0.4460431654676259
19,J22,Post,484,212,157,115,20250111,2025-01-11,Empate,J19,0.0,0.0,24.0,5.69,1,0.4380165289256198
19,J23,Pre,241,144,34,63,20250111,2025-01-11,Empate,J19,0.0,0.0,0.0,,0,0.5975103734439834
19,J23,Post,32,14,8,10,20250111,2025-01-11,Empate,J19,0.0,0.0,0.0,,0,0.4375
19,J24,Pre,379,206,66,107,20250111,2025-01-11,Empate,J19,0.0,0.0,0.0,,0,0.5435356200527705
19,J24,Post,32,15,8,9,20250111,2025-01-11,Empate,J19,0.0,0.0,0.0,,0,0.46875
19,J25,Pre,259,130,62,67,20250111,2025-01-11,Empate,J19,0.0,0.0,0.0,,0,0.5019305019305019
19,J25,Post,172,100,31,41,20250111,2025-01-11,Empate,J19,0.0,0.0,0.0,,0,0.5813953488372093
20,J01,Pre,79,35,15,29,20250118,2025-01-18,Victoria,J20,0.0,0.0,25.0,5.92,1,0.4430379746835443
20,J01,Post,185,116,32,37,20250118,2025-01-18,Victoria,J20,0.0,0.0,25.0,5.92,1,0.6270270270270271
20,J02,Pre,134,64,35,35,20250118,2025-01-18,Victoria,J20,0.0,0.0,0.0,,0,0.47761194029850745
20,J02,Post,121,59,22,40,20250118,2025-01-18,Victoria,J20,0.0,0.0,0.0,,0,0.48760330578512395
20,J03,Pre,192,90,59,43,20250118,2025-01-18,Victoria,J20,0.0,0.0,72.0,6.5,1,0.46875
20,J03,Post,461,266,80,115,20250118,2025-01-18,Victoria,J20,0.0,0.0,72.0,6.5,1,0.5770065075921909
20,J04,Pre,232,112,64,56,20250118,2025-01-18,Victoria,J20,0.0,0.0,73.0,5.47,1,0.4827586206896552
20,J04,Post,616,399,100,117,20250118,2025-01-18,Victoria,J20,0.0,0.0,73.0,5.47,1,0.6477272727272727
20,J05,Pre,177,92,41,44,20250118,2025-01-18,Victoria,J20,0.0,0.0,77.0,5.63,1,0.519774011299435
20,J05,Post,561,328,116,117,20250118,2025-01-18,Victoria,J20,0.0,0.0,77.0,5.63,1,0.5846702317290553
20,J06,Pre,96,51,18,27,20250118,2025-01-18,Victoria,J20,0.0,0.0,0.0,,0,0.53125
20,J06,Post,34,15,11,8,20250118,2025-01-18,Victoria,J20,0.0,0.0,0.0,,0,0.4411764705882353
20,J07,Pre,184,85,43,56,20250118,2025-01-18,Victoria,J20,0.0,0.0,18.0,5.66,1,0.46195652173913043
20,J07,Post,351,237,46,68,20250118,2025-01-18,Victoria,J20,0.0,0.0,18.0,5.66,1,0.6752136752136753
20,J08,Pre,93,48,23,22,20250118,2025-01-18,Victoria,J20,0.0,0.0,0.0,,0,0.5161290322580645
20,J08,Post,35,19,6,10,20250118,2025-01-18,Victoria,J20,0.0,0.0,0.0,,0,0.5428571428571428
20,J09,Pre,146,68,46,32,20250118,2025-01-18,Victoria,J20,0.0,0.0,90.0,5.69,1,0.4657534246575342
20,J09,Post,464,273,79,112,20250118,2025-01-18,Victoria,J20,0.0,0.0,90.0,5.69,1,0.5883620689655172
20,J10,Pre,94,52,16,26,20250118,2025-01-18,Victoria,J20,0.0,0.0,15.0,5.96,1,0.5531914893617021
20,J10,Post,284,185,38,61,20250118,2025-01-18,Victoria,J20,0.0,0.0,15.0,5.96,1,0.6514084507042254
20,J11,Pre,283,121,79,83,20250118,2025-01-18,Victoria,J20,0.0,0.0,0.0,,0,0.4275618374558304
20,J11,Post,0,0,0,0,20250118,2025-01-18,Victoria,J20,0.0,0.0,0.0,,0,
20,J12,Pre,196,112,46,38,20250118,2025-01-18,Victoria,J20,0.0,1.0,90.0,7.19,1,0.5714285714285714
20,J12,Post,665,503,73,89,20250118,2025-01-18,Victoria,J20,0.0,1.0,90.0,7.19,1,0.7563909774436091
20,J13,Pre,136,68,28,40,20250118,2025-01-18,Victoria,J20,0.0,0.0,0.0,,0,0.5
20,J13,Post,60,24,18,18,20250118,2025-01-18,Victoria,J20,0.0,0.0,0.0,,0,0.4
20,J14,Pre,48,23,11,14,20250118,2025-01-18,Victoria,J20,0.0,0.0,0.0,,0,0.4791666666666667
20,J14,Post,19,10,3,6,20250118,2025-01-18,Victoria,J20,0.0,0.0,0.0,,0,0.5263157894736842
20,J15,Pre,91,43,17,31,20250118,2025-01-18,Victoria,J20,0.0,0.0,0.0,,0,0.4725274725274725
20,J15,Post,5,2,1,2,20250118,2025-01-18,Victoria,J20,0.0,0.0,0.0,,0,0.4
20,J16,Pre,93,46,16,31,20250118,2025-01-18,Victoria,J20,0.0,0.0,30.0,5.63,1,0.4946236559139785
20,J16,Post,248,146,54,48,20250118,2025-01-18,Victoria,J20,0.0,0.0,30.0,5.63,1,0.5887096774193549
20,J17,Pre,158,77,36,45,20250118,2025-01-18,Victoria,J20,0.0,0.0,79.0,6.06,1,0.4873417721518987
20,J17,Post,380,254,49,77,20250118,2025-01-18,Victoria,J20,0.0,0.0,79.0,6.06,1,0.6684210526315789
20,J18,Pre,269,124,61,84,20250118,2025-01-18,Victoria,J20,0.0,0.0,88.0,6.3,1,0.46096654275092935
20,J18,Post,606,364,101,141,20250118,2025-01-18,Victoria,J20,0.0,0.0,88.0,6.3,1,0.6006600660066007
20,J19,Pre,199,103,47,49,20250118,2025-01-18,Victoria,J20,0.0,0.0,0.0,,0,0.5175879396984925
20,J19,Post,9,4,1,4,20250118,2025-01-18,Victoria,J20,0.0,0.0,0.0,,0,0.4444444444444444
20,J20,Pre,323,147,103,73,20250118,2025-01-18,Victoria,J20,0.0,0.0,62.0,6.38,1,0.4551083591331269
20,J20,Post,512,319,68,125,20250118,2025-01-18,Victoria,J20,0.0,0.0,62.0,6.38,1,0.623046875
20,J21,Pre,216,103,45,68,20250118,2025-01-18,Victoria,J20,0.0,0.0,90.0,6.44,1,0.47685185185185186
20,J21,Post,780,498,151,131,20250118,2025-01-18,Victoria,J20,0.0,0.0,90.0,6.44,1,0.6384615384615384
20,J22,Pre,364,174,74,116,20250118,2025-01-18,Victoria,J20,0.0,0.0,79.0,4.25,1,0.47802197802197804
20,J22,Post,569,347,109,113,20250118,2025-01-18,Victoria,J20,0.0,0.0,79.0,4.25,1,0.6098418277680141
20,J23,Pre,340,149,67,124,20250118,2025-01-18,Victoria,J20,0.0,0.0,16.0,7.01,1,0.43823529411764706
20,J23,Post,851,532,112,207,20250118,2025-01-18,Victoria,J20,0.0,0.0,16.0,7.01,1,0.6251468860164512
20,J24,Pre,281,142,48,91,20250118,2025-01-18,Victoria,J20,0.0,0.0,90.0,5.5,1,0.505338078291815
20,J24,Post,463,269,79,115,20250118,2025-01-18,Victoria,J20,0.0,0.0,90.0,5.5,1,0.5809935205183585
20,J25,Pre,232,134,38,60,20250118,2025-01-18,Victoria,J20,0.0,0.0,0.0,,0,0.5775862068965517
20,J25,Post,81,48,12,21,20250118,2025-01-18,Victoria,J20,0.0,0.0,0.0,,0,0.5925925925925926
21,J01,Pre,74,31,16,27,20250125,2025-01-25,Derrota,J21,0.0,0.0,0.0,,0,0.4189189189189189
21,J01,Post,16,6,3,7,20250125,2025-01-25,Derrota,J21,0.0,0.0,0.0,,0,0.375
21,J02,Pre,98,40,30,28,20250125,2025-01-25,Derrota,J21,0.0,0.0,0.0,,0,0.40816326530612246
21,J02,Post,69,38,17,14,20250125,2025-01-25,Derrota,J21,0.0,0.0,0.0,,0,0.5507246376811594
21,J03,Pre,169,80,46,43,20250125,2025-01-25,Derrota,J21,0.0,0.0,75.0,6.98,1,0.47337278106508873
21,J03,Post,396,121,134,141,20250125,2025-01-25,Derrota,J21,0.0,0.0,75.0,6.98,1,0.3055555555555556
21,J04,Pre,262,123,76,63,20250125,2025-01-25,Derrota,J21,0.0,0.0,55.0,6.67,1,0.46946564885496184
21,J04,Post,564,182,139,243,20250125,2025-01-25,Derrota,J21,0.0,0.0,55.0,6.67,1,0.32269503546099293
21,J05,Pre,221,126,53,42,20250125,2025-01-25,Derrota,J21,0.0,0.0,0.0,,0,0.5701357466063348
21,J05,Post,65,31,19,15,20250125,2025-01-25,Derrota,J21,0.0,0.0,0.0,,0,0.47692307692307695
21,J06,Pre,135,53,47,35,20250125,2025-01-25,Derrota,J21,0.0,0.0,0.0,,0,0.3925925925925926
21,J06,Post,52,27,11,14,20250125,2025-01-25,Derrota,J21,0.0,0.0,0.0,,0,0.5192307692307693
21,J07,Pre,102,37,26,39,20250125,2025-01-25,Derrota,J21,0.0,0.0,27.0,7.11,1,0.3627450980392157
21,J07,Post,374,159,121,94,20250125,2025-01-25,Derrota,J21,0.0,0.0,27.0,7.11,1,0.42513368983957217
21,J08,Pre,71,37,12,22,20250125,2025-01-25,Derrota,J21,0.0,0.0,83.0,5.67,1,0.5211267605633803
21,J08,Post,154,48,48,58,20250125,2025-01-25,Derrota,J21,0.0,0.0,83.0,5.67,1,0.3116883116883117
21,J09,Pre,200,80,59,61,20250125,2025-01-25,Derrota,J21,0.0,0.0,90.0,5.45,1,0.4
21,J09,Post,279,99,73,107,20250125,2025-01-25,Derrota,J21,0.0,0.0,90.0,5.45,1,0.3548387096774194
21,J10,Pre,84,33,22,29,20250125,2025-01-25,Derrota,J21,0.0,0.0,0.0,,0,0.39285714285714285
21,J10,Post,0,0,0,0,20250125,2025-01-25,Derrota,J21,0.0,0.0,0.0,,0,
21,J11,Pre,209,109,37,63,20250125,2025-01-25,Derrota,J21,0.0,0.0,0.0,,0,0.5215311004784688
21,J11,Post,40,20,9,11,20250125,2025-01-25,Derrota,J21,0.0,0.0,0.0,,0,0.5
21,J12,Pre,120,48,36,36,20250125,2025-01-25,Derrota,J21,0.0,0.0,25.0,6.13,1,0.4
21,J12,Post,355,135,106,114,20250125,2025-01-25,Derrota,J21,0.0,0.0,25.0,6.13,1,0.38028169014084506
21,J13,Pre,95,41,31,23,20250125,2025-01-25,Derrota,J21,0.0,0.0,78.0,5.29,1,0.43157894736842106
21,J13,Post,259,46,104,109,20250125,2025-01-25,Derrota,J21,0.0,0.0,78.0,5.29,1,0.1776061776061776
21,J14,Pre,61,28,13,20,20250125,2025-01-25,Derrota,J21,0.0,0.0,66.0,6.4,1,0.45901639344262296
21,J14,Post,86,30,30,26,20250125,2025-01-25,Derrota,J21,0.0,0.0,66.0,6.4,1,0.3488372093023256
21,J15,Pre,61,28,16,17,20250125,2025-01-25,Derrota,J21,0.0,0.0,1.0,5.05,1,0.45901639344262296
21,J15,Post,96,27,39,30,20250125,2025-01-25,Derrota,J21,0.0,0.0,1.0,5.05,1,0.28125
21,J16,Pre,114,51,28,35,20250125,2025-01-25,Derrota,J21,0.0,1.0,80.0,6.37,1,0.4473684210526316
21,J16,Post,292,119,79,94,20250125,2025-01-25,Derrota,J21,0.0,1.0,80.0,6.37,1,0.4075342465753425
21,J17,Pre,159,66,46,47,20250125,2025-01-25,Derrota,J21,0.0,0.0,10.0,5.61,1,0.41509433962264153
21,J17,Post,259,91,92,76,20250125,2025-01-25,Derrota,J21,0.0,0.0,10.0,5.61,1,0.35135135135135137
21,J18,Pre,165,72,44,49,20250125,2025-01-25,Derrota,J21,0.0,0.0,0.0,,0,0.43636363636363634
21,J18,Post,0,0,0,0,20250125,2025-01-25,Derrota,J21,0.0,0.0,0.0,,0,
21,J19,Pre,151,69,30,52,20250125,2025-01-25,Derrota,J21,0.0,1.0,90.0,6.6,1,0.45695364238410596
21,J19,Post,411,172,106,133,20250125,2025-01-25,Derrota,J21,0.0,1.0,90.0,6.6,1,0.41849148418491483
21,J20,Pre,155,67,45,43,20250125,2025-01-25,Derrota,J21,0.0,0.0,0.0,,0,0.432258064516129
21,J20,Post,54,27,14,13,20250125,2025-01-25,Derrota,J21,0.0,0.0,0.0,,0,0.5
21,J21,Pre,302,143,60,99,20250125,2025-01-25,Derrota,J21,0.0,0.0,90.0,5.61,1,0.4735099337748344
21,J21,Post,392,89,140,163,20250125,2025-01-25,Derrota,J21,0.0,0.0,90.0,5.61,1,0.22704081632653061
21,J22,Pre,215,97,59,59,20250125,2025-01-25,Derrota,J21,0.0,0.0,78.0,6.55,1,0.4511627906976744
21,J22,Post,545,176,198,171,20250125,2025-01-25,Derrota,J21,0.0,0.0,78.0,6.55,1,0.3229357798165138
21,J23,Pre,189,94,41,54,20250125,2025-01-25,Derrota,J21,0.0,0.0,0.0,,0,0.4973544973544973
21,J23,Post,96,39,20,37,20250125,2025-01-25,Derrota,J21,0.0,0.0,0.0,,0,0.40625
21,J24,Pre,187,81,60,46,20250125,2025-01-25,Derrota,J21,0.0,0.0,90.0,6.54,1,0.43315508021390375
21,J24,Post,588,148,165,275,20250125,2025-01-25,Derrota,J21,0.0,0.0,90.0,6.54,1,0.25170068027210885
21,J25,Pre,207,97,50,60,20250125,2025-01-25,Derrota,J21,0.0,0.0,1.0,4.87,1,0.46859903381642515
21,J25,Post,292,66,104,122,20250125,2025-01-25,Derrota,J21,0.0,0.0,1.0,4.87,1,0.22602739726027396
22,J01,Pre,66,27,16,23,20250201,2025-02-01,Derrota,J22,0.0,0.0,0.0,,0,0.4090909090909091
22,J01,Post,32,12,8,12,20250201,2025-02-01,Derrota,J22,0.0,0.0,0.0,,0,0.375
22,J02,Pre,126,61,27,38,20250201,2025-02-01,Derrota,J22,0.0,0.0,89.0,5.02,1,0.48412698412698413
22,J02,Post,239,52,92,95,20250201,2025-02-01,Derrota,J22,0.0,0.0,89.0,5.02,1,0.2175732217573222
22,J03,Pre,207,104,46,57,20250201,2025-02-01,Derrota,J22,0.0,0.0,71.0,6.59,1,0.5024154589371981
22,J03,Post,395,125,103,167,20250201,2025-02-01,Derrota,J22,0.0,0.0,71.0,6.59,1,0.31645569620253167
22,J04,Pre,149,79,36,34,20250201,2025-02-01,Derrota,J22,0.0,0.0,13.0,6.37,1,0.5302013422818792
22,J04,Post,513,173,142,198,20250201,2025-02-01,Derrota,J22,0.0,0.0,13.0,6.37,1,0.33723196881091616
22,J05,Pre,214,98,51,65,20250201,2025-02-01,Derrota,J22,0.0,0.0,90.0,5.36,1,0.45794392523364486
22,J05,Post,269,79,99,91,20250201,2025-02-01,Derrota,J22,0.0,0.0,90.0,5.36,1,0.2936802973977695
22,J06,Pre,110,60,28,22,20250201,2025-02-01,Derrota,J22,0.0,0.0,81.0,5.62,1,0.5454545454545454
22,J06,Post,223,62,65,96,20250201,2025-02-01,Derrota,J22,0.0,0.0,81.0,5.62,1,0.27802690582959644
22,J07,Pre,120,65,20,35,20250201,2025-02-01,Derrota,J22,0.0,0.0,0.0,,0,0.5416666666666666
22,J07,Post,0,0,0,0,20250201,2025-02-01,Derrota,J22,0.0,0.0,0.0,,0,
22,J08,Pre,101,50,29,22,20250201,2025-02-01,Derrota,J22,0.0,0.0,86.0,6.18,1,0.49504950495049505
22,J08,Post,196,48,70,78,20250201,2025-02-01,Derrota,J22,0.0,0.0,86.0,6.18,1,0.24489795918367346
22,J09,Pre,167,74,47,46,20250201,2025-02-01,Derrota,J22,0.0,0.0,0.0,,0,0.4431137724550898
22,J09,Post,107,49,30,28,20250201,2025-02-01,Derrota,J22,0.0,0.0,0.0,,0,0.45794392523364486
22,J10,Pre,127,66,31,30,20250201,2025-02-01,Derrota,J22,0.0,0.0,0.0,,0,0.5196850393700787
22,J10,Post,35,17,9,9,20250201,2025-02-01,Derrota,J22,0.0,0.0,0.0,,0,0.4857142857142857
22,J11,Pre,223,128,44,51,20250201,2025-02-01,Derrota,J22,0.0,0.0,0.0,,0,0.5739910313901345
22,J11,Post,98,54,23,21,20250201,2025-02-01,Derrota,J22,0.0,0.0,0.0,,0,0.5510204081632653
22,J12,Pre,204,92,58,54,20250201,2025-02-01,Derrota,J22,0.0,0.0,19.0,6.29,1,0.45098039215686275
22,J12,Post,327,102,117,108,20250201,2025-02-01,Derrota,J22,0.0,0.0,19.0,6.29,1,0.3119266055045872
22,J13,Pre,182,101,44,37,20250201,2025-02-01,Derrota,J22,0.0,0.0,29.0,7.35,1,0.554945054945055
22,J13,Post,435,144,152,139,20250201,2025-02-01,Derrota,J22,0.0,0.0,29.0,7.35,1,0.3310344827586207
22,J14,Pre,55,32,12,11,20250201,2025-02-01,Derrota,J22,0.0,0.0,77.0,5.59,1,0.5818181818181818
22,J14,Post,76,22,28,26,20250201,2025-02-01,Derrota,J22,0.0,0.0,77.0,5.59,1,0.2894736842105263
22,J15,Pre,80,37,15,28,20250201,2025-02-01,Derrota,J22,0.0,0.0,83.0,5.53,1,0.4625
22,J15,Post,130,23,47,60,20250201,2025-02-01,Derrota,J22,0.0,0.0,83.0,5.53,1,0.17692307692307693
22,J16,Pre,58,26,15,17,20250201,2025-02-01,Derrota,J22,0.0,0.0,0.0,,0,0.4482758620689655
22,J16,Post,36,17,10,9,20250201,2025-02-01,Derrota,J22,0.0,0.0,0.0,,0,0.4722222222222222
22,J17,Pre,171,92,30,49,20250201,2025-02-01,Derrota,J22,0.0,0.0,0.0,,0,0.5380116959064327
22,J17,Post,35,19,8,8,20250201,2025-02-01,Derrota,J22,0.0,0.0,0.0,,0,0.5428571428571428
22,J18,Pre,301,132,63,106,20250201,2025-02-01,Derrota,J22,0.0,0.0,0.0,,0,0.43853820598006643
22,J18,Post,196,93,53,50,20250201,2025-02-01,Derrota,J22,0.0,0.0,0.0,,0,0.4744897959183674
22,J19,Pre,157,75,46,36,20250201,2025-02-01,Derrota,J22,0.0,0.0,70.0,5.88,1,0.47770700636942676
22,J19,Post,349,117,83,149,20250201,2025-02-01,Derrota,J22,0.0,0.0,70.0,5.88,1,0.335243553008596
22,J20,Pre,218,123,44,51,20250201,2025-02-01,Derrota,J22,0.0,0.0,0.0,,0,0.5642201834862385
22,J20,Post,95,49,26,20,20250201,2025-02-01,Derrota,J22,0.0,0.0,0.0,,0,0.5157894736842106
22,J21,Pre,232,116,57,59,20250201,2025-02-01,Derrota,J22,0.0,0.0,15.0,6.0,1,0.5
22,J21,Post,557,146,225,186,20250201,2025-02-01,Derrota,J22,0.0,0.0,15.0,6.0,1,0.2621184919210054
22,J22,Pre,378,191,72,115,20250201,2025-02-01,Derrota,J22,0.0,0.0,64.0,5.61,1,0.5052910052910053
22,J22,Post,393,100,123,170,20250201,2025-02-01,Derrota,J22,0.0,0.0,64.0,5.61,1,0.2544529262086514
22,J23,Pre,131,51,38,42,20250201,2025-02-01,Derrota,J22,0.0,1.0,90.0,6.62,1,0.3893129770992366
22,J23,Post,807,345,228,234,20250201,2025-02-01,Derrota,J22,0.0,1.0,90.0,6.62,1,0.4275092936802974
22,J24,Pre,303,133,94,76,20250201,2025-02-01,Derrota,J22,0.0,1.0,67.0,7.17,1,0.4389438943894389
22,J24,Post,764,229,219,316,20250201,2025-02-01,Derrota,J22,0.0,1.0,67.0,7.17,1,0.299738219895288
22,J25,Pre,211,90,43,78,20250201,2025-02-01,Derrota,J22,0.0,0.0,20.0,6.32,1,0.4265402843601896
22,J25,Post,485,198,109,178,20250201,2025-02-01,Derrota,J22,0.0,0.0,20.0,6.32,1,0.40824742268041236
23,J01,Pre,42,11,15,16,20250215,2025-02-15,Derrota,J23,0.0,0.0,90.0,5.2,1,0.2619047619047619
23,J01,Post,115,34,41,40,20250215,2025-02-15,Derrota,J23,0.0,0.0,90.0,5.2,1,0.2956521739130435
23,J02,Pre,157,66,46,45,20250215,2025-02-15,Derrota,J23,0.0,0.0,23.0,6.43,1,0.42038216560509556
23,J02,Post,326,99,123,104,20250215,2025-02-15,Derrota,J23,0.0,0.0,23.0,6.43,1,0.30368098159509205
23,J03,Pre,118,35,45,38,20250215,2025-02-15,Derrota,J23,0.0,0.0,44.0,5.1,1,0.2966101694915254
23,J03,Post,183,36,75,72,20250215,2025-02-15,Derrota,J23,0.0,0.0,44.0,5.1,1,0.19672131147540983
23,J04,Pre,62,24,13,25,20250215,2025-02-15,Derrota,J23,0.0,1.0,87.0,5.32,1,0.3870967741935484
23,J04,Post,641,156,180,305,20250215,2025-02-15,Derrota,J23,0.0,1.0,87.0,5.32,1,0.24336973478939158
23,J05,Pre,142,50,36,56,20250215,2025-02-15,Derrota,J23,0.0,0.0,0.0,,0,0.352112676056338
23,J05,Post,24,10,6,8,20250215,2025-02-15,Derrota,J23,0.0,0.0,0.0,,0,0.4166666666666667
23,J06,Pre,69,18,20,31,20250215,2025-02-15,Derrota,J23,0.0,0.0,87.0,4.47,1,0.2608695652173913
23,J06,Post,198,37,96,65,20250215,2025-02-15,Derrota,J23,0.0,0.0,87.0,4.47,1,0.18686868686868688
23,J07,Pre,133,34,48,51,20250215,2025-02-15,Derrota,J23,0.0,0.0,0.0,,0,0.2556390977443609
23,J07,Post,81,34,20,27,20250215,2025-02-15,Derrota,J23,0.0,0.0,0.0,,0,0.41975308641975306
23,J08,Pre,26,9,8,9,20250215,2025-02-15,Derrota,J23,0.0,0.0,90.0,5.88,1,0.34615384615384615
23,J08,Post,135,41,56,38,20250215,2025-02-15,Derrota,J23,0.0,0.0,90.0,5.88,1,0.3037037037037037
23,J09,Pre,179,54,65,60,20250215,2025-02-15,Derrota,J23,0.0,0.0,71.0,5.78,1,0.3016759776536313
23,J09,Post,347,81,115,151,20250215,2025-02-15,Derrota,J23,0.0,0.0,71.0,5.78,1,0.2334293948126801
23,J10,Pre,78,17,31,30,20250215,2025-02-15,Derrota,J23,0.0,0.0,0.0,,0,0.21794871794871795
23,J10,Post,32,17,6,9,20250215,2025-02-15,Derrota,J23,0.0,0.0,0.0,,0,0.53125
23,J11,Pre,176,65,46,65,20250215,2025-02-15,Derrota,J23,0.0,0.0,18.0,4.23,1,0.3693181818181818
23,J11,Post,234,33,112,89,20250215,2025-02-15,Derrota,J23,0.0,0.0,18.0,4.23,1,0.14102564102564102
23,J12,Pre,75,26,19,30,20250215,2025-02-15,Derrota,J23,0.0,0.0,87.0,5.95,1,0.3466666666666667
23,J12,Post,331,93,113,125,20250215,2025-02-15,Derrota,J23,0.0,0.0,87.0,5.95,1,0.2809667673716012
23,J13,Pre,124,39,33,52,20250215,2025-02-15,Derrota,J23,0.0,0.0,0.0,,0,0.31451612903225806
23,J13,Post,23,12,6,5,20250215,2025-02-15,Derrota,J23,0.0,0.0,0.0,,0,0.5217391304347826
23,J14,Pre,20,6,6,8,20250215,2025-02-15,Derrota,J23,0.0,0.0,90.0,4.77,1,0.3
23,J14,Post,72,13,23,36,20250215,2025-02-15,Derrota,J23,0.0,0.0,90.0,4.77,1,0.18055555555555555
23,J15,Pre,32,10,11,11,20250215,2025-02-15,Derrota,J23,0.0,0.0,0.0,,0,0.3125
23,J15,Post,12,6,2,4,20250215,2025-02-15,Derrota,J23,0.0,0.0,0.0,,0,0.5
23,J16,Pre,96,34,36,26,20250215,2025-02-15,Derrota,J23,0.0,0.0,0.0,,0,0.3541666666666667
23,J16,Post,42,22,7,13,20250215,2025-02-15,Derrota,J23,0.0,0.0,0.0,,0,0.5238095238095238
23,J17,Pre,58,18,19,21,20250215,2025-02-15,Derrota,J23,0.0,0.0,0.0,,0,0.3103448275862069
23,J17,Post,19,9,4,6,20250215,2025-02-15,Derrota,J23,0.0,0.0,0.0,,0,0.47368421052631576
23,J18,Pre,66,25,16,25,20250215,2025-02-15,Derrota,J23,0.0,0.0,0.0,,0,0.3787878787878788
23,J18,Post,173,93,43,37,20250215,2025-02-15,Derrota,J23,0.0,0.0,0.0,,0,0.5375722543352601
23,J19,Pre,106,36,33,37,20250215,2025-02-15,Derrota,J23,0.0,0.0,8.0,5.5,1,0.33962264150943394
23,J19,Post,264,73,96,95,20250215,2025-02-15,Derrota,J23,0.0,0.0,8.0,5.5,1,0.2765151515151515
23,J20,Pre,58,21,18,19,20250215,2025-02-15,Derrota,J23,0.0,0.0,90.0,5.47,1,0.3620689655172414
23,J20,Post,368,75,132,161,20250215,2025-02-15,Derrota,J23,0.0,0.0,90.0,5.47,1,0.20380434782608695
23,J21,Pre,138,45,35,58,20250215,2025-02-15,Derrota,J23,0.0,0.0,76.0,4.47,1,0.32608695652173914
23,J21,Post,447,35,221,191,20250215,2025-02-15,Derrota,J23,0.0,0.0,76.0,4.47,1,0.07829977628635347
23,J22,Pre,146,64,41,41,20250215,2025-02-15,Derrota,J23,0.0,1.0,77.0,5.46,1,0.4383561643835616
23,J22,Post,720,245,273,202,20250215,2025-02-15,Derrota,J23,0.0,1.0,77.0,5.46,1,0.3402777777777778
23,J23,Pre,216,76,59,81,20250215,2025-02-15,Derrota,J23,0.0,1.0,76.0,4.69,1,0.35185185185185186
23,J23,Post,560,149,225,186,20250215,2025-02-15,Derrota,J23,0.0,1.0,76.0,4.69,1,0.26607142857142857
23,J24,Pre,112,29,47,36,20250215,2025-02-15,Derrota,J23,0.0,0.0,0.0,,0,0.25892857142857145
23,J24,Post,0,0,0,0,20250215,2025-02-15,Derrota,J23,0.0,0.0,0.0,,0,
23,J25,Pre,105,37,27,41,20250215,2025-02-15,Derrota,J23,0.0,0.0,11.0,5.08,1,0.3523809523809524
23,J25,Post,331,93,134,104,20250215,2025-02-15,Derrota,J23,0.0,0.0,11.0,5.08,1,0.2809667673716012
24,J01,Pre,59,22,12,25,20250222,2025-02-22,Victoria,J24,0.0,0.0,0.0,,0,0.3728813559322034
24,J01,Post,17,7,5,5,20250222,2025-02-22,Victoria,J24,0.0,0.0,0.0,,0,0.4117647058823529
24,J02,Pre,197,63,74,60,20250222,2025-02-22,Victoria,J24,0.0,0.0,75.0,5.64,1,0.3197969543147208
24,J02,Post,459,228,135,96,20250222,2025-02-22,Victoria,J24,0.0,0.0,75.0,5.64,1,0.49673202614379086
24,J03,Pre,115,49,34,32,20250222,2025-02-22,Victoria,J24,0.0,0.0,68.0,6.26,1,0.4260869565217391
24,J03,Post,390,259,75,56,20250222,2025-02-22,Victoria,J24,0.0,0.0,68.0,6.26,1,0.6641025641025641
24,J04,Pre,226,79,63,84,20250222,2025-02-22,Victoria,J24,0.0,0.0,29.0,5.13,1,0.3495575221238938
24,J04,Post,671,381,102,188,20250222,2025-02-22,Victoria,J24,0.0,0.0,29.0,5.13,1,0.5678092399403875
24,J05,Pre,183,72,55,56,20250222,2025-02-22,Victoria,J24,0.0,0.0,14.0,6.46,1,0.39344262295081966
24,J05,Post,472,303,89,80,20250222,2025-02-22,Victoria,J24,0.0,0.0,14.0,6.46,1,0.6419491525423728
24,J06,Pre,136,42,41,53,20250222,2025-02-22,Victoria,J24,0.0,0.0,0.0,,0,0.3088235294117647
24,J06,Post,37,16,8,13,20250222,2025-02-22,Victoria,J24,0.0,0.0,0.0,,0,0.43243243243243246
24,J07,Pre,170,59,50,61,20250222,2025-02-22,Victoria,J24,0.0,0.0,81.0,6.32,1,0.34705882352941175
24,J07,Post,536,334,95,107,20250222,2025-02-22,Victoria,J24,0.0,0.0,81.0,6.32,1,0.6231343283582089
24,J08,Pre,62,22,21,19,20250222,2025-02-22,Victoria,J24,0.0,0.0,19.0,5.45,1,0.3548387096774194
24,J08,Post,218,129,47,42,20250222,2025-02-22,Victoria,J24,0.0,0.0,19.0,5.45,1,0.591743119266055
24,J09,Pre,60,22,15,23,20250222,2025-02-22,Victoria,J24,0.0,0.0,0.0,,0,0.36666666666666664
24,J09,Post,17,7,3,7,20250222,2025-02-22,Victoria,J24,0.0,0.0,0.0,,0,0.4117647058823529
24,J10,Pre,74,35,17,22,20250222,2025-02-22,Victoria,J24,0.0,0.0,82.0,5.03,1,0.47297297297297297
24,J10,Post,220,146,27,47,20250222,2025-02-22,Victoria,J24,0.0,0.0,82.0,5.03,1,0.6636363636363637
24,J11,Pre,141,51,42,48,20250222,2025-02-22,Victoria,J24,0.0,0.0,83.0,5.35,1,0.3617021276595745
24,J11,Post,390,224,62,104,20250222,2025-02-22,Victoria,J24,0.0,0.0,83.0,5.35,1,0.5743589743589743
24,J12,Pre,168,57,57,54,20250222,2025-02-22,Victoria,J24,0.0,0.0,70.0,3.87,1,0.3392857142857143
24,J12,Post,311,148,85,78,20250222,2025-02-22,Victoria,J24,0.0,0.0,70.0,3.87,1,0.4758842443729904
24,J13,Pre,81,34,25,22,20250222,2025-02-22,Victoria,J24,0.0,0.0,0.0,,0,0.41975308641975306
24,J13,Post,53,27,9,17,20250222,2025-02-22,Victoria,J24,0.0,0.0,0.0,,0,0.5094339622641509
24,J14,Pre,13,4,4,5,20250222,2025-02-22,Victoria,J24,0.0,0.0,0.0,,0,0.3076923076923077
24,J14,Post,2,0,0,2,20250222,2025-02-22,Victoria,J24,0.0,0.0,0.0,,0,0.0
24,J15,Pre,80,28,24,28,20250222,2025-02-22,Victoria,J24,0.0,0.0,0.0,,0,0.35
24,J15,Post,2,0,0,2,20250222,2025-02-22,Victoria,J24,0.0,0.0,0.0,,0,0.0
24,J16,Pre,38,14,12,12,20250222,2025-02-22,Victoria,J24,0.0,0.0,90.0,5.05,1,0.3684210526315789
24,J16,Post,237,159,42,36,20250222,2025-02-22,Victoria,J24,0.0,0.0,90.0,5.05,1,0.6708860759493671
24,J17,Pre,117,47,29,41,20250222,2025-02-22,Victoria,J24,0.0,0.0,0.0,,0,0.4017094017094017
24,J17,Post,37,18,10,9,20250222,2025-02-22,Victoria,J24,0.0,0.0,0.0,,0,0.4864864864864865
24,J18,Pre,45,17,14,14,20250222,2025-02-22,Victoria,J24,1.0,0.0,90.0,6.0,1,0.37777777777777777
24,J18,Post,1109,915,76,118,20250222,2025-02-22,Victoria,J24,1.0,0.0,90.0,6.0,1,0.8250676284941388
24,J19,Pre,74,23,19,32,20250222,2025-02-22,Victoria,J24,0.0,0.0,0.0,,0,0.3108108108108108
24,J19,Post,124,54,41,29,20250222,2025-02-22,Victoria,J24,0.0,0.0,0.0,,0,0.43548387096774194
24,J20,Pre,229,80,67,82,20250222,2025-02-22,Victoria,J24,0.0,0.0,0.0,,0,0.34934497816593885
24,J20,Post,53,26,11,16,20250222,2025-02-22,Victoria,J24,0.0,0.0,0.0,,0,0.49056603773584906
24,J21,Pre,84,31,20,33,20250222,2025-02-22,Victoria,J24,0.0,0.0,88.0,5.65,1,0.36904761904761907
24,J21,Post,683,413,122,148,20250222,2025-02-22,Victoria,J24,0.0,0.0,88.0,5.65,1,0.6046852122986823
24,J22,Pre,237,59,82,96,20250222,2025-02-22,Victoria,J24,0.0,0.0,80.0,6.2,1,0.2489451476793249
24,J22,Post,762,511,101,150,20250222,2025-02-22,Victoria,J24,0.0,0.0,80.0,6.2,1,0.6706036745406824
24,J23,Pre,164,62,56,46,20250222,2025-02-22,Victoria,J24,0.0,0.0,45.0,4.67,1,0.3780487804878049
24,J23,Post,461,253,80,128,20250222,2025-02-22,Victoria,J24,0.0,0.0,45.0,4.67,1,0.5488069414316703
24,J24,Pre,130,45,45,40,20250222,2025-02-22,Victoria,J24,1.0,0.0,90.0,6.3,1,0.34615384615384615
24,J24,Post,1089,854,117,118,20250222,2025-02-22,Victoria,J24,1.0,0.0,90.0,6.3,1,0.7842056932966024
24,J25,Pre,140,61,28,51,20250222,2025-02-22,Victoria,J24,0.0,0.0,23.0,5.9,1,0.4357142857142857
24,J25,Post,572,364,113,95,20250222,2025-02-22,Victoria,J24,0.0,0.0,23.0,5.9,1,0.6363636363636364
25,J01,Pre,55,19,18,18,20250301,2025-03-01,Victoria,J25,0.0,0.0,26.0,4.81,1,0.34545454545454546
25,J01,Post,174,88,39,47,20250301,2025-03-01,Victoria,J25,0.0,0.0,26.0,4.81,1,0.5057471264367817
25,J02,Pre,153,66,44,43,20250301,2025-03-01,Victoria,J25,0.0,0.0,0.0,,0,0.43137254901960786
25,J02,Post,73,37,12,24,20250301,2025-03-01,Victoria,J25,0.0,0.0,0.0,,0,0.5068493150684932
25,J03,Pre,109,38,36,35,20250301,2025-03-01,Victoria,J25,0.0,0.0,90.0,5.13,1,0.3486238532110092
25,J03,Post,353,218,58,77,20250301,2025-03-01,Victoria,J25,0.0,0.0,90.0,5.13,1,0.6175637393767706
25,J04,Pre,205,60,62,83,20250301,2025-03-01,Victoria,J25,0.0,0.0,0.0,,0,0.2926829268292683
25,J04,Post,138,68,39,31,20250301,2025-03-01,Victoria,J25,0.0,0.0,0.0,,0,0.4927536231884058
25,J05,Pre,104,34,33,37,20250301,2025-03-01,Victoria,J25,0.0,0.0,78.0,4.92,1,0.3269230769230769
25,J05,Post,389,208,93,88,20250301,2025-03-01,Victoria,J25,0.0,0.0,78.0,4.92,1,0.5347043701799485
25,J06,Pre,61,20,14,27,20250301,2025-03-01,Victoria,J25,0.0,0.0,0.0,,0,0.32786885245901637
25,J06,Post,77,38,16,23,20250301,2025-03-01,Victoria,J25,0.0,0.0,0.0,,0,0.4935064935064935
25,J07,Pre,77,28,20,29,20250301,2025-03-01,Victoria,J25,0.0,1.0,42.0,6.24,1,0.36363636363636365
25,J07,Post,610,449,57,104,20250301,2025-03-01,Victoria,J25,0.0,1.0,42.0,6.24,1,0.7360655737704918
25,J08,Pre,62,22,18,22,20250301,2025-03-01,Victoria,J25,0.0,0.0,86.0,5.03,1,0.3548387096774194
25,J08,Post,184,99,41,44,20250301,2025-03-01,Victoria,J25,0.0,0.0,86.0,5.03,1,0.5380434782608695
25,J09,Pre,75,32,21,22,20250301,2025-03-01,Victoria,J25,0.0,0.0,0.0,,0,0.4266666666666667
25,J09,Post,29,13,5,11,20250301,2025-03-01,Victoria,J25,0.0,0.0,0.0,,0,0.4482758620689655
25,J10,Pre,83,26,31,26,20250301,2025-03-01,Victoria,J25,0.0,0.0,0.0,,0,0.3132530120481928
25,J10,Post,26,12,5,9,20250301,2025-03-01,Victoria,J25,0.0,0.0,0.0,,0,0.46153846153846156
25,J11,Pre,129,43,45,41,20250301,2025-03-01,Victoria,J25,0.0,0.0,81.0,4.48,1,0.3333333333333333
25,J11,Post,271,133,77,61,20250301,2025-03-01,Victoria,J25,0.0,0.0,81.0,4.48,1,0.4907749077490775
25,J12,Pre,44,14,17,13,20250301,2025-03-01,Victoria,J25,0.0,0.0,17.0,6.54,1,0.3181818181818182
25,J12,Post,528,345,68,115,20250301,2025-03-01,Victoria,J25,0.0,0.0,17.0,6.54,1,0.6534090909090909
25,J13,Pre,91,38,31,22,20250301,2025-03-01,Victoria,J25,0.0,0.0,0.0,,0,0.4175824175824176
25,J13,Post,6,2,1,3,20250301,2025-03-01,Victoria,J25,0.0,0.0,0.0,,0,0.3333333333333333
25,J14,Pre,20,7,6,7,20250301,2025-03-01,Victoria,J25,0.0,0.0,0.0,,0,0.35
25,J14,Post,23,9,7,7,20250301,2025-03-01,Victoria,J25,0.0,0.0,0.0,,0,0.391304347826087
25,J15,Pre,57,22,20,15,20250301,2025-03-01,Victoria,J25,0.0,0.0,23.0,6.33,1,0.38596491228070173
25,J15,Post,168,106,24,38,20250301,2025-03-01,Victoria,J25,0.0,0.0,23.0,6.33,1,0.6309523809523809
25,J16,Pre,75,26,22,27,20250301,2025-03-01,Victoria,J25,0.0,0.0,85.0,5.87,1,0.3466666666666667
25,J16,Post,243,136,60,47,20250301,2025-03-01,Victoria,J25,0.0,0.0,85.0,5.87,1,0.5596707818930041
25,J17,Pre,153,54,47,52,20250301,2025-03-01,Victoria,J25,0.0,0.0,83.0,6.13,1,0.35294117647058826
25,J17,Post,410,303,45,62,20250301,2025-03-01,Victoria,J25,0.0,0.0,83.0,6.13,1,0.7390243902439024
25,J18,Pre,167,73,46,48,20250301,2025-03-01,Victoria,J25,0.0,0.0,0.0,,0,0.437125748502994
25,J18,Post,134,56,42,36,20250301,2025-03-01,Victoria,J25,0.0,0.0,0.0,,0,0.417910447761194
25,J19,Pre,148,47,55,46,20250301,2025-03-01,Victoria,J25,0.0,0.0,0.0,,0,0.31756756756756754
25,J19,Post,25,11,5,9,20250301,2025-03-01,Victoria,J25,0.0,0.0,0.0,,0,0.44
25,J20,Pre,160,46,61,53,20250301,2025-03-01,Victoria,J25,1.0,0.0,90.0,4.96,1,0.2875
25,J20,Post,823,585,113,125,20250301,2025-03-01,Victoria,J25,1.0,0.0,90.0,4.96,1,0.7108140947752126
25,J21,Pre,224,72,67,85,20250301,2025-03-01,Victoria,J25,0.0,0.0,23.0,5.17,1,0.32142857142857145
25,J21,Post,613,376,133,104,20250301,2025-03-01,Victoria,J25,0.0,0.0,23.0,5.17,1,0.6133768352365416
25,J22,Pre,180,72,38,70,20250301,2025-03-01,Victoria,J25,0.0,0.0,78.0,4.86,1,0.4
25,J22,Post,536,313,116,107,20250301,2025-03-01,Victoria,J25,0.0,0.0,78.0,4.86,1,0.5839552238805971
25,J23,Pre,179,58,69,52,20250301,2025-03-01,Victoria,J25,1.0,0.0,87.0,6.72,1,0.3240223463687151
25,J23,Post,1256,1065,102,89,20250301,2025-03-01,Victoria,J25,1.0,0.0,87.0,6.72,1,0.8479299363057324
25,J24,Pre,237,65,68,104,20250301,2025-03-01,Victoria,J25,0.0,0.0,74.0,5.83,1,0.2742616033755274
25,J24,Post,698,468,83,147,20250301,2025-03-01,Victoria,J25,0.0,0.0,74.0,5.83,1,0.670487106017192
25,J25,Pre,68,26,21,21,20250301,2025-03-01,Victoria,J25,0.0,0.0,72.0,5.7,1,0.38235294117647056
25,J25,Post,529,319,90,120,20250301,2025-03-01,Victoria,J25,0.0,0.0,72.0,5.7,1,0.6030245746691871
26,J01,Pre,67,30,19,18,20250308,2025-03-08,Derrota,J26,0.0,0.0,0.0,,0,0.44776119402985076
26,J01,Post,0,0,0,0,20250308,2025-03-08,Derrota,J26,0.0,0.0,0.0,,0,
26,J02,Pre,150,62,39,49,20250308,2025-03-08,Derrota,J26,0.0,0.0,0.0,,0,0.41333333333333333
26,J02,Post,13,6,3,4,20250308,2025-03-08,Derrota,J26,0.0,0.0,0.0,,0,0.46153846153846156
26,J03,Pre,128,65,31,32,20250308,2025-03-08,Derrota,J26,0.0,0.0,21.0,6.46,1,0.5078125
26,J03,Post,310,81,126,103,20250308,2025-03-08,Derrota,J26,0.0,0.0,21.0,6.46,1,0.26129032258064516
26,J04,Pre,344,167,94,83,20250308,2025-03-08,Derrota,J26,0.0,0.0,85.0,5.79,1,0.48546511627906974
26,J04,Post,416,73,179,164,20250308,2025-03-08,Derrota,J26,0.0,0.0,85.0,5.79,1,0.17548076923076922
26,J05,Pre,139,47,54,38,20250308,2025-03-08,Derrota,J26,0.0,0.0,0.0,,0,0.3381294964028777
26,J05,Post,71,30,22,19,20250308,2025-03-08,Derrota,J26,0.0,0.0,0.0,,0,0.4225352112676056
26,J06,Pre,101,43,32,26,20250308,2025-03-08,Derrota,J26,0.0,1.0,74.0,6.21,1,0.42574257425742573
26,J06,Post,304,77,87,140,20250308,2025-03-08,Derrota,J26,0.0,1.0,74.0,6.21,1,0.2532894736842105
26,J07,Pre,119,56,27,36,20250308,2025-03-08,Derrota,J26,0.0,0.0,0.0,,0,0.47058823529411764
26,J07,Post,57,27,15,15,20250308,2025-03-08,Derrota,J26,0.0,0.0,0.0,,0,0.47368421052631576
26,J08,Pre,67,30,13,24,20250308,2025-03-08,Derrota,J26,0.0,0.0,59.0,6.45,1,0.44776119402985076
26,J08,Post,197,55,60,82,20250308,2025-03-08,Derrota,J26,0.0,0.0,59.0,6.45,1,0.27918781725888325
26,J09,Pre,158,75,31,52,20250308,2025-03-08,Derrota,J26,0.0,0.0,28.0,5.95,1,0.47468354430379744
26,J09,Post,418,148,129,141,20250308,2025-03-08,Derrota,J26,0.0,0.0,28.0,5.95,1,0.35406698564593303
26,J10,Pre,72,31,24,17,20250308,2025-03-08,Derrota,J26,0.0,0.0,0.0,,0,0.4305555555555556
26,J10,Post,70,35,17,18,20250308,2025-03-08,Derrota,J26,0.0,0.0,0.0,,0,0.5
26,J11,Pre,216,108,49,59,20250308,2025-03-08,Derrota,J26,0.0,0.0,0.0,,0,0.5
26,J11,Post,136,63,27,46,20250308,2025-03-08,Derrota,J26,0.0,0.0,0.0,,0,0.4632352941176471
26,J12,Pre,156,76,30,50,20250308,2025-03-08,Derrota,J26,0.0,0.0,90.0,5.66,1,0.48717948717948717
26,J12,Post,298,63,110,125,20250308,2025-03-08,Derrota,J26,0.0,0.0,90.0,5.66,1,0.21140939597315436
26,J13,Pre,205,84,59,62,20250308,2025-03-08,Derrota,J26,0.0,0.0,87.0,5.54,1,0.4097560975609756
26,J13,Post,259,97,91,71,20250308,2025-03-08,Derrota,J26,0.0,0.0,87.0,5.54,1,0.3745173745173745
26,J14,Pre,39,18,7,14,20250308,2025-03-08,Derrota,J26,0.0,0.0,24.0,5.5,1,0.46153846153846156
26,J14,Post,73,23,24,26,20250308,2025-03-08,Derrota,J26,0.0,0.0,24.0,5.5,1,0.3150684931506849
26,J15,Pre,66,35,11,20,20250308,2025-03-08,Derrota,J26,0.0,0.0,0.0,,0,0.5303030303030303
26,J15,Post,17,7,4,6,20250308,2025-03-08,Derrota,J26,0.0,0.0,0.0,,0,0.4117647058823529
26,J16,Pre,81,42,14,25,20250308,2025-03-08,Derrota,J26,0.0,0.0,26.0,6.07,1,0.5185185185185185
26,J16,Post,229,56,85,88,20250308,2025-03-08,Derrota,J26,0.0,0.0,26.0,6.07,1,0.2445414847161572
26,J17,Pre,76,31,21,24,20250308,2025-03-08,Derrota,J26,0.0,0.0,0.0,,0,0.40789473684210525
26,J17,Post,25,11,5,9,20250308,2025-03-08,Derrota,J26,0.0,0.0,0.0,,0,0.44
26,J18,Pre,232,91,80,61,20250308,2025-03-08,Derrota,J26,0.0,0.0,88.0,6.51,1,0.3922413793103448
26,J18,Post,495,175,125,195,20250308,2025-03-08,Derrota,J26,0.0,0.0,88.0,6.51,1,0.35353535353535354
26,J19,Pre,93,38,24,31,20250308,2025-03-08,Derrota,J26,0.0,0.0,65.0,5.79,1,0.40860215053763443
26,J19,Post,257,65,97,95,20250308,2025-03-08,Derrota,J26,0.0,0.0,65.0,5.79,1,0.2529182879377432
26,J20,Pre,307,144,71,92,20250308,2025-03-08,Derrota,J26,0.0,0.0,10.0,6.8,1,0.46905537459283386
26,J20,Post,473,184,134,155,20250308,2025-03-08,Derrota,J26,0.0,0.0,10.0,6.8,1,0.3890063424947146
26,J21,Pre,165,76,36,53,20250308,2025-03-08,Derrota,J26,0.0,0.0,66.0,4.66,1,0.46060606060606063
26,J21,Post,261,21,97,143,20250308,2025-03-08,Derrota,J26,0.0,0.0,66.0,4.66,1,0.08045977011494253
26,J22,Pre,147,57,43,47,20250308,2025-03-08,Derrota,J26,0.0,0.0,71.0,4.88,1,0.3877551020408163
26,J22,Post,318,88,133,97,20250308,2025-03-08,Derrota,J26,0.0,0.0,71.0,4.88,1,0.27672955974842767
26,J23,Pre,319,163,65,91,20250308,2025-03-08,Derrota,J26,0.0,0.0,80.0,5.55,1,0.5109717868338558
26,J23,Post,448,132,160,156,20250308,2025-03-08,Derrota,J26,0.0,0.0,80.0,5.55,1,0.29464285714285715
26,J24,Pre,235,104,53,78,20250308,2025-03-08,Derrota,J26,0.0,1.0,79.0,6.96,1,0.4425531914893617
26,J24,Post,739,282,205,252,20250308,2025-03-08,Derrota,J26,0.0,1.0,79.0,6.96,1,0.38159675236806495
26,J25,Pre,219,99,64,56,20250308,2025-03-08,Derrota,J26,0.0,0.0,0.0,,0,0.4520547945205479
26,J25,Post,14,7,3,4,20250308,2025-03-08,Derrota,J26,0.0,0.0,0.0,,0,0.5
27,J01,Pre,73,28,19,26,20250315,2025-03-15,Empate,J27,0.0,0.0,90.0,6.17,1,0.3835616438356164
27,J01,Post,159,71,50,38,20250315,2025-03-15,Empate,J27,0.0,0.0,90.0,6.17,1,0.44654088050314467
27,J02,Pre,154,64,45,45,20250315,2025-03-15,Empate,J27,0.0,0.0,29.0,6.82,1,0.4155844155844156
27,J02,Post,454,242,95,117,20250315,2025-03-15,Empate,J27,0.0,0.0,29.0,6.82,1,0.5330396475770925
27,J03,Pre,126,59,36,31,20250315,2025-03-15,Empate,J27,0.0,0.0,0.0,,0,0.46825396825396826
27,J03,Post,62,24,19,19,20250315,2025-03-15,Empate,J27,0.0,0.0,0.0,,0,0.3870967741935484
27,J04,Pre,237,111,65,61,20250315,2025-03-15,Empate,J27,0.0,0.0,87.0,6.68,1,0.46835443037974683
27,J04,Post,611,296,111,204,20250315,2025-03-15,Empate,J27,0.0,0.0,87.0,6.68,1,0.4844517184942717
27,J05,Pre,142,63,43,36,20250315,2025-03-15,Empate,J27,0.0,0.0,0.0,,0,0.44366197183098594
27,J05,Post,18,10,3,5,20250315,2025-03-15,Empate,J27,0.0,0.0,0.0,,0,0.5555555555555556
27,J06,Pre,106,45,27,34,20250315,2025-03-15,Empate,J27,0.0,0.0,30.0,6.83,1,0.42452830188679247
27,J06,Post,304,161,81,62,20250315,2025-03-15,Empate,J27,0.0,0.0,30.0,6.83,1,0.5296052631578947
27,J07,Pre,114,43,41,30,20250315,2025-03-15,Empate,J27,0.0,1.0,74.0,5.59,1,0.37719298245614036
27,J07,Post,484,284,93,107,20250315,2025-03-15,Empate,J27,0.0,1.0,74.0,5.59,1,0.5867768595041323
27,J08,Pre,67,29,20,18,20250315,2025-03-15,Empate,J27,0.0,0.0,14.0,6.73,1,0.43283582089552236
27,J08,Post,188,99,43,46,20250315,2025-03-15,Empate,J27,0.0,0.0,14.0,6.73,1,0.526595744680851
27,J09,Pre,176,68,39,69,20250315,2025-03-15,Empate,J27,0.0,0.0,0.0,,0,0.38636363636363635
27,J09,Post,9,3,3,3,20250315,2025-03-15,Empate,J27,0.0,0.0,0.0,,0,0.3333333333333333
27,J10,Pre,80,32,27,21,20250315,2025-03-15,Empate,J27,0.0,0.0,0.0,,0,0.4
27,J10,Post,18,7,5,6,20250315,2025-03-15,Empate,J27,0.0,0.0,0.0,,0,0.3888888888888889
27,J11,Pre,24,10,8,6,20250315,2025-03-15,Empate,J27,0.0,1.0,90.0,6.04,1,0.4166666666666667
27,J11,Post,500,273,134,93,20250315,2025-03-15,Empate,J27,0.0,1.0,90.0,6.04,1,0.546
27,J12,Pre,129,66,28,35,20250315,2025-03-15,Empate,J27,1.0,0.0,90.0,6.09,1,0.5116279069767442
27,J12,Post,684,395,131,158,20250315,2025-03-15,Empate,J27,1.0,0.0,90.0,6.09,1,0.577485380116959
27,J13,Pre,72,28,24,20,20250315,2025-03-15,Empate,J27,0.0,0.0,0.0,,0,0.3888888888888889
27,J13,Post,15,6,4,5,20250315,2025-03-15,Empate,J27,0.0,0.0,0.0,,0,0.4
27,J14,Pre,47,22,14,11,20250315,2025-03-15,Empate,J27,0.0,0.0,60.0,4.85,1,0.46808510638297873
27,J14,Post,91,39,18,34,20250315,2025-03-15,Empate,J27,0.0,0.0,60.0,4.85,1,0.42857142857142855
27,J15,Pre,31,12,7,12,20250315,2025-03-15,Empate,J27,0.0,0.0,90.0,5.55,1,0.3870967741935484
27,J15,Post,109,51,21,37,20250315,2025-03-15,Empate,J27,0.0,0.0,90.0,5.55,1,0.46788990825688076
27,J16,Pre,78,36,23,19,20250315,2025-03-15,Empate,J27,0.0,0.0,86.0,4.71,1,0.46153846153846156
27,J16,Post,119,51,30,38,20250315,2025-03-15,Empate,J27,0.0,0.0,86.0,4.71,1,0.42857142857142855
27,J17,Pre,68,33,17,18,20250315,2025-03-15,Empate,J27,0.0,0.0,70.0,6.88,1,0.4852941176470588
27,J17,Post,291,151,54,86,20250315,2025-03-15,Empate,J27,0.0,0.0,70.0,6.88,1,0.5189003436426117
27,J18,Pre,178,91,36,51,20250315,2025-03-15,Empate,J27,0.0,1.0,83.0,6.93,1,0.5112359550561798
27,J18,Post,767,448,166,153,20250315,2025-03-15,Empate,J27,0.0,1.0,83.0,6.93,1,0.5840938722294654
27,J19,Pre,179,90,49,40,20250315,2025-03-15,Empate,J27,0.0,0.0,20.0,5.58,1,0.5027932960893855
27,J19,Post,332,145,108,79,20250315,2025-03-15,Empate,J27,0.0,0.0,20.0,5.58,1,0.4367469879518072
27,J20,Pre,117,57,24,36,20250315,2025-03-15,Empate,J27,0.0,0.0,0.0,,0,0.48717948717948717
27,J20,Post,129,61,24,44,20250315,2025-03-15,Empate,J27,0.0,0.0,0.0,,0,0.4728682170542636
27,J21,Pre,200,95,59,46,20250315,2025-03-15,Empate,J27,0.0,0.0,73.0,5.55,1,0.475
27,J21,Post,501,225,106,170,20250315,2025-03-15,Empate,J27,0.0,0.0,73.0,5.55,1,0.4491017964071856
27,J22,Pre,192,76,66,50,20250315,2025-03-15,Empate,J27,0.0,0.0,26.0,5.85,1,0.3958333333333333
27,J22,Post,432,196,116,120,20250315,2025-03-15,Empate,J27,0.0,0.0,26.0,5.85,1,0.4537037037037037
27,J23,Pre,214,110,56,48,20250315,2025-03-15,Empate,J27,0.0,0.0,0.0,,0,0.514018691588785
27,J23,Post,26,10,6,10,20250315,2025-03-15,Empate,J27,0.0,0.0,0.0,,0,0.38461538461538464
27,J24,Pre,142,56,37,49,20250315,2025-03-15,Empate,J27,0.0,0.0,0.0,,0,0.39436619718309857
27,J24,Post,116,52,26,38,20250315,2025-03-15,Empate,J27,0.0,0.0,0.0,,0,0.4482758620689655
27,J25,Pre,192,91,50,51,20250315,2025-03-15,Empate,J27,0.0,0.0,0.0,,0,0.4739583333333333
27,J25,Post,59,23,18,18,20250315,2025-03-15,Empate,J27,0.0,0.0,0.0,,0,0.3898305084745763
28,J01,Pre,48,16,15,17,20250322,2025-03-22,Empate,J28,0.0,0.0,69.0,6.12,1,0.3333333333333333
28,J01,Post,166,94,31,41,20250322,2025-03-22,Empate,J28,0.0,0.0,69.0,6.12,1,0.5662650602409639
28,J02,Pre,120,50,28,42,20250322,2025-03-22,Empate,J28,0.0,0.0,0.0,,0,0.4166666666666667
28,J02,Post,7,3,2,2,20250322,2025-03-22,Empate,J28,0.0,0.0,0.0,,0,0.42857142857142855
28,J03,Pre,81,30,26,25,20250322,2025-03-22,Empate,J28,0.0,0.0,85.0,6.02,1,0.37037037037037035
28,J03,Post,330,166,61,103,20250322,2025-03-22,Empate,J28,0.0,0.0,85.0,6.02,1,0.503030303030303
28,J04,Pre,183,65,70,48,20250322,2025-03-22,Empate,J28,0.0,0.0,13.0,4.27,1,0.3551912568306011
28,J04,Post,406,155,127,124,20250322,2025-03-22,Empate,J28,0.0,0.0,13.0,4.27,1,0.3817733990147783
28,J05,Pre,157,62,43,52,20250322,2025-03-22,Empate,J28,0.0,0.0,30.0,6.07,1,0.39490445859872614
28,J05,Post,455,255,71,129,20250322,2025-03-22,Empate,J28,0.0,0.0,30.0,6.07,1,0.5604395604395604
28,J06,Pre,97,33,23,41,20250322,2025-03-22,Empate,J28,0.0,0.0,0.0,,0,0.3402061855670103
28,J06,Post,96,46,27,23,20250322,2025-03-22,Empate,J28,0.0,0.0,0.0,,0,0.4791666666666667
28,J07,Pre,175,57,42,76,20250322,2025-03-22,Empate,J28,0.0,0.0,82.0,6.06,1,0.32571428571428573
28,J07,Post,336,174,77,85,20250322,2025-03-22,Empate,J28,0.0,0.0,82.0,6.06,1,0.5178571428571429
28,J08,Pre,50,14,20,16,20250322,2025-03-22,Empate,J28,0.0,0.0,0.0,,0,0.28
28,J08,Post,28,15,4,9,20250322,2025-03-22,Empate,J28,0.0,0.0,0.0,,0,0.5357142857142857
28,J09,Pre,179,65,63,51,20250322,2025-03-22,Empate,J28,0.0,0.0,79.0,5.22,1,0.36312849162011174
28,J09,Post,311,123,112,76,20250322,2025-03-22,Empate,J28,0.0,0.0,79.0,5.22,1,0.3954983922829582
28,J10,Pre,42,13,16,13,20250322,2025-03-22,Empate,J28,0.0,0.0,90.0,5.53,1,0.30952380952380953
28,J10,Post,159,71,35,53,20250322,2025-03-22,Empate,J28,0.0,0.0,90.0,5.53,1,0.44654088050314467
28,J11,Pre,100,38,32,30,20250322,2025-03-22,Empate,J28,0.0,0.0,77.0,4.35,1,0.38
28,J11,Post,257,119,74,64,20250322,2025-03-22,Empate,J28,0.0,0.0,77.0,4.35,1,0.46303501945525294
28,J12,Pre,51,21,12,18,20250322,2025-03-22,Empate,J28,0.0,0.0,82.0,5.69,1,0.4117647058823529
28,J12,Post,435,207,113,115,20250322,2025-03-22,Empate,J28,0.0,0.0,82.0,5.69,1,0.47586206896551725
28,J13,Pre,177,63,44,70,20250322,2025-03-22,Empate,J28,0.0,0.0,0.0,,0,0.3559322033898305
28,J13,Post,1,0,0,1,20250322,2025-03-22,Empate,J28,0.0,0.0,0.0,,0,0.0
28,J14,Pre,16,5,4,7,20250322,2025-03-22,Empate,J28,0.0,0.0,0.0,,0,0.3125
28,J14,Post,10,4,3,3,20250322,2025-03-22,Empate,J28,0.0,0.0,0.0,,0,0.4
28,J15,Pre,57,20,19,18,20250322,2025-03-22,Empate,J28,0.0,0.0,26.0,5.36,1,0.3508771929824561
28,J15,Post,121,52,37,32,20250322,2025-03-22,Empate,J28,0.0,0.0,26.0,5.36,1,0.4297520661157025
28,J16,Pre,102,33,29,40,20250322,2025-03-22,Empate,J28,0.0,0.0,90.0,5.17,1,0.3235294117647059
28,J16,Post,113,53,24,36,20250322,2025-03-22,Empate,J28,0.0,0.0,90.0,5.17,1,0.4690265486725664
28,J17,Pre,126,47,42,37,20250322,2025-03-22,Empate,J28,0.0,0.0,0.0,,0,0.373015873015873
28,J17,Post,30,12,8,10,20250322,2025-03-22,Empate,J28,0.0,0.0,0.0,,0,0.4
28,J18,Pre,232,78,75,79,20250322,2025-03-22,Empate,J28,0.0,1.0,82.0,4.78,1,0.33620689655172414
28,J18,Post,665,351,177,137,20250322,2025-03-22,Empate,J28,0.0,1.0,82.0,4.78,1,0.5278195488721804
28,J19,Pre,139,47,53,39,20250322,2025-03-22,Empate,J28,0.0,0.0,0.0,,0,0.3381294964028777
28,J19,Post,12,6,2,4,20250322,2025-03-22,Empate,J28,0.0,0.0,0.0,,0,0.5
28,J20,Pre,87,32,20,35,20250322,2025-03-22,Empate,J28,0.0,0.0,72.0,5.98,1,0.367816091954023
28,J20,Post,302,144,68,90,20250322,2025-03-22,Empate,J28,0.0,0.0,72.0,5.98,1,0.4768211920529801
28,J21,Pre,129,39,45,45,20250322,2025-03-22,Empate,J28,0.0,0.0,45.0,5.46,1,0.3023255813953488
28,J21,Post,489,218,149,122,20250322,2025-03-22,Empate,J28,0.0,0.0,45.0,5.46,1,0.4458077709611452
28,J22,Pre,223,80,66,77,20250322,2025-03-22,Empate,J28,0.0,0.0,74.0,6.25,1,0.35874439461883406
28,J22,Post,538,285,106,147,20250322,2025-03-22,Empate,J28,0.0,0.0,74.0,6.25,1,0.5297397769516728
28,J23,Pre,148,54,55,39,20250322,2025-03-22,Empate,J28,0.0,0.0,0.0,,0,0.36486486486486486
28,J23,Post,0,0,0,0,20250322,2025-03-22,Empate,J28,0.0,0.0,0.0,,0,
28,J24,Pre,40,13,10,17,20250322,2025-03-22,Empate,J28,0.0,0.0,0.0,,0,0.325
28,J24,Post,134,64,28,42,20250322,2025-03-22,Empate,J28,0.0,0.0,0.0,,0,0.47761194029850745
28,J25,Pre,144,66,29,49,20250322,2025-03-22,Empate,J28,0.0,0.0,18.0,4.99,1,0.4583333333333333
28,J25,Post,380,163,108,109,20250322,2025-03-22,Empate,J28,0.0,0.0,18.0,4.99,1,0.42894736842105263
29,J01,Pre,59,21,21,17,20250329,2025-03-29,Derrota,J29,0.0,1.0,90.0,5.49,1,0.3559322033898305
29,J01,Post,191,60,58,73,20250329,2025-03-29,Derrota,J29,0.0,1.0,90.0,5.49,1,0.31413612565445026
29,J02,Pre,161,66,55,40,20250329,2025-03-29,Derrota,J29,0.0,0.0,17.0,6.58,1,0.40993788819875776
29,J02,Post,405,121,120,164,20250329,2025-03-29,Derrota,J29,0.0,0.0,17.0,6.58,1,0.29876543209876544
29,J03,Pre,87,35,23,29,20250329,2025-03-29,Derrota,J29,0.0,0.0,0.0,,0,0.40229885057471265
29,J03,Post,57,27,16,14,20250329,2025-03-29,Derrota,J29,0.0,0.0,0.0,,0,0.47368421052631576
29,J04,Pre,130,56,40,34,20250329,2025-03-29,Derrota,J29,0.0,0.0,0.0,,0,0.4307692307692308
29,J04,Post,203,99,57,47,20250329,2025-03-29,Derrota,J29,0.0,0.0,0.0,,0,0.4876847290640394
29,J05,Pre,129,46,45,38,20250329,2025-03-29,Derrota,J29,0.0,0.0,0.0,,0,0.35658914728682173
29,J05,Post,50,23,11,16,20250329,2025-03-29,Derrota,J29,0.0,0.0,0.0,,0,0.46
29,J06,Pre,68,25,21,22,20250329,2025-03-29,Derrota,J29,0.0,0.0,0.0,,0,0.36764705882352944
29,J06,Post,0,0,0,0,20250329,2025-03-29,Derrota,J29,0.0,0.0,0.0,,0,
29,J07,Pre,168,54,62,52,20250329,2025-03-29,Derrota,J29,0.0,0.0,82.0,5.42,1,0.32142857142857145
29,J07,Post,282,82,76,124,20250329,2025-03-29,Derrota,J29,0.0,0.0,82.0,5.42,1,0.2907801418439716
29,J08,Pre,81,25,24,32,20250329,2025-03-29,Derrota,J29,0.0,0.0,90.0,5.79,1,0.30864197530864196
29,J08,Post,155,40,67,48,20250329,2025-03-29,Derrota,J29,0.0,0.0,90.0,5.79,1,0.25806451612903225
29,J09,Pre,143,37,41,65,20250329,2025-03-29,Derrota,J29,0.0,0.0,17.0,6.2,1,0.25874125874125875
29,J09,Post,299,110,79,110,20250329,2025-03-29,Derrota,J29,0.0,0.0,17.0,6.2,1,0.36789297658862874
29,J10,Pre,80,33,21,26,20250329,2025-03-29,Derrota,J29,0.0,0.0,0.0,,0,0.4125
29,J10,Post,24,10,7,7,20250329,2025-03-29,Derrota,J29,0.0,0.0,0.0,,0,0.4166666666666667
29,J11,Pre,75,30,22,23,20250329,2025-03-29,Derrota,J29,0.0,0.0,44.0,5.64,1,0.4
29,J11,Post,334,122,94,118,20250329,2025-03-29,Derrota,J29,0.0,0.0,44.0,5.64,1,0.3652694610778443
29,J12,Pre,166,53,64,49,20250329,2025-03-29,Derrota,J29,0.0,0.0,45.0,4.47,1,0.3192771084337349
29,J12,Post,297,44,93,160,20250329,2025-03-29,Derrota,J29,0.0,0.0,45.0,4.47,1,0.14814814814814814
29,J13,Pre,67,20,18,29,20250329,2025-03-29,Derrota,J29,1.0,0.0,86.0,5.7,1,0.29850746268656714
29,J13,Post,612,227,188,197,20250329,2025-03-29,Derrota,J29,1.0,0.0,86.0,5.7,1,0.3709150326797386
29,J14,Pre,16,5,4,7,20250329,2025-03-29,Derrota,J29,0.0,0.0,60.0,5.28,1,0.3125
29,J14,Post,84,14,27,43,20250329,2025-03-29,Derrota,J29,0.0,0.0,60.0,5.28,1,0.16666666666666666
29,J15,Pre,55,18,21,16,20250329,2025-03-29,Derrota,J29,0.0,0.0,0.0,,0,0.32727272727272727
29,J15,Post,6,2,1,3,20250329,2025-03-29,Derrota,J29,0.0,0.0,0.0,,0,0.3333333333333333
29,J16,Pre,66,27,17,22,20250329,2025-03-29,Derrota,J29,0.0,0.0,83.0,5.89,1,0.4090909090909091
29,J16,Post,186,56,76,54,20250329,2025-03-29,Derrota,J29,0.0,0.0,83.0,5.89,1,0.3010752688172043
29,J17,Pre,102,29,41,32,20250329,2025-03-29,Derrota,J29,0.0,0.0,80.0,5.85,1,0.28431372549019607
29,J17,Post,286,62,105,119,20250329,2025-03-29,Derrota,J29,0.0,0.0,80.0,5.85,1,0.21678321678321677
29,J18,Pre,261,99,91,71,20250329,2025-03-29,Derrota,J29,0.0,0.0,89.0,4.52,1,0.3793103448275862
29,J18,Post,400,84,172,144,20250329,2025-03-29,Derrota,J29,0.0,0.0,89.0,4.52,1,0.21
29,J19,Pre,108,36,38,34,20250329,2025-03-29,Derrota,J29,0.0,0.0,45.0,5.31,1,0.3333333333333333
29,J19,Post,237,57,76,104,20250329,2025-03-29,Derrota,J29,0.0,0.0,45.0,5.31,1,0.24050632911392406
29,J20,Pre,191,54,58,79,20250329,2025-03-29,Derrota,J29,0.0,0.0,0.0,,0,0.28272251308900526
29,J20,Post,96,46,22,28,20250329,2025-03-29,Derrota,J29,0.0,0.0,0.0,,0,0.4791666666666667
29,J21,Pre,244,80,96,68,20250329,2025-03-29,Derrota,J29,0.0,0.0,83.0,5.66,1,0.32786885245901637
29,J21,Post,542,128,203,211,20250329,2025-03-29,Derrota,J29,0.0,0.0,83.0,5.66,1,0.23616236162361623
29,J22,Pre,129,49,38,42,20250329,2025-03-29,Derrota,J29,0.0,0.0,79.0,4.55,1,0.3798449612403101
29,J22,Post,352,89,104,159,20250329,2025-03-29,Derrota,J29,0.0,0.0,79.0,4.55,1,0.2528409090909091
29,J23,Pre,117,36,35,46,20250329,2025-03-29,Derrota,J29,0.0,0.0,0.0,,0,0.3076923076923077
29,J23,Post,33,17,5,11,20250329,2025-03-29,Derrota,J29,0.0,0.0,0.0,,0,0.5151515151515151
29,J24,Pre,184,60,57,67,20250329,2025-03-29,Derrota,J29,0.0,0.0,80.0,6.1,1,0.32608695652173914
29,J24,Post,496,136,154,206,20250329,2025-03-29,Derrota,J29,0.0,0.0,80.0,6.1,1,0.27419354838709675
29,J25,Pre,163,50,63,50,20250329,2025-03-29,Derrota,J29,0.0,0.0,0.0,,0,0.3067484662576687
29,J25,Post,50,27,12,11,20250329,2025-03-29,Derrota,J29,0.0,0.0,0.0,,0,0.54
30,J01,Pre,57,17,17,23,20250405,2025-04-05,Derrota,J30,0.0,0.0,77.0,5.96,1,0.2982456140350877
30,J01,Post,155,29,71,55,20250405,2025-04-05,Derrota,J30,0.0,0.0,77.0,5.96,1,0.1870967741935484
30,J02,Pre,126,51,39,36,20250405,2025-04-05,Derrota,J30,0.0,1.0,60.0,6.28,1,0.40476190476190477
30,J02,Post,483,169,159,155,20250405,2025-04-05,Derrota,J30,0.0,1.0,60.0,6.28,1,0.3498964803312629
30,J03,Pre,161,46,60,55,20250405,2025-04-05,Derrota,J30,0.0,0.0,89.0,5.26,1,0.2857142857142857
30,J03,Post,252,65,73,114,20250405,2025-04-05,Derrota,J30,0.0,0.0,89.0,5.26,1,0.25793650793650796
30,J04,Pre,228,101,47,80,20250405,2025-04-05,Derrota,J30,0.0,0.0,22.0,6.18,1,0.44298245614035087
30,J04,Post,574,160,167,247,20250405,2025-04-05,Derrota,J30,0.0,0.0,22.0,6.18,1,0.2787456445993031
30,J05,Pre,65,30,16,19,20250405,2025-04-05,Derrota,J30,0.0,0.0,7.0,5.0,1,0.46153846153846156
30,J05,Post,291,52,124,115,20250405,2025-04-05,Derrota,J30,0.0,0.0,7.0,5.0,1,0.17869415807560138
30,J06,Pre,71,28,22,21,20250405,2025-04-05,Derrota,J30,0.0,0.0,90.0,5.69,1,0.39436619718309857
30,J06,Post,198,55,63,80,20250405,2025-04-05,Derrota,J30,0.0,0.0,90.0,5.69,1,0.2777777777777778
30,J07,Pre,192,74,53,65,20250405,2025-04-05,Derrota,J30,0.0,0.0,83.0,6.71,1,0.3854166666666667
30,J07,Post,389,112,150,127,20250405,2025-04-05,Derrota,J30,0.0,0.0,83.0,6.71,1,0.2879177377892031
30,J08,Pre,85,32,24,29,20250405,2025-04-05,Derrota,J30,0.0,0.0,0.0,,0,0.3764705882352941
30,J08,Post,44,22,10,12,20250405,2025-04-05,Derrota,J30,0.0,0.0,0.0,,0,0.5
30,J09,Pre,109,37,39,33,20250405,2025-04-05,Derrota,J30,0.0,0.0,90.0,5.43,1,0.3394495412844037
30,J09,Post,433,110,160,163,20250405,2025-04-05,Derrota,J30,0.0,0.0,90.0,5.43,1,0.2540415704387991
30,J10,Pre,98,44,23,31,20250405,2025-04-05,Derrota,J30,0.0,0.0,62.0,5.72,1,0.4489795918367347
30,J10,Post,169,46,64,59,20250405,2025-04-05,Derrota,J30,0.0,0.0,62.0,5.72,1,0.27218934911242604
30,J11,Pre,155,70,34,51,20250405,2025-04-05,Derrota,J30,0.0,0.0,0.0,,0,0.45161290322580644
30,J11,Post,0,0,0,0,20250405,2025-04-05,Derrota,J30,0.0,0.0,0.0,,0,
30,J12,Pre,103,35,24,44,20250405,2025-04-05,Derrota,J30,0.0,0.0,63.0,5.1,1,0.33980582524271846
30,J12,Post,322,82,112,128,20250405,2025-04-05,Derrota,J30,0.0,0.0,63.0,5.1,1,0.2546583850931677
30,J13,Pre,33,16,6,11,20250405,2025-04-05,Derrota,J30,0.0,1.0,90.0,5.5,1,0.48484848484848486
30,J13,Post,498,187,123,188,20250405,2025-04-05,Derrota,J30,0.0,1.0,90.0,5.5,1,0.3755020080321285
30,J14,Pre,36,11,14,11,20250405,2025-04-05,Derrota,J30,0.0,0.0,83.0,4.78,1,0.3055555555555556
30,J14,Post,58,12,19,27,20250405,2025-04-05,Derrota,J30,0.0,0.0,83.0,4.78,1,0.20689655172413793
30,J15,Pre,62,23,22,17,20250405,2025-04-05,Derrota,J30,0.0,0.0,0.0,,0,0.3709677419354839
30,J15,Post,14,7,3,4,20250405,2025-04-05,Derrota,J30,0.0,0.0,0.0,,0,0.5
30,J16,Pre,61,24,12,25,20250405,2025-04-05,Derrota,J30,0.0,0.0,0.0,,0,0.39344262295081966
30,J16,Post,71,41,16,14,20250405,2025-04-05,Derrota,J30,0.0,0.0,0.0,,0,0.5774647887323944
30,J17,Pre,125,60,35,30,20250405,2025-04-05,Derrota,J30,0.0,0.0,0.0,,0,0.48
30,J17,Post,42,21,9,12,20250405,2025-04-05,Derrota,J30,0.0,0.0,0.0,,0,0.5
30,J18,Pre,277,106,65,106,20250405,2025-04-05,Derrota,J30,0.0,0.0,0.0,,0,0.38267148014440433
30,J18,Post,66,35,18,13,20250405,2025-04-05,Derrota,J30,0.0,0.0,0.0,,0,0.5303030303030303
30,J19,Pre,82,35,18,29,20250405,2025-04-05,Derrota,J30,0.0,0.0,21.0,6.21,1,0.4268292682926829
30,J19,Post,314,84,90,140,20250405,2025-04-05,Derrota,J30,0.0,0.0,21.0,6.21,1,0.267515923566879
30,J20,Pre,132,54,44,34,20250405,2025-04-05,Derrota,J30,0.0,0.0,0.0,,0,0.4090909090909091
30,J20,Post,54,23,17,14,20250405,2025-04-05,Derrota,J30,0.0,0.0,0.0,,0,0.42592592592592593
30,J21,Pre,231,83,65,83,20250405,2025-04-05,Derrota,J30,0.0,0.0,64.0,5.47,1,0.3593073593073593
30,J21,Post,391,88,151,152,20250405,2025-04-05,Derrota,J30,0.0,0.0,64.0,5.47,1,0.22506393861892582
30,J22,Pre,70,24,22,24,20250405,2025-04-05,Derrota,J30,0.0,0.0,0.0,,0,0.34285714285714286
30,J22,Post,73,39,12,22,20250405,2025-04-05,Derrota,J30,0.0,0.0,0.0,,0,0.5342465753424658
30,J23,Pre,145,63,30,52,20250405,2025-04-05,Derrota,J30,1.0,0.0,45.0,6.59,1,0.43448275862068964
30,J23,Post,1036,495,231,310,20250405,2025-04-05,Derrota,J30,1.0,0.0,45.0,6.59,1,0.4777992277992278
30,J24,Pre,146,65,45,36,20250405,2025-04-05,Derrota,J30,0.0,0.0,33.0,6.18,1,0.4452054794520548
30,J24,Post,561,156,171,234,20250405,2025-04-05,Derrota,J30,0.0,0.0,33.0,6.18,1,0.27807486631016043
30,J25,Pre,103,51,29,23,20250405,2025-04-05,Derrota,J30,0.0,0.0,0.0,,0,0.49514563106796117
30,J25,Post,18,8,5,5,20250405,2025-04-05,Derrota,J30,0.0,0.0,0.0,,0,0.4444444444444444
31,J01,Pre,54,20,18,16,20250419,2025-04-19,Victoria,J31,0.0,0.0,70.0,4.07,1,0.37037037037037035
31,J01,Post,122,63,24,35,20250419,2025-04-19,Victoria,J31,0.0,0.0,70.0,4.07,1,0.5163934426229508
31,J02,Pre,112,40,27,45,20250419,2025-04-19,Victoria,J31,0.0,0.0,0.0,,0,0.35714285714285715
31,J02,Post,25,12,5,8,20250419,2025-04-19,Victoria,J31,0.0,0.0,0.0,,0,0.48
31,J03,Pre,103,32,33,38,20250419,2025-04-19,Victoria,J31,0.0,1.0,90.0,5.96,1,0.3106796116504854
31,J03,Post,510,368,80,62,20250419,2025-04-19,Victoria,J31,0.0,1.0,90.0,5.96,1,0.7215686274509804
31,J04,Pre,136,34,58,44,20250419,2025-04-19,Victoria,J31,0.0,0.0,0.0,,0,0.25
31,J04,Post,174,81,34,59,20250419,2025-04-19,Victoria,J31,0.0,0.0,0.0,,0,0.46551724137931033
31,J05,Pre,89,29,35,25,20250419,2025-04-19,Victoria,J31,0.0,0.0,0.0,,0,0.3258426966292135
31,J05,Post,56,25,16,15,20250419,2025-04-19,Victoria,J31,0.0,0.0,0.0,,0,0.44642857142857145
31,J06,Pre,84,23,22,39,20250419,2025-04-19,Victoria,J31,0.0,0.0,90.0,4.95,1,0.27380952380952384
31,J06,Post,289,146,74,69,20250419,2025-04-19,Victoria,J31,0.0,0.0,90.0,4.95,1,0.5051903114186851
31,J07,Pre,75,29,22,24,20250419,2025-04-19,Victoria,J31,1.0,0.0,87.0,6.04,1,0.38666666666666666
31,J07,Post,684,423,113,148,20250419,2025-04-19,Victoria,J31,1.0,0.0,87.0,6.04,1,0.618421052631579
31,J08,Pre,113,41,29,43,20250419,2025-04-19,Victoria,J31,0.0,0.0,11.0,5.62,1,0.36283185840707965
31,J08,Post,211,127,38,46,20250419,2025-04-19,Victoria,J31,0.0,0.0,11.0,5.62,1,0.6018957345971564
31,J09,Pre,88,31,21,36,20250419,2025-04-19,Victoria,J31,0.0,0.0,86.0,5.77,1,0.3522727272727273
31,J09,Post,501,289,111,101,20250419,2025-04-19,Victoria,J31,0.0,0.0,86.0,5.77,1,0.5768463073852296
31,J10,Pre,43,13,15,15,20250419,2025-04-19,Victoria,J31,0.0,0.0,71.0,5.18,1,0.3023255813953488
31,J10,Post,221,132,40,49,20250419,2025-04-19,Victoria,J31,0.0,0.0,71.0,5.18,1,0.5972850678733032
31,J11,Pre,124,26,35,63,20250419,2025-04-19,Victoria,J31,0.0,0.0,0.0,,0,0.20967741935483872
31,J11,Post,116,59,25,32,20250419,2025-04-19,Victoria,J31,0.0,0.0,0.0,,0,0.5086206896551724
31,J12,Pre,73,19,29,25,20250419,2025-04-19,Victoria,J31,0.0,0.0,0.0,,0,0.2602739726027397
31,J12,Post,42,22,9,11,20250419,2025-04-19,Victoria,J31,0.0,0.0,0.0,,0,0.5238095238095238
31,J13,Pre,182,48,52,82,20250419,2025-04-19,Victoria,J31,0.0,0.0,0.0,,0,0.26373626373626374
31,J13,Post,84,39,25,20,20250419,2025-04-19,Victoria,J31,0.0,0.0,0.0,,0,0.4642857142857143
31,J14,Pre,28,8,11,9,20250419,2025-04-19,Victoria,J31,0.0,0.0,77.0,5.86,1,0.2857142857142857
31,J14,Post,121,77,22,22,20250419,2025-04-19,Victoria,J31,0.0,0.0,77.0,5.86,1,0.6363636363636364
31,J15,Pre,36,10,12,14,20250419,2025-04-19,Victoria,J31,0.0,0.0,0.0,,0,0.2777777777777778
31,J15,Post,10,4,2,4,20250419,2025-04-19,Victoria,J31,0.0,0.0,0.0,,0,0.4
31,J16,Pre,44,14,13,17,20250419,2025-04-19,Victoria,J31,0.0,1.0,85.0,4.95,1,0.3181818181818182
31,J16,Post,245,154,53,38,20250419,2025-04-19,Victoria,J31,0.0,1.0,85.0,4.95,1,0.6285714285714286
31,J17,Pre,111,30,44,37,20250419,2025-04-19,Victoria,J31,0.0,0.0,14.0,5.76,1,0.2702702702702703
31,J17,Post,296,199,39,58,20250419,2025-04-19,Victoria,J31,0.0,0.0,14.0,5.76,1,0.6722972972972973
31,J18,Pre,215,99,59,57,20250419,2025-04-19,Victoria,J31,0.0,0.0,0.0,,0,0.4604651162790698
31,J18,Post,86,42,24,20,20250419,2025-04-19,Victoria,J31,0.0,0.0,0.0,,0,0.4883720930232558
31,J19,Pre,64,19,19,26,20250419,2025-04-19,Victoria,J31,0.0,0.0,75.0,5.69,1,0.296875
31,J19,Post,422,246,64,112,20250419,2025-04-19,Victoria,J31,0.0,0.0,75.0,5.69,1,0.5829383886255924
31,J20,Pre,159,48,63,48,20250419,2025-04-19,Victoria,J31,0.0,0.0,0.0,,0,0.3018867924528302
31,J20,Post,82,40,23,19,20250419,2025-04-19,Victoria,J31,0.0,0.0,0.0,,0,0.4878048780487805
31,J21,Pre,175,54,48,73,20250419,2025-04-19,Victoria,J31,0.0,0.0,30.0,5.61,1,0.30857142857142855
31,J21,Post,697,467,100,130,20250419,2025-04-19,Victoria,J31,0.0,0.0,30.0,5.61,1,0.6700143472022956
31,J22,Pre,87,29,27,31,20250419,2025-04-19,Victoria,J31,0.0,0.0,37.0,4.73,1,0.3333333333333333
31,J22,Post,607,384,118,105,20250419,2025-04-19,Victoria,J31,0.0,0.0,37.0,4.73,1,0.6326194398682042
31,J23,Pre,138,52,45,41,20250419,2025-04-19,Victoria,J31,0.0,0.0,76.0,4.35,1,0.37681159420289856
31,J23,Post,493,280,77,136,20250419,2025-04-19,Victoria,J31,0.0,0.0,76.0,4.35,1,0.5679513184584178
31,J24,Pre,127,40,40,47,20250419,2025-04-19,Victoria,J31,0.0,0.0,26.0,5.39,1,0.31496062992125984
31,J24,Post,582,367,79,136,20250419,2025-04-19,Victoria,J31,0.0,0.0,26.0,5.39,1,0.6305841924398625
31,J25,Pre,150,34,51,65,20250419,2025-04-19,Victoria,J31,0.0,0.0,90.0,6.0,1,0.22666666666666666
31,J25,Post,494,377,67,50,20250419,2025-04-19,Victoria,J31,0.0,0.0,90.0,6.0,1,0.7631578947368421
32,J01,Pre,43,16,14,13,20250426,2025-04-26,Derrota,J32,0.0,0.0,0.0,,0,0.37209302325581395
32,J01,Post,0,0,0,0,20250426,2025-04-26,Derrota,J32,0.0,0.0,0.0,,0,
32,J02,Pre,162,54,60,48,20250426,2025-04-26,Derrota,J32,0.0,0.0,90.0,6.4,1,0.3333333333333333
32,J02,Post,362,124,111,127,20250426,2025-04-26,Derrota,J32,0.0,0.0,90.0,6.4,1,0.3425414364640884
32,J03,Pre,139,46,36,57,20250426,2025-04-26,Derrota,J32,0.0,0.0,20.0,5.56,1,0.33093525179856115
32,J03,Post,274,51,91,132,20250426,2025-04-26,Derrota,J32,0.0,0.0,20.0,5.56,1,0.18613138686131386
32,J04,Pre,167,66,58,43,20250426,2025-04-26,Derrota,J32,0.0,0.0,73.0,5.48,1,0.39520958083832336
32,J04,Post,378,105,161,112,20250426,2025-04-26,Derrota,J32,0.0,0.0,73.0,5.48,1,0.2777777777777778
32,J05,Pre,194,75,69,50,20250426,2025-04-26,Derrota,J32,0.0,0.0,0.0,,0,0.3865979381443299
32,J05,Post,102,40,31,31,20250426,2025-04-26,Derrota,J32,0.0,0.0,0.0,,0,0.39215686274509803
32,J06,Pre,96,33,35,28,20250426,2025-04-26,Derrota,J32,0.0,0.0,0.0,,0,0.34375
32,J06,Post,89,34,20,35,20250426,2025-04-26,Derrota,J32,0.0,0.0,0.0,,0,0.38202247191011235
32,J07,Pre,111,32,32,47,20250426,2025-04-26,Derrota,J32,0.0,0.0,0.0,,0,0.2882882882882883
32,J07,Post,101,50,29,22,20250426,2025-04-26,Derrota,J32,0.0,0.0,0.0,,0,0.49504950495049505
32,J08,Pre,84,24,23,37,20250426,2025-04-26,Derrota,J32,0.0,0.0,0.0,,0,0.2857142857142857
32,J08,Post,11,5,2,4,20250426,2025-04-26,Derrota,J32,0.0,0.0,0.0,,0,0.45454545454545453
32,J09,Pre,108,37,38,33,20250426,2025-04-26,Derrota,J32,0.0,1.0,73.0,6.44,1,0.3425925925925926
32,J09,Post,483,213,156,114,20250426,2025-04-26,Derrota,J32,0.0,1.0,73.0,6.44,1,0.4409937888198758
32,J10,Pre,56,18,16,22,20250426,2025-04-26,Derrota,J32,0.0,0.0,33.0,4.96,1,0.32142857142857145
32,J10,Post,164,30,53,81,20250426,2025-04-26,Derrota,J32,0.0,0.0,33.0,4.96,1,0.18292682926829268
32,J11,Pre,167,66,42,59,20250426,2025-04-26,Derrota,J32,0.0,0.0,7.0,5.64,1,0.39520958083832336
32,J11,Post,369,78,171,120,20250426,2025-04-26,Derrota,J32,0.0,0.0,7.0,5.64,1,0.21138211382113822
32,J12,Pre,80,25,24,31,20250426,2025-04-26,Derrota,J32,0.0,0.0,84.0,6.21,1,0.3125
32,J12,Post,394,142,99,153,20250426,2025-04-26,Derrota,J32,0.0,0.0,84.0,6.21,1,0.3604060913705584
32,J13,Pre,83,34,18,31,20250426,2025-04-26,Derrota,J32,0.0,0.0,0.0,,0,0.40963855421686746
32,J13,Post,28,14,7,7,20250426,2025-04-26,Derrota,J32,0.0,0.0,0.0,,0,0.5
32,J14,Pre,48,15,13,20,20250426,2025-04-26,Derrota,J32,0.0,0.0,78.0,6.33,1,0.3125
32,J14,Post,111,30,29,52,20250426,2025-04-26,Derrota,J32,0.0,0.0,78.0,6.33,1,0.2702702702702703
32,J15,Pre,46,18,14,14,20250426,2025-04-26,Derrota,J32,0.0,0.0,0.0,,0,0.391304347826087
32,J15,Post,25,9,7,9,20250426,2025-04-26,Derrota,J32,0.0,0.0,0.0,,0,0.36
32,J16,Pre,79,28,24,27,20250426,2025-04-26,Derrota,J32,0.0,0.0,37.0,5.85,1,0.35443037974683544
32,J16,Post,189,21,83,85,20250426,2025-04-26,Derrota,J32,0.0,0.0,37.0,5.85,1,0.1111111111111111
32,J17,Pre,73,27,23,23,20250426,2025-04-26,Derrota,J32,0.0,0.0,90.0,4.87,1,0.3698630136986301
32,J17,Post,186,30,76,80,20250426,2025-04-26,Derrota,J32,0.0,0.0,90.0,4.87,1,0.16129032258064516
32,J18,Pre,241,83,78,80,20250426,2025-04-26,Derrota,J32,0.0,0.0,83.0,5.36,1,0.34439834024896265
32,J18,Post,325,44,122,159,20250426,2025-04-26,Derrota,J32,0.0,0.0,83.0,5.36,1,0.13538461538461538
32,J19,Pre,57,17,17,23,20250426,2025-04-26,Derrota,J32,0.0,0.0,72.0,6.38,1,0.2982456140350877
32,J19,Post,337,100,90,147,20250426,2025-04-26,Derrota,J32,0.0,0.0,72.0,6.38,1,0.29673590504451036
32,J20,Pre,176,61,48,67,20250426,2025-04-26,Derrota,J32,0.0,0.0,0.0,,0,0.3465909090909091
32,J20,Post,70,31,16,23,20250426,2025-04-26,Derrota,J32,0.0,0.0,0.0,,0,0.44285714285714284
32,J21,Pre,257,102,86,69,20250426,2025-04-26,Derrota,J32,0.0,0.0,0.0,,0,0.3968871595330739
32,J21,Post,139,65,34,40,20250426,2025-04-26,Derrota,J32,0.0,0.0,0.0,,0,0.4676258992805755
32,J22,Pre,219,83,49,87,20250426,2025-04-26,Derrota,J32,0.0,0.0,90.0,5.22,1,0.3789954337899543
32,J22,Post,480,132,137,211,20250426,2025-04-26,Derrota,J32,0.0,0.0,90.0,5.22,1,0.275
32,J23,Pre,109,45,33,31,20250426,2025-04-26,Derrota,J32,0.0,0.0,70.0,4.83,1,0.41284403669724773
32,J23,Post,440,122,123,195,20250426,2025-04-26,Derrota,J32,0.0,0.0,70.0,4.83,1,0.2772727272727273
32,J24,Pre,182,67,63,52,20250426,2025-04-26,Derrota,J32,0.0,0.0,87.0,5.69,1,0.36813186813186816
32,J24,Post,489,136,169,184,20250426,2025-04-26,Derrota,J32,0.0,0.0,87.0,5.69,1,0.278118609406953
32,J25,Pre,148,62,41,45,20250426,2025-04-26,Derrota,J32,0.0,0.0,7.0,3.07,1,0.4189189189189189
32,J25,Post,180,24,90,66,20250426,2025-04-26,Derrota,J32,0.0,0.0,7.0,3.07,1,0.13333333333333333
33,J01,Pre,61,22,19,20,20250503,2025-05-03,Victoria,J33,0.0,0.0,0.0,,0,0.36065573770491804
33,J01,Post,56,28,14,14,20250503,2025-05-03,Victoria,J33,0.0,0.0,0.0,,0,0.5
33,J02,Pre,104,48,31,25,20250503,2025-05-03,Victoria,J33,0.0,0.0,0.0,,0,0.46153846153846156
33,J02,Post,96,46,20,30,20250503,2025-05-03,Victoria,J33,0.0,0.0,0.0,,0,0.4791666666666667
33,J03,Pre,117,50,35,32,20250503,2025-05-03,Victoria,J33,0.0,1.0,86.0,6.99,1,0.42735042735042733
33,J03,Post,562,396,74,92,20250503,2025-05-03,Victoria,J33,0.0,1.0,86.0,6.99,1,0.7046263345195729
33,J04,Pre,160,74,42,44,20250503,2025-05-03,Victoria,J33,0.0,0.0,25.0,5.39,1,0.4625
33,J04,Post,574,357,101,116,20250503,2025-05-03,Victoria,J33,0.0,0.0,25.0,5.39,1,0.6219512195121951
33,J05,Pre,208,97,42,69,20250503,2025-05-03,Victoria,J33,0.0,0.0,16.0,5.74,1,0.46634615384615385
33,J05,Post,535,316,99,120,20250503,2025-05-03,Victoria,J33,0.0,0.0,16.0,5.74,1,0.5906542056074766
33,J06,Pre,100,32,36,32,20250503,2025-05-03,Victoria,J33,0.0,0.0,70.0,6.83,1,0.32
33,J06,Post,346,247,54,45,20250503,2025-05-03,Victoria,J33,0.0,0.0,70.0,6.83,1,0.7138728323699421
33,J07,Pre,137,50,46,41,20250503,2025-05-03,Victoria,J33,0.0,0.0,0.0,,0,0.36496350364963503
33,J07,Post,120,48,29,43,20250503,2025-05-03,Victoria,J33,0.0,0.0,0.0,,0,0.4
33,J08,Pre,48,13,16,19,20250503,2025-05-03,Victoria,J33,0.0,0.0,0.0,,0,0.2708333333333333
33,J08,Post,0,0,0,0,20250503,2025-05-03,Victoria,J33,0.0,0.0,0.0,,0,
33,J09,Pre,142,61,38,43,20250503,2025-05-03,Victoria,J33,0.0,0.0,41.0,5.66,1,0.4295774647887324
33,J09,Post,460,248,125,87,20250503,2025-05-03,Victoria,J33,0.0,0.0,41.0,5.66,1,0.5391304347826087
33,J10,Pre,105,43,29,33,20250503,2025-05-03,Victoria,J33,0.0,0.0,74.0,5.31,1,0.4095238095238095
33,J10,Post,279,179,36,64,20250503,2025-05-03,Victoria,J33,0.0,0.0,74.0,5.31,1,0.6415770609318996
33,J11,Pre,163,53,56,54,20250503,2025-05-03,Victoria,J33,0.0,0.0,0.0,,0,0.32515337423312884
33,J11,Post,35,18,9,8,20250503,2025-05-03,Victoria,J33,0.0,0.0,0.0,,0,0.5142857142857142
33,J12,Pre,156,62,35,59,20250503,2025-05-03,Victoria,J33,0.0,0.0,79.0,5.57,1,0.3974358974358974
33,J12,Post,454,227,134,93,20250503,2025-05-03,Victoria,J33,0.0,0.0,79.0,5.57,1,0.5
33,J13,Pre,180,65,62,53,20250503,2025-05-03,Victoria,J33,0.0,0.0,0.0,,0,0.3611111111111111
33,J13,Post,29,15,7,7,20250503,2025-05-03,Victoria,J33,0.0,0.0,0.0,,0,0.5172413793103449
33,J14,Pre,47,18,12,17,20250503,2025-05-03,Victoria,J33,1.0,0.0,84.0,7.42,1,0.3829787234042553
33,J14,Post,235,196,20,19,20250503,2025-05-03,Victoria,J33,1.0,0.0,84.0,7.42,1,0.8340425531914893
33,J15,Pre,61,22,14,25,20250503,2025-05-03,Victoria,J33,0.0,0.0,87.0,5.53,1,0.36065573770491804
33,J15,Post,170,116,19,35,20250503,2025-05-03,Victoria,J33,0.0,0.0,87.0,5.53,1,0.6823529411764706
33,J16,Pre,78,31,19,28,20250503,2025-05-03,Victoria,J33,1.0,0.0,84.0,7.47,1,0.3974358974358974
33,J16,Post,450,391,26,33,20250503,2025-05-03,Victoria,J33,1.0,0.0,84.0,7.47,1,0.8688888888888889
33,J17,Pre,118,40,45,33,20250503,2025-05-03,Victoria,J33,0.0,0.0,0.0,,0,0.3389830508474576
33,J17,Post,28,15,5,8,20250503,2025-05-03,Victoria,J33,0.0,0.0,0.0,,0,0.5357142857142857
33,J18,Pre,140,47,42,51,20250503,2025-05-03,Victoria,J33,1.0,0.0,81.0,6.67,1,0.3357142857142857
33,J18,Post,1305,1185,46,74,20250503,2025-05-03,Victoria,J33,1.0,0.0,81.0,6.67,1,0.9080459770114943
33,J19,Pre,134,57,30,47,20250503,2025-05-03,Victoria,J33,0.0,0.0,86.0,5.78,1,0.4253731343283582
33,J19,Post,384,251,48,85,20250503,2025-05-03,Victoria,J33,0.0,0.0,86.0,5.78,1,0.6536458333333334
33,J20,Pre,220,80,70,70,20250503,2025-05-03,Victoria,J33,0.0,0.0,41.0,5.6,1,0.36363636363636365
33,J20,Post,468,271,81,116,20250503,2025-05-03,Victoria,J33,0.0,0.0,41.0,5.6,1,0.5790598290598291
33,J21,Pre,248,92,85,71,20250503,2025-05-03,Victoria,J33,0.0,0.0,78.0,6.61,1,0.3709677419354839
33,J21,Post,756,540,99,117,20250503,2025-05-03,Victoria,J33,0.0,0.0,78.0,6.61,1,0.7142857142857143
33,J22,Pre,71,31,23,17,20250503,2025-05-03,Victoria,J33,0.0,0.0,0.0,,0,0.43661971830985913
33,J22,Post,102,59,14,29,20250503,2025-05-03,Victoria,J33,0.0,0.0,0.0,,0,0.5784313725490197
33,J23,Pre,235,110,57,68,20250503,2025-05-03,Victoria,J33,0.0,0.0,0.0,,0,0.46808510638297873
33,J23,Post,55,26,11,18,20250503,2025-05-03,Victoria,J33,0.0,0.0,0.0,,0,0.4727272727272727
33,J24,Pre,255,106,69,80,20250503,2025-05-03,Victoria,J33,0.0,0.0,83.0,5.89,1,0.41568627450980394
33,J24,Post,591,349,126,116,20250503,2025-05-03,Victoria,J33,0.0,0.0,83.0,5.89,1,0.5905245346869712
33,J25,Pre,135,62,31,42,20250503,2025-05-03,Victoria,J33,0.0,0.0,16.0,6.75,1,0.45925925925925926
33,J25,Post,498,350,85,63,20250503,2025-05-03,Victoria,J33,0.0,0.0,16.0,6.75,1,0.7028112449799196
34,J01,Pre,80,37,15,28,20250510,2025-05-10,Derrota,J34,0.0,0.0,32.0,4.91,1,0.4625
34,J01,Post,109,22,32,55,20250510,2025-05-10,Derrota,J34,0.0,0.0,32.0,4.91,1,0.2018348623853211
34,J02,Pre,165,65,41,59,20250510,2025-05-10,Derrota,J34,0.0,0.0,0.0,,0,0.3939393939393939
34,J02,Post,11,5,2,4,20250510,2025-05-10,Derrota,J34,0.0,0.0,0.0,,0,0.45454545454545453
34,J03,Pre,79,31,28,20,20250510,2025-05-10,Derrota,J34,0.0,0.0,81.0,5.72,1,0.3924050632911392
34,J03,Post,240,86,56,98,20250510,2025-05-10,Derrota,J34,0.0,0.0,81.0,5.72,1,0.35833333333333334
34,J04,Pre,159,72,39,48,20250510,2025-05-10,Derrota,J34,0.0,0.0,72.0,5.52,1,0.4528301886792453
34,J04,Post,367,79,103,185,20250510,2025-05-10,Derrota,J34,0.0,0.0,72.0,5.52,1,0.21525885558583105
34,J05,Pre,87,43,17,27,20250510,2025-05-10,Derrota,J34,0.0,1.0,74.0,6.63,1,0.4942528735632184
34,J05,Post,477,175,174,128,20250510,2025-05-10,Derrota,J34,0.0,1.0,74.0,6.63,1,0.3668763102725367
34,J06,Pre,77,31,23,23,20250510,2025-05-10,Derrota,J34,0.0,0.0,89.0,5.94,1,0.4025974025974026
34,J06,Post,170,46,51,73,20250510,2025-05-10,Derrota,J34,0.0,0.0,89.0,5.94,1,0.27058823529411763
34,J07,Pre,125,44,34,47,20250510,2025-05-10,Derrota,J34,0.0,0.0,38.0,5.88,1,0.352
34,J07,Post,322,114,123,85,20250510,2025-05-10,Derrota,J34,0.0,0.0,38.0,5.88,1,0.35403726708074534
34,J08,Pre,36,16,7,13,20250510,2025-05-10,Derrota,J34,0.0,0.0,1.0,6.11,1,0.4444444444444444
34,J08,Post,152,49,56,47,20250510,2025-05-10,Derrota,J34,0.0,0.0,1.0,6.11,1,0.3223684210526316
34,J09,Pre,164,69,49,46,20250510,2025-05-10,Derrota,J34,0.0,0.0,7.0,6.93,1,0.42073170731707316
34,J09,Post,390,130,153,107,20250510,2025-05-10,Derrota,J34,0.0,0.0,7.0,6.93,1,0.3333333333333333
34,J10,Pre,107,46,35,26,20250510,2025-05-10,Derrota,J34,0.0,0.0,0.0,,0,0.42990654205607476
34,J10,Post,15,7,3,5,20250510,2025-05-10,Derrota,J34,0.0,0.0,0.0,,0,0.4666666666666667
34,J11,Pre,67,23,21,23,20250510,2025-05-10,Derrota,J34,0.0,0.0,79.0,5.24,1,0.34328358208955223
34,J11,Post,302,83,113,106,20250510,2025-05-10,Derrota,J34,0.0,0.0,79.0,5.24,1,0.27483443708609273
34,J12,Pre,198,95,42,61,20250510,2025-05-10,Derrota,J34,0.0,0.0,0.0,,0,0.4797979797979798
34,J12,Post,5,2,0,3,20250510,2025-05-10,Derrota,J34,0.0,0.0,0.0,,0,0.4
34,J13,Pre,207,80,67,60,20250510,2025-05-10,Derrota,J34,0.0,0.0,0.0,,0,0.3864734299516908
34,J13,Post,70,34,14,22,20250510,2025-05-10,Derrota,J34,0.0,0.0,0.0,,0,0.4857142857142857
34,J14,Pre,42,19,11,12,20250510,2025-05-10,Derrota,J34,0.0,0.0,90.0,5.23,1,0.4523809523809524
34,J14,Post,83,17,25,41,20250510,2025-05-10,Derrota,J34,0.0,0.0,90.0,5.23,1,0.20481927710843373
34,J15,Pre,55,20,20,15,20250510,2025-05-10,Derrota,J34,0.0,0.0,90.0,4.42,1,0.36363636363636365
34,J15,Post,79,20,23,36,20250510,2025-05-10,Derrota,J34,0.0,0.0,90.0,4.42,1,0.25316455696202533
34,J16,Pre,67,26,17,24,20250510,2025-05-10,Derrota,J34,0.0,0.0,0.0,,0,0.3880597014925373
34,J16,Post,49,25,10,14,20250510,2025-05-10,Derrota,J34,0.0,0.0,0.0,,0,0.5102040816326531
34,J17,Pre,192,77,53,62,20250510,2025-05-10,Derrota,J34,0.0,0.0,13.0,5.7,1,0.4010416666666667
34,J17,Post,260,67,75,118,20250510,2025-05-10,Derrota,J34,0.0,0.0,13.0,5.7,1,0.25769230769230766
34,J18,Pre,134,63,34,37,20250510,2025-05-10,Derrota,J34,0.0,0.0,0.0,,0,0.4701492537313433
34,J18,Post,100,49,29,22,20250510,2025-05-10,Derrota,J34,0.0,0.0,0.0,,0,0.49
34,J19,Pre,131,55,36,40,20250510,2025-05-10,Derrota,J34,0.0,0.0,0.0,,0,0.4198473282442748
34,J19,Post,57,24,11,22,20250510,2025-05-10,Derrota,J34,0.0,0.0,0.0,,0,0.42105263157894735
34,J20,Pre,241,72,86,83,20250510,2025-05-10,Derrota,J34,0.0,0.0,0.0,,0,0.2987551867219917
34,J20,Post,93,49,20,24,20250510,2025-05-10,Derrota,J34,0.0,0.0,0.0,,0,0.5268817204301075
34,J21,Pre,262,98,82,82,20250510,2025-05-10,Derrota,J34,0.0,0.0,0.0,,0,0.37404580152671757
34,J21,Post,49,23,14,12,20250510,2025-05-10,Derrota,J34,0.0,0.0,0.0,,0,0.46938775510204084
34,J22,Pre,252,127,65,60,20250510,2025-05-10,Derrota,J34,0.0,0.0,75.0,6.06,1,0.503968253968254
34,J22,Post,608,151,165,292,20250510,2025-05-10,Derrota,J34,0.0,0.0,75.0,6.06,1,0.24835526315789475
34,J23,Pre,204,74,70,60,20250510,2025-05-10,Derrota,J34,0.0,0.0,69.0,5.2,1,0.3627450980392157
34,J23,Post,522,119,229,174,20250510,2025-05-10,Derrota,J34,0.0,0.0,69.0,5.2,1,0.22796934865900384
34,J24,Pre,272,105,91,76,20250510,2025-05-10,Derrota,J34,1.0,0.0,90.0,6.99,1,0.3860294117647059
34,J24,Post,928,435,269,224,20250510,2025-05-10,Derrota,J34,1.0,0.0,90.0,6.99,1,0.46875
34,J25,Pre,123,43,47,33,20250510,2025-05-10,Derrota,J34,1.0,0.0,87.0,7.79,1,0.34959349593495936
34,J25,Post,846,444,204,198,20250510,2025-05-10,Derrota,J34,1.0,0.0,87.0,7.79,1,0.524822695035461
35,J01,Pre,32,15,9,8,20250517,2025-05-17,Empate,J35,0.0,0.0,85.0,6.13,1,0.46875
35,J01,Post,198,89,43,66,20250517,2025-05-17,Empate,J35,0.0,0.0,85.0,6.13,1,0.4494949494949495
35,J02,Pre,210,86,53,71,20250517,2025-05-17,Empate,J35,0.0,0.0,0.0,,0,0.4095238095238095
35,J02,Post,83,37,18,28,20250517,2025-05-17,Empate,J35,0.0,0.0,0.0,,0,0.4457831325301205
35,J03,Pre,116,43,40,33,20250517,2025-05-17,Empate,J35,0.0,0.0,7.0,6.14,1,0.3706896551724138
35,J03,Post,361,181,67,113,20250517,2025-05-17,Empate,J35,0.0,0.0,7.0,6.14,1,0.5013850415512465
35,J04,Pre,168,59,57,52,20250517,2025-05-17,Empate,J35,0.0,0.0,71.0,5.29,1,0.35119047619047616
35,J04,Post,335,180,66,89,20250517,2025-05-17,Empate,J35,0.0,0.0,71.0,5.29,1,0.5373134328358209
35,J05,Pre,105,49,32,24,20250517,2025-05-17,Empate,J35,0.0,0.0,0.0,,0,0.4666666666666667
35,J05,Post,31,15,6,10,20250517,2025-05-17,Empate,J35,0.0,0.0,0.0,,0,0.4838709677419355
35,J06,Pre,71,24,26,21,20250517,2025-05-17,Empate,J35,0.0,0.0,4.0,6.28,1,0.3380281690140845
35,J06,Post,286,124,82,80,20250517,2025-05-17,Empate,J35,0.0,0.0,4.0,6.28,1,0.43356643356643354
35,J07,Pre,121,53,37,31,20250517,2025-05-17,Empate,J35,0.0,0.0,0.0,,0,0.4380165289256198
35,J07,Post,93,46,25,22,20250517,2025-05-17,Empate,J35,0.0,0.0,0.0,,0,0.4946236559139785
35,J08,Pre,93,39,21,33,20250517,2025-05-17,Empate,J35,0.0,0.0,17.0,5.51,1,0.41935483870967744
35,J08,Post,152,64,44,44,20250517,2025-05-17,Empate,J35,0.0,0.0,17.0,5.51,1,0.42105263157894735
35,J09,Pre,212,95,52,65,20250517,2025-05-17,Empate,J35,0.0,0.0,90.0,6.43,1,0.4481132075471698
35,J09,Post,431,212,104,115,20250517,2025-05-17,Empate,J35,0.0,0.0,90.0,6.43,1,0.4918793503480278
35,J10,Pre,114,43,33,38,20250517,2025-05-17,Empate,J35,0.0,0.0,7.0,5.66,1,0.37719298245614036
35,J10,Post,220,122,53,45,20250517,2025-05-17,Empate,J35,0.0,0.0,7.0,5.66,1,0.5545454545454546
35,J11,Pre,183,63,55,65,20250517,2025-05-17,Empate,J35,0.0,0.0,45.0,4.84,1,0.3442622950819672
35,J11,Post,238,97,75,66,20250517,2025-05-17,Empate,J35,0.0,0.0,45.0,4.84,1,0.40756302521008403
35,J12,Pre,129,60,41,28,20250517,2025-05-17,Empate,J35,0.0,0.0,81.0,5.46,1,0.46511627906976744
35,J12,Post,294,153,62,79,20250517,2025-05-17,Empate,J35,0.0,0.0,81.0,5.46,1,0.5204081632653061
35,J13,Pre,136,68,29,39,20250517,2025-05-17,Empate,J35,0.0,0.0,90.0,5.77,1,0.5
35,J13,Post,345,191,58,96,20250517,2025-05-17,Empate,J35,0.0,0.0,90.0,5.77,1,0.553623188405797
35,J14,Pre,31,14,7,10,20250517,2025-05-17,Empate,J35,0.0,0.0,0.0,,0,0.45161290322580644
35,J14,Post,8,3,1,4,20250517,2025-05-17,Empate,J35,0.0,0.0,0.0,,0,0.375
35,J15,Pre,48,19,13,16,20250517,2025-05-17,Empate,J35,0.0,0.0,0.0,,0,0.3958333333333333
35,J15,Post,43,23,9,11,20250517,2025-05-17,Empate,J35,0.0,0.0,0.0,,0,0.5348837209302325
35,J16,Pre,73,30,21,22,20250517,2025-05-17,Empate,J35,0.0,0.0,73.0,5.4,1,0.410958904109589
35,J16,Post,158,69,41,48,20250517,2025-05-17,Empate,J35,0.0,0.0,73.0,5.4,1,0.43670886075949367
35,J17,Pre,147,59,35,53,20250517,2025-05-17,Empate,J35,0.0,1.0,80.0,7.11,1,0.4013605442176871
35,J17,Post,488,303,83,102,20250517,2025-05-17,Empate,J35,0.0,1.0,80.0,7.11,1,0.6209016393442623
35,J18,Pre,270,104,95,71,20250517,2025-05-17,Empate,J35,0.0,0.0,0.0,,0,0.3851851851851852
35,J18,Post,126,50,38,38,20250517,2025-05-17,Empate,J35,0.0,0.0,0.0,,0,0.3968253968253968
35,J19,Pre,133,57,39,37,20250517,2025-05-17,Empate,J35,0.0,0.0,83.0,5.07,1,0.42857142857142855
35,J19,Post,242,125,50,67,20250517,2025-05-17,Empate,J35,0.0,0.0,83.0,5.07,1,0.5165289256198347
35,J20,Pre,235,108,75,52,20250517,2025-05-17,Empate,J35,0.0,0.0,0.0,,0,0.4595744680851064
35,J20,Post,61,28,17,16,20250517,2025-05-17,Empate,J35,0.0,0.0,0.0,,0,0.45901639344262296
35,J21,Pre,287,155,61,71,20250517,2025-05-17,Empate,J35,0.0,0.0,0.0,,0,0.5400696864111498
35,J21,Post,82,36,19,27,20250517,2025-05-17,Empate,J35,0.0,0.0,0.0,,0,0.43902439024390244
35,J22,Pre,283,105,106,72,20250517,2025-05-17,Empate,J35,0.0,0.0,0.0,,0,0.3710247349823322
35,J22,Post,65,33,15,17,20250517,2025-05-17,Empate,J35,0.0,0.0,0.0,,0,0.5076923076923077
35,J23,Pre,205,93,49,63,20250517,2025-05-17,Empate,J35,0.0,0.0,76.0,5.48,1,0.45365853658536587
35,J23,Post,516,251,143,122,20250517,2025-05-17,Empate,J35,0.0,0.0,76.0,5.48,1,0.48643410852713176
35,J24,Pre,166,67,58,41,20250517,2025-05-17,Empate,J35,0.0,0.0,72.0,5.94,1,0.4036144578313253
35,J24,Post,564,226,199,139,20250517,2025-05-17,Empate,J35,0.0,0.0,72.0,5.94,1,0.40070921985815605
35,J25,Pre,234,111,54,69,20250517,2025-05-17,Empate,J35,1.0,0.0,69.0,7.23,1,0.47435897435897434
35,J25,Post,833,558,149,126,20250517,2025-05-17,Empate,J35,1.0,0.0,69.0,7.23,1,0.6698679471788715
36,J01,Pre,63,17,20,26,20250524,2025-05-24,Empate,J36,0.0,0.0,74.0,5.67,1,0.2698412698412698
36,J01,Post,142,67,29,46,20250524,2025-05-24,Empate,J36,0.0,0.0,74.0,5.67,1,0.47183098591549294
36,J02,Pre,65,20,25,20,20250524,2025-05-24,Empate,J36,0.0,0.0,0.0,,0,0.3076923076923077
36,J02,Post,0,0,0,0,20250524,2025-05-24,Empate,J36,0.0,0.0,0.0,,0,
36,J03,Pre,134,52,47,35,20250524,2025-05-24,Empate,J36,0.0,0.0,80.0,5.66,1,0.3880597014925373
36,J03,Post,254,135,69,50,20250524,2025-05-24,Empate,J36,0.0,0.0,80.0,5.66,1,0.531496062992126
36,J04,Pre,186,71,65,50,20250524,2025-05-24,Empate,J36,1.0,0.0,41.0,6.34,1,0.3817204301075269
36,J04,Post,1007,627,136,244,20250524,2025-05-24,Empate,J36,1.0,0.0,41.0,6.34,1,0.6226415094339622
36,J05,Pre,130,48,38,44,20250524,2025-05-24,Empate,J36,0.0,1.0,88.0,5.88,1,0.36923076923076925
36,J05,Post,507,252,135,120,20250524,2025-05-24,Empate,J36,0.0,1.0,88.0,5.88,1,0.4970414201183432
36,J06,Pre,51,16,20,15,20250524,2025-05-24,Empate,J36,0.0,0.0,28.0,5.04,1,0.3137254901960784
36,J06,Post,182,80,59,43,20250524,2025-05-24,Empate,J36,0.0,0.0,28.0,5.04,1,0.43956043956043955
36,J07,Pre,121,46,36,39,20250524,2025-05-24,Empate,J36,0.0,0.0,23.0,5.1,1,0.38016528925619836
36,J07,Post,341,181,67,93,20250524,2025-05-24,Empate,J36,0.0,0.0,23.0,5.1,1,0.530791788856305
36,J08,Pre,34,14,11,9,20250524,2025-05-24,Empate,J36,0.0,0.0,0.0,,0,0.4117647058823529
36,J08,Post,53,26,13,14,20250524,2025-05-24,Empate,J36,0.0,0.0,0.0,,0,0.49056603773584906
36,J09,Pre,51,20,14,17,20250524,2025-05-24,Empate,J36,0.0,0.0,0.0,,0,0.39215686274509803
36,J09,Post,21,10,6,5,20250524,2025-05-24,Empate,J36,0.0,0.0,0.0,,0,0.47619047619047616
36,J10,Pre,80,28,24,28,20250524,2025-05-24,Empate,J36,0.0,0.0,0.0,,0,0.35
36,J10,Post,69,37,12,20,20250524,2025-05-24,Empate,J36,0.0,0.0,0.0,,0,0.5362318840579711
36,J11,Pre,127,48,29,50,20250524,2025-05-24,Empate,J36,0.0,0.0,74.0,4.55,1,0.3779527559055118
36,J11,Post,233,95,73,65,20250524,2025-05-24,Empate,J36,0.0,0.0,74.0,4.55,1,0.40772532188841204
36,J12,Pre,100,42,26,32,20250524,2025-05-24,Empate,J36,0.0,0.0,81.0,5.9,1,0.42
36,J12,Post,336,153,64,119,20250524,2025-05-24,Empate,J36,0.0,0.0,81.0,5.9,1,0.45535714285714285
36,J13,Pre,130,35,33,62,20250524,2025-05-24,Empate,J36,0.0,0.0,80.0,5.47,1,0.2692307692307692
36,J13,Post,283,134,65,84,20250524,2025-05-24,Empate,J36,0.0,0.0,80.0,5.47,1,0.4734982332155477
36,J14,Pre,53,20,14,19,20250524,2025-05-24,Empate,J36,0.0,0.0,0.0,,0,0.37735849056603776
36,J14,Post,21,9,5,7,20250524,2025-05-24,Empate,J36,0.0,0.0,0.0,,0,0.42857142857142855
36,J15,Pre,38,12,11,15,20250524,2025-05-24,Empate,J36,0.0,0.0,0.0,,0,0.3157894736842105
36,J15,Post,6,2,1,3,20250524,2025-05-24,Empate,J36,0.0,0.0,0.0,,0,0.3333333333333333
36,J16,Pre,90,31,30,29,20250524,2025-05-24,Empate,J36,0.0,0.0,0.0,,0,0.34444444444444444
36,J16,Post,48,23,9,16,20250524,2025-05-24,Empate,J36,0.0,0.0,0.0,,0,0.4791666666666667
36,J17,Pre,128,57,28,43,20250524,2025-05-24,Empate,J36,0.0,0.0,4.0,4.33,1,0.4453125
36,J17,Post,185,57,49,79,20250524,2025-05-24,Empate,J36,0.0,0.0,4.0,4.33,1,0.3081081081081081
36,J18,Pre,262,123,78,61,20250524,2025-05-24,Empate,J36,0.0,0.0,90.0,5.93,1,0.46946564885496184
36,J18,Post,667,341,141,185,20250524,2025-05-24,Empate,J36,0.0,0.0,90.0,5.93,1,0.5112443778110944
36,J19,Pre,167,51,66,50,20250524,2025-05-24,Empate,J36,0.0,0.0,0.0,,0,0.30538922155688625
36,J19,Post,44,20,11,13,20250524,2025-05-24,Empate,J36,0.0,0.0,0.0,,0,0.45454545454545453
36,J20,Pre,169,51,55,63,20250524,2025-05-24,Empate,J36,0.0,0.0,27.0,5.79,1,0.30177514792899407
36,J20,Post,455,180,155,120,20250524,2025-05-24,Empate,J36,0.0,0.0,27.0,5.79,1,0.3956043956043956
36,J21,Pre,123,52,26,45,20250524,2025-05-24,Empate,J36,0.0,0.0,77.0,5.76,1,0.42276422764227645
36,J21,Post,466,203,132,131,20250524,2025-05-24,Empate,J36,0.0,0.0,77.0,5.76,1,0.4356223175965665
36,J22,Pre,276,105,92,79,20250524,2025-05-24,Empate,J36,0.0,0.0,90.0,6.02,1,0.3804347826086957
36,J22,Post,574,242,160,172,20250524,2025-05-24,Empate,J36,0.0,0.0,90.0,6.02,1,0.42160278745644597
36,J23,Pre,247,71,84,92,20250524,2025-05-24,Empate,J36,0.0,0.0,88.0,5.11,1,0.2874493927125506
36,J23,Post,350,177,99,74,20250524,2025-05-24,Empate,J36,0.0,0.0,88.0,5.11,1,0.5057142857142857
36,J24,Pre,151,65,43,43,20250524,2025-05-24,Empate,J36,0.0,0.0,0.0,,0,0.4304635761589404
36,J24,Post,147,77,30,40,20250524,2025-05-24,Empate,J36,0.0,0.0,0.0,,0,0.5238095238095238
36,J25,Pre,128,46,37,45,20250524,2025-05-24,Empate,J36,0.0,0.0,85.0,6.76,1,0.359375
36,J25,Post,477,280,87,110,20250524,2025-05-24,Empate,J36,0.0,0.0,85.0,6.76,1,0.5870020964360587
37,J01,Pre,95,38,29,28,20250531,2025-05-31,Empate,J37,0.0,0.0,13.0,4.77,1,0.4
37,J01,Post,120,47,40,33,20250531,2025-05-31,Empate,J37,0.0,0.0,13.0,4.77,1,0.39166666666666666
37,J02,Pre,249,126,67,56,20250531,2025-05-31,Empate,J37,0.0,0.0,0.0,,0,0.5060240963855421
37,J02,Post,79,41,15,23,20250531,2025-05-31,Empate,J37,0.0,0.0,0.0,,0,0.5189873417721519
37,J03,Pre,216,100,64,52,20250531,2025-05-31,Empate,J37,0.0,0.0,0.0,,0,0.46296296296296297
37,J03,Post,29,12,9,8,20250531,2025-05-31,Empate,J37,0.0,0.0,0.0,,0,0.41379310344827586
37,J04,Pre,268,123,58,87,20250531,2025-05-31,Empate,J37,0.0,0.0,58.0,5.77,1,0.458955223880597
37,J04,Post,422,180,103,139,20250531,2025-05-31,Empate,J37,0.0,0.0,58.0,5.77,1,0.4265402843601896
37,J05,Pre,300,142,74,84,20250531,2025-05-31,Empate,J37,0.0,0.0,5.0,5.97,1,0.47333333333333333
37,J05,Post,362,189,82,91,20250531,2025-05-31,Empate,J37,0.0,0.0,5.0,5.97,1,0.5220994475138122
37,J06,Pre,102,49,19,34,20250531,2025-05-31,Empate,J37,0.0,0.0,0.0,,0,0.4803921568627451
37,J06,Post,71,34,20,17,20250531,2025-05-31,Empate,J37,0.0,0.0,0.0,,0,0.4788732394366197
37,J07,Pre,142,71,33,38,20250531,2025-05-31,Empate,J37,0.0,0.0,0.0,,0,0.5
37,J07,Post,45,23,11,11,20250531,2025-05-31,Empate,J37,0.0,0.0,0.0,,0,0.5111111111111111
37,J08,Pre,100,51,29,20,20250531,2025-05-31,Empate,J37,0.0,0.0,0.0,,0,0.51
37,J08,Post,5,2,1,2,20250531,2025-05-31,Empate,J37,0.0,0.0,0.0,,0,0.4
37,J09,Pre,245,108,60,77,20250531,2025-05-31,Empate,J37,0.0,0.0,90.0,7.15,1,0.44081632653061226
37,J09,Post,425,257,70,98,20250531,2025-05-31,Empate,J37,0.0,0.0,90.0,7.15,1,0.6047058823529412
37,J10,Pre,119,66,22,31,20250531,2025-05-31,Empate,J37,0.0,0.0,77.0,6.36,1,0.5546218487394958
37,J10,Post,211,106,45,60,20250531,2025-05-31,Empate,J37,0.0,0.0,77.0,6.36,1,0.5023696682464455
37,J11,Pre,112,58,28,26,20250531,2025-05-31,Empate,J37,0.0,0.0,0.0,,0,0.5178571428571429
37,J11,Post,0,0,0,0,20250531,2025-05-31,Empate,J37,0.0,0.0,0.0,,0,
37,J12,Pre,230,114,47,69,20250531,2025-05-31,Empate,J37,0.0,0.0,10.0,5.91,1,0.4956521739130435
37,J12,Post,358,172,86,100,20250531,2025-05-31,Empate,J37,0.0,0.0,10.0,5.91,1,0.48044692737430167
37,J13,Pre,237,105,70,62,20250531,2025-05-31,Empate,J37,0.0,0.0,79.0,6.1,1,0.4430379746835443
37,J13,Post,435,188,117,130,20250531,2025-05-31,Empate,J37,0.0,0.0,79.0,6.1,1,0.432183908045977
37,J14,Pre,45,22,8,15,20250531,2025-05-31,Empate,J37,0.0,0.0,90.0,5.2,1,0.4888888888888889
37,J14,Post,95,43,28,24,20250531,2025-05-31,Empate,J37,0.0,0.0,90.0,5.2,1,0.45263157894736844
37,J15,Pre,71,32,16,23,20250531,2025-05-31,Empate,J37,0.0,0.0,76.0,6.33,1,0.4507042253521127
37,J15,Post,134,72,22,40,20250531,2025-05-31,Empate,J37,0.0,0.0,76.0,6.33,1,0.5373134328358209
37,J16,Pre,111,60,24,27,20250531,2025-05-31,Empate,J37,0.0,0.0,84.0,5.76,1,0.5405405405405406
37,J16,Post,187,83,43,61,20250531,2025-05-31,Empate,J37,0.0,0.0,84.0,5.76,1,0.44385026737967914
37,J17,Pre,136,63,34,39,20250531,2025-05-31,Empate,J37,0.0,0.0,76.0,5.93,1,0.4632352941176471
37,J17,Post,292,118,64,110,20250531,2025-05-31,Empate,J37,0.0,0.0,76.0,5.93,1,0.4041095890410959
37,J18,Pre,305,170,50,85,20250531,2025-05-31,Empate,J37,0.0,0.0,0.0,,0,0.5573770491803278
37,J18,Post,97,41,30,26,20250531,2025-05-31,Empate,J37,0.0,0.0,0.0,,0,0.422680412371134
37,J19,Pre,155,72,37,46,20250531,2025-05-31,Empate,J37,0.0,0.0,59.0,6.16,1,0.4645161290322581
37,J19,Post,364,230,62,72,20250531,2025-05-31,Empate,J37,0.0,0.0,59.0,6.16,1,0.6318681318681318
37,J20,Pre,133,53,33,47,20250531,2025-05-31,Empate,J37,0.0,0.0,33.0,6.44,1,0.39849624060150374
37,J20,Post,403,209,99,95,20250531,2025-05-31,Empate,J37,0.0,0.0,33.0,6.44,1,0.5186104218362283
37,J21,Pre,257,127,53,77,20250531,2025-05-31,Empate,J37,0.0,0.0,0.0,,0,0.49416342412451364
37,J21,Post,27,10,8,9,20250531,2025-05-31,Empate,J37,0.0,0.0,0.0,,0,0.37037037037037035
37,J22,Pre,233,122,65,46,20250531,2025-05-31,Empate,J37,0.0,0.0,0.0,,0,0.5236051502145923
37,J22,Post,80,39,21,20,20250531,2025-05-31,Empate,J37,0.0,0.0,0.0,,0,0.4875
37,J23,Pre,372,184,76,112,20250531,2025-05-31,Empate,J37,0.0,0.0,85.0,5.79,1,0.4946236559139785
37,J23,Post,514,256,145,113,20250531,2025-05-31,Empate,J37,0.0,0.0,85.0,5.79,1,0.4980544747081712
37,J24,Pre,243,108,79,56,20250531,2025-05-31,Empate,J37,0.0,0.0,73.0,5.36,1,0.4444444444444444
37,J24,Post,447,180,150,117,20250531,2025-05-31,Empate,J37,0.0,0.0,73.0,5.36,1,0.40268456375838924
37,J25,Pre,167,82,34,51,20250531,2025-05-31,Empate,J37,0.0,0.0,1.0,6.09,1,0.49101796407185627
37,J25,Post,417,182,90,145,20250531,2025-05-31,Empate,J37,0.0,0.0,1.0,6.09,1,0.4364508393285372
38,J01,Pre,67,33,13,21,20250607,2025-06-07,Empate,J38,0.0,0.0,0.0,,0,0.4925373134328358
38,J01,Post,24,8,7,9,20250607,2025-06-07,Empate,J38,0.0,0.0,0.0,,0,0.3333333333333333
38,J02,Pre,149,80,32,37,20250607,2025-06-07,Empate,J38,0.0,0.0,27.0,6.41,1,0.5369127516778524
38,J02,Post,480,262,126,92,20250607,2025-06-07,Empate,J38,0.0,0.0,27.0,6.41,1,0.5458333333333333
38,J03,Pre,257,122,72,63,20250607,2025-06-07,Empate,J38,0.0,0.0,67.0,5.39,1,0.47470817120622566
38,J03,Post,241,110,63,68,20250607,2025-06-07,Empate,J38,0.0,0.0,67.0,5.39,1,0.45643153526970953
38,J04,Pre,330,180,60,90,20250607,2025-06-07,Empate,J38,0.0,0.0,18.0,6.43,1,0.5454545454545454
38,J04,Post,545,232,168,145,20250607,2025-06-07,Empate,J38,0.0,0.0,18.0,6.43,1,0.42568807339449544
38,J05,Pre,128,70,24,34,20250607,2025-06-07,Empate,J38,0.0,0.0,79.0,5.86,1,0.546875
38,J05,Post,395,195,100,100,20250607,2025-06-07,Empate,J38,0.0,0.0,79.0,5.86,1,0.4936708860759494
38,J06,Pre,124,72,26,26,20250607,2025-06-07,Empate,J38,0.0,0.0,83.0,6.09,1,0.5806451612903226
38,J06,Post,260,138,57,65,20250607,2025-06-07,Empate,J38,0.0,0.0,83.0,6.09,1,0.5307692307692308
38,J07,Pre,119,64,19,36,20250607,2025-06-07,Empate,J38,0.0,0.0,24.0,6.52,1,0.5378151260504201
38,J07,Post,417,218,89,110,20250607,2025-06-07,Empate,J38,0.0,0.0,24.0,6.52,1,0.5227817745803357
38,J08,Pre,114,47,23,44,20250607,2025-06-07,Empate,J38,0.0,0.0,0.0,,0,0.41228070175438597
38,J08,Post,17,9,3,5,20250607,2025-06-07,Empate,J38,0.0,0.0,0.0,,0,0.5294117647058824
38,J09,Pre,179,90,38,51,20250607,2025-06-07,Empate,J38,0.0,0.0,14.0,6.74,1,0.5027932960893855
38,J09,Post,404,220,80,104,20250607,2025-06-07,Empate,J38,0.0,0.0,14.0,6.74,1,0.5445544554455446
38,J10,Pre,112,54,28,30,20250607,2025-06-07,Empate,J38,0.0,0.0,0.0,,0,0.48214285714285715
38,J10,Post,18,9,4,5,20250607,2025-06-07,Empate,J38,0.0,0.0,0.0,,0,0.5
38,J11,Pre,145,78,31,36,20250607,2025-06-07,Empate,J38,0.0,0.0,24.0,6.62,1,0.5379310344827586
38,J11,Post,430,233,77,120,20250607,2025-06-07,Empate,J38,0.0,0.0,24.0,6.62,1,0.541860465116279
38,J12,Pre,232,97,69,66,20250607,2025-06-07,Empate,J38,0.0,0.0,82.0,6.95,1,0.41810344827586204
38,J12,Post,389,221,69,99,20250607,2025-06-07,Empate,J38,0.0,0.0,82.0,6.95,1,0.5681233933161953
38,J13,Pre,148,87,34,27,20250607,2025-06-07,Empate,J38,0.0,0.0,66.0,6.55,1,0.5878378378378378
38,J13,Post,375,199,79,97,20250607,2025-06-07,Empate,J38,0.0,0.0,66.0,6.55,1,0.5306666666666666
38,J14,Pre,64,32,17,15,20250607,2025-06-07,Empate,J38,0.0,0.0,60.0,5.86,1,0.5
38,J14,Post,110,42,31,37,20250607,2025-06-07,Empate,J38,0.0,0.0,60.0,5.86,1,0.38181818181818183
38,J15,Pre,39,20,7,12,20250607,2025-06-07,Empate,J38,0.0,0.0,0.0,,0,0.5128205128205128
38,J15,Post,10,4,2,4,20250607,2025-06-07,Empate,J38,0.0,0.0,0.0,,0,0.4
38,J16,Pre,135,59,32,44,20250607,2025-06-07,Empate,J38,0.0,0.0,0.0,,0,0.43703703703703706
38,J16,Post,23,11,5,7,20250607,2025-06-07,Empate,J38,0.0,0.0,0.0,,0,0.4782608695652174
38,J17,Pre,135,73,34,28,20250607,2025-06-07,Empate,J38,0.0,0.0,0.0,,0,0.5407407407407407
38,J17,Post,3,1,0,2,20250607,2025-06-07,Empate,J38,0.0,0.0,0.0,,0,0.3333333333333333
38,J18,Pre,290,146,80,64,20250607,2025-06-07,Empate,J38,0.0,0.0,0.0,,0,0.503448275862069
38,J18,Post,61,30,12,19,20250607,2025-06-07,Empate,J38,0.0,0.0,0.0,,0,0.4918032786885246
38,J19,Pre,182,105,38,39,20250607,2025-06-07,Empate,J38,0.0,0.0,0.0,,0,0.5769230769230769
38,J19,Post,41,17,13,11,20250607,2025-06-07,Empate,J38,0.0,0.0,0.0,,0,0.4146341463414634
38,J20,Pre,279,146,74,59,20250607,2025-06-07,Empate,J38,0.0,0.0,90.0,6.41,1,0.5232974910394266
38,J20,Post,604,236,152,216,20250607,2025-06-07,Empate,J38,0.0,0.0,90.0,6.41,1,0.39072847682119205
38,J21,Pre,287,154,56,77,20250607,2025-06-07,Empate,J38,0.0,0.0,85.0,6.42,1,0.5365853658536586
38,J21,Post,677,381,108,188,20250607,2025-06-07,Empate,J38,0.0,0.0,85.0,6.42,1,0.5627769571639586
38,J22,Pre,250,144,54,52,20250607,2025-06-07,Empate,J38,0.0,0.0,79.0,6.97,1,0.576
38,J22,Post,574,273,164,137,20250607,2025-06-07,Empate,J38,0.0,0.0,79.0,6.97,1,0.47560975609756095
38,J23,Pre,348,187,92,69,20250607,2025-06-07,Empate,J38,0.0,0.0,74.0,7.24,1,0.5373563218390804
38,J23,Post,678,393,135,150,20250607,2025-06-07,Empate,J38,0.0,0.0,74.0,7.24,1,0.5796460176991151
38,J24,Pre,277,166,65,46,20250607,2025-06-07,Empate,J38,0.0,0.0,0.0,,0,0.5992779783393501
38,J24,Post,114,52,36,26,20250607,2025-06-07,Empate,J38,0.0,0.0,0.0,,0,0.45614035087719296
38,J25,Pre,235,114,55,66,20250607,2025-06-07,Empate,J38,0.0,0.0,86.0,5.93,1,0.4851063829787234
38,J25,Post,439,218,95,126,20250607,2025-06-07,Empate,J38,0.0,0.0,86.0,5.93,1,0.49658314350797267
39,J01,Pre,103,57,26,20,20250614,2025-06-14,Victoria,J39,0.0,0.0,7.0,5.79,1,0.5533980582524272
39,J01,Post,205,124,46,35,20250614,2025-06-14,Victoria,J39,0.0,0.0,7.0,5.79,1,0.6048780487804878
39,J02,Pre,276,130,66,80,20250614,2025-06-14,Victoria,J39,0.0,0.0,13.0,5.98,1,0.47101449275362317
39,J02,Post,432,291,54,87,20250614,2025-06-14,Victoria,J39,0.0,0.0,13.0,5.98,1,0.6736111111111112
39,J03,Pre,106,58,27,21,20250614,2025-06-14,Victoria,J39,0.0,0.0,0.0,,0,0.5471698113207547
39,J03,Post,76,33,21,22,20250614,2025-06-14,Victoria,J39,0.0,0.0,0.0,,0,0.4342105263157895
39,J04,Pre,304,150,65,89,20250614,2025-06-14,Victoria,J39,0.0,0.0,78.0,4.6,1,0.4934210526315789
39,J04,Post,520,276,125,119,20250614,2025-06-14,Victoria,J39,0.0,0.0,78.0,4.6,1,0.5307692307692308
39,J05,Pre,185,96,32,57,20250614,2025-06-14,Victoria,J39,0.0,0.0,0.0,,0,0.518918918918919
39,J05,Post,46,18,12,16,20250614,2025-06-14,Victoria,J39,0.0,0.0,0.0,,0,0.391304347826087
39,J06,Pre,120,55,35,30,20250614,2025-06-14,Victoria,J39,0.0,0.0,90.0,5.94,1,0.4583333333333333
39,J06,Post,286,189,43,54,20250614,2025-06-14,Victoria,J39,0.0,0.0,90.0,5.94,1,0.6608391608391608
39,J07,Pre,193,88,54,51,20250614,2025-06-14,Victoria,J39,0.0,0.0,11.0,6.98,1,0.45595854922279794
39,J07,Post,521,373,62,86,20250614,2025-06-14,Victoria,J39,0.0,0.0,11.0,6.98,1,0.7159309021113244
39,J08,Pre,104,56,18,30,20250614,2025-06-14,Victoria,J39,0.0,0.0,73.0,6.65,1,0.5384615384615384
39,J08,Post,254,161,43,50,20250614,2025-06-14,Victoria,J39,0.0,0.0,73.0,6.65,1,0.6338582677165354
39,J09,Pre,248,116,76,56,20250614,2025-06-14,Victoria,J39,0.0,0.0,82.0,5.74,1,0.46774193548387094
39,J09,Post,461,262,102,97,20250614,2025-06-14,Victoria,J39,0.0,0.0,82.0,5.74,1,0.5683297180043384
39,J10,Pre,117,60,28,29,20250614,2025-06-14,Victoria,J39,0.0,0.0,90.0,5.85,1,0.5128205128205128
39,J10,Post,224,134,49,41,20250614,2025-06-14,Victoria,J39,0.0,0.0,90.0,5.85,1,0.5982142857142857
39,J11,Pre,111,61,23,27,20250614,2025-06-14,Victoria,J39,0.0,0.0,0.0,,0,0.5495495495495496
39,J11,Post,125,60,37,28,20250614,2025-06-14,Victoria,J39,0.0,0.0,0.0,,0,0.48
39,J12,Pre,154,77,41,36,20250614,2025-06-14,Victoria,J39,0.0,0.0,0.0,,0,0.5
39,J12,Post,75,30,23,22,20250614,2025-06-14,Victoria,J39,0.0,0.0,0.0,,0,0.4
39,J13,Pre,200,109,40,51,20250614,2025-06-14,Victoria,J39,0.0,0.0,0.0,,0,0.545
39,J13,Post,13,5,4,4,20250614,2025-06-14,Victoria,J39,0.0,0.0,0.0,,0,0.38461538461538464
39,J14,Pre,66,32,17,17,20250614,2025-06-14,Victoria,J39,0.0,0.0,90.0,5.29,1,0.48484848484848486
39,J14,Post,110,64,24,22,20250614,2025-06-14,Victoria,J39,0.0,0.0,90.0,5.29,1,0.5818181818181818
39,J15,Pre,81,37,17,27,20250614,2025-06-14,Victoria,J39,0.0,0.0,84.0,6.89,1,0.4567901234567901
39,J15,Post,194,133,23,38,20250614,2025-06-14,Victoria,J39,0.0,0.0,84.0,6.89,1,0.6855670103092784
39,J16,Pre,77,50,13,14,20250614,2025-06-14,Victoria,J39,0.0,0.0,0.0,,0,0.6493506493506493
39,J16,Post,43,20,11,12,20250614,2025-06-14,Victoria,J39,0.0,0.0,0.0,,0,0.46511627906976744
39,J17,Pre,253,147,39,67,20250614,2025-06-14,Victoria,J39,0.0,0.0,0.0,,0,0.5810276679841897
39,J17,Post,56,29,12,15,20250614,2025-06-14,Victoria,J39,0.0,0.0,0.0,,0,0.5178571428571429
39,J18,Pre,251,134,59,58,20250614,2025-06-14,Victoria,J39,0.0,1.0,85.0,6.83,1,0.5338645418326693
39,J18,Post,984,727,152,105,20250614,2025-06-14,Victoria,J39,0.0,1.0,85.0,6.83,1,0.7388211382113821
39,J19,Pre,190,112,30,48,20250614,2025-06-14,Victoria,J39,0.0,0.0,78.0,6.55,1,0.5894736842105263
39,J19,Post,438,284,91,63,20250614,2025-06-14,Victoria,J39,0.0,0.0,78.0,6.55,1,0.6484018264840182
39,J20,Pre,248,132,47,69,20250614,2025-06-14,Victoria,J39,0.0,0.0,0.0,,0,0.532258064516129
39,J20,Post,30,14,6,10,20250614,2025-06-14,Victoria,J39,0.0,0.0,0.0,,0,0.4666666666666667
39,J21,Pre,202,123,27,52,20250614,2025-06-14,Victoria,J39,0.0,0.0,16.0,6.75,1,0.6089108910891089
39,J21,Post,790,539,108,143,20250614,2025-06-14,Victoria,J39,0.0,0.0,16.0,6.75,1,0.6822784810126582
39,J22,Pre,300,144,78,78,20250614,2025-06-14,Victoria,J39,1.0,0.0,72.0,8.18,1,0.48
39,J22,Post,1327,1159,86,82,20250614,2025-06-14,Victoria,J39,1.0,0.0,72.0,8.18,1,0.8733986435568952
39,J23,Pre,305,147,75,83,20250614,2025-06-14,Victoria,J39,0.0,0.0,74.0,5.9,1,0.4819672131147541
39,J23,Post,606,333,159,114,20250614,2025-06-14,Victoria,J39,0.0,0.0,74.0,5.9,1,0.5495049504950495
39,J24,Pre,310,138,97,75,20250614,2025-06-14,Victoria,J39,0.0,1.0,39.0,5.84,1,0.44516129032258067
39,J24,Post,847,523,168,156,20250614,2025-06-14,Victoria,J39,0.0,1.0,39.0,5.84,1,0.6174734356552538
39,J25,Pre,138,62,33,43,20250614,2025-06-14,Victoria,J39,0.0,0.0,0.0,,0,0.4492753623188406
39,J25,Post,115,68,23,24,20250614,2025-06-14,Victoria,J39,0.0,0.0,0.0,,0,0.591304347826087
40,J01,Pre,100,49,18,33,20250621,2025-06-21,Derrota,J40,0.0,0.0,0.0,,0,0.49
40,J01,Post,18,10,2,6,20250621,2025-06-21,Derrota,J40,0.0,0.0,0.0,,0,0.5555555555555556
40,J02,Pre,201,87,57,57,20250621,2025-06-21,Derrota,J40,0.0,0.0,0.0,,0,0.43283582089552236
40,J02,Post,93,53,14,26,20250621,2025-06-21,Derrota,J40,0.0,0.0,0.0,,0,0.5698924731182796
40,J03,Pre,214,96,56,62,20250621,2025-06-21,Derrota,J40,0.0,1.0,45.0,5.91,1,0.4485981308411215
40,J03,Post,396,133,149,114,20250621,2025-06-21,Derrota,J40,0.0,1.0,45.0,5.91,1,0.33585858585858586
40,J04,Pre,152,82,36,34,20250621,2025-06-21,Derrota,J40,0.0,0.0,90.0,7.82,1,0.5394736842105263
40,J04,Post,737,254,271,212,20250621,2025-06-21,Derrota,J40,0.0,0.0,90.0,7.82,1,0.344640434192673
40,J05,Pre,211,115,56,40,20250621,2025-06-21,Derrota,J40,0.0,0.0,0.0,,0,0.5450236966824644
40,J05,Post,78,35,20,23,20250621,2025-06-21,Derrota,J40,0.0,0.0,0.0,,0,0.44871794871794873
40,J06,Pre,134,53,39,42,20250621,2025-06-21,Derrota,J40,0.0,0.0,82.0,6.67,1,0.39552238805970147
40,J06,Post,236,95,63,78,20250621,2025-06-21,Derrota,J40,0.0,0.0,82.0,6.67,1,0.4025423728813559
40,J07,Pre,197,110,48,39,20250621,2025-06-21,Derrota,J40,0.0,0.0,0.0,,0,0.5583756345177665
40,J07,Post,0,0,0,0,20250621,2025-06-21,Derrota,J40,0.0,0.0,0.0,,0,
40,J08,Pre,105,51,31,23,20250621,2025-06-21,Derrota,J40,0.0,0.0,73.0,5.55,1,0.4857142857142857
40,J08,Post,131,28,60,43,20250621,2025-06-21,Derrota,J40,0.0,0.0,73.0,5.55,1,0.21374045801526717
40,J09,Pre,135,74,28,33,20250621,2025-06-21,Derrota,J40,0.0,0.0,87.0,6.44,1,0.5481481481481482
40,J09,Post,420,156,137,127,20250621,2025-06-21,Derrota,J40,0.0,0.0,87.0,6.44,1,0.37142857142857144
40,J10,Pre,97,48,26,23,20250621,2025-06-21,Derrota,J40,0.0,0.0,26.0,5.34,1,0.4948453608247423
40,J10,Post,135,39,34,62,20250621,2025-06-21,Derrota,J40,0.0,0.0,26.0,5.34,1,0.28888888888888886
40,J11,Pre,233,106,46,81,20250621,2025-06-21,Derrota,J40,0.0,0.0,81.0,4.89,1,0.45493562231759654
40,J11,Post,219,55,58,106,20250621,2025-06-21,Derrota,J40,0.0,0.0,81.0,4.89,1,0.2511415525114155
40,J12,Pre,89,45,18,26,20250621,2025-06-21,Derrota,J40,0.0,0.0,81.0,6.01,1,0.5056179775280899
40,J12,Post,415,142,103,170,20250621,2025-06-21,Derrota,J40,0.0,0.0,81.0,6.01,1,0.3421686746987952
40,J13,Pre,152,60,38,54,20250621,2025-06-21,Derrota,J40,0.0,0.0,0.0,,0,0.39473684210526316
40,J13,Post,32,17,5,10,20250621,2025-06-21,Derrota,J40,0.0,0.0,0.0,,0,0.53125
40,J14,Pre,50,24,9,17,20250621,2025-06-21,Derrota,J40,0.0,0.0,81.0,4.66,1,0.48
40,J14,Post,63,12,27,24,20250621,2025-06-21,Derrota,J40,0.0,0.0,81.0,4.66,1,0.19047619047619047
40,J15,Pre,79,37,21,21,20250621,2025-06-21,Derrota,J40,0.0,0.0,0.0,,0,0.46835443037974683
40,J15,Post,7,2,1,4,20250621,2025-06-21,Derrota,J40,0.0,0.0,0.0,,0,0.2857142857142857
40,J16,Pre,54,23,17,14,20250621,2025-06-21,Derrota,J40,0.0,0.0,2.0,5.79,1,0.42592592592592593
40,J16,Post,187,53,70,64,20250621,2025-06-21,Derrota,J40,0.0,0.0,2.0,5.79,1,0.28342245989304815
40,J17,Pre,101,63,16,22,20250621,2025-06-21,Derrota,J40,0.0,0.0,81.0,5.71,1,0.6237623762376238
40,J17,Post,277,59,106,112,20250621,2025-06-21,Derrota,J40,0.0,0.0,81.0,5.71,1,0.21299638989169675
40,J18,Pre,251,125,53,73,20250621,2025-06-21,Derrota,J40,0.0,1.0,90.0,6.04,1,0.49800796812749004
40,J18,Post,673,251,210,212,20250621,2025-06-21,Derrota,J40,0.0,1.0,90.0,6.04,1,0.37295690936106984
40,J19,Pre,159,88,41,30,20250621,2025-06-21,Derrota,J40,0.0,1.0,45.0,6.58,1,0.5534591194968553
40,J19,Post,437,189,113,135,20250621,2025-06-21,Derrota,J40,0.0,1.0,45.0,6.58,1,0.43249427917620137
40,J20,Pre,321,150,62,109,20250621,2025-06-21,Derrota,J40,0.0,0.0,45.0,6.05,1,0.4672897196261682
40,J20,Post,383,84,178,121,20250621,2025-06-21,Derrota,J40,0.0,0.0,45.0,6.05,1,0.2193211488250653
40,J21,Pre,312,155,91,66,20250621,2025-06-21,Derrota,J40,0.0,0.0,72.0,5.86,1,0.4967948717948718
40,J21,Post,465,132,178,155,20250621,2025-06-21,Derrota,J40,0.0,0.0,72.0,5.86,1,0.2838709677419355
40,J22,Pre,271,135,76,60,20250621,2025-06-21,Derrota,J40,0.0,0.0,85.0,4.71,1,0.4981549815498155
40,J22,Post,275,67,76,132,20250621,2025-06-21,Derrota,J40,0.0,0.0,85.0,4.71,1,0.24363636363636362
40,J23,Pre,240,117,52,71,20250621,2025-06-21,Derrota,J40,0.0,0.0,0.0,,0,0.4875
40,J23,Post,263,113,80,70,20250621,2025-06-21,Derrota,J40,0.0,0.0,0.0,,0,0.4296577946768061
40,J24,Pre,325,159,68,98,20250621,2025-06-21,Derrota,J40,0.0,0.0,0.0,,0,0.48923076923076925
40,J24,Post,50,23,9,18,20250621,2025-06-21,Derrota,J40,0.0,0.0,0.0,,0,0.46
40,J25,Pre,270,114,66,90,20250621,2025-06-21,Derrota,J40,0.0,0.0,0.0,,0,0.4222222222222222
40,J25,Post,146,79,35,32,20250621,2025-06-21,Derrota,J40,0.0,0.0,0.0,,0,0.541095890410959
41,J01,Pre,55,31,12,12,20250628,2025-06-28,Empate,J41,0.0,0.0,0.0,,0,0.5636363636363636
41,J01,Post,29,14,8,7,20250628,2025-06-28,Empate,J41,0.0,0.0,0.0,,0,0.4827586206896552
41,J02,Pre,142,71,35,36,20250628,2025-06-28,Empate,J41,0.0,0.0,83.0,6.03,1,0.5
41,J02,Post,361,179,96,86,20250628,2025-06-28,Empate,J41,0.0,0.0,83.0,6.03,1,0.49584487534626037
41,J03,Pre,150,70,31,49,20250628,2025-06-28,Empate,J41,0.0,0.0,27.0,5.41,1,0.4666666666666667
41,J03,Post,289,126,59,104,20250628,2025-06-28,Empate,J41,0.0,0.0,27.0,5.41,1,0.4359861591695502
41,J04,Pre,228,103,61,64,20250628,2025-06-28,Empate,J41,0.0,0.0,87.0,7.1,1,0.4517543859649123
41,J04,Post,523,339,93,91,20250628,2025-06-28,Empate,J41,0.0,0.0,87.0,7.1,1,0.6481835564053537
41,J05,Pre,166,81,48,37,20250628,2025-06-28,Empate,J41,0.0,0.0,0.0,,0,0.4879518072289157
41,J05,Post,83,40,23,20,20250628,2025-06-28,Empate,J41,0.0,0.0,0.0,,0,0.4819277108433735
41,J06,Pre,160,83,34,43,20250628,2025-06-28,Empate,J41,0.0,0.0,22.0,6.06,1,0.51875
41,J06,Post,284,162,53,69,20250628,2025-06-28,Empate,J41,0.0,0.0,22.0,6.06,1,0.5704225352112676
41,J07,Pre,146,66,43,37,20250628,2025-06-28,Empate,J41,0.0,0.0,66.0,7.27,1,0.4520547945205479
41,J07,Post,420,265,78,77,20250628,2025-06-28,Empate,J41,0.0,0.0,66.0,7.27,1,0.6309523809523809
41,J08,Pre,78,45,16,17,20250628,2025-06-28,Empate,J41,0.0,0.0,19.0,5.68,1,0.5769230769230769
41,J08,Post,166,77,48,41,20250628,2025-06-28,Empate,J41,0.0,0.0,19.0,5.68,1,0.463855421686747
41,J09,Pre,256,142,55,59,20250628,2025-06-28,Empate,J41,0.0,0.0,79.0,5.32,1,0.5546875
41,J09,Post,308,148,61,99,20250628,2025-06-28,Empate,J41,0.0,0.0,79.0,5.32,1,0.4805194805194805
41,J10,Pre,101,43,31,27,20250628,2025-06-28,Empate,J41,0.0,0.0,0.0,,0,0.42574257425742573
41,J10,Post,2,0,0,2,20250628,2025-06-28,Empate,J41,0.0,0.0,0.0,,0,0.0
41,J11,Pre,164,75,40,49,20250628,2025-06-28,Empate,J41,0.0,0.0,0.0,,0,0.4573170731707317
41,J11,Post,42,20,10,12,20250628,2025-06-28,Empate,J41,0.0,0.0,0.0,,0,0.47619047619047616
41,J12,Pre,175,74,38,63,20250628,2025-06-28,Empate,J41,0.0,0.0,45.0,6.03,1,0.4228571428571429
41,J12,Post,424,236,101,87,20250628,2025-06-28,Empate,J41,0.0,0.0,45.0,6.03,1,0.5566037735849056
41,J13,Pre,147,63,46,38,20250628,2025-06-28,Empate,J41,0.0,0.0,0.0,,0,0.42857142857142855
41,J13,Post,12,5,2,5,20250628,2025-06-28,Empate,J41,0.0,0.0,0.0,,0,0.4166666666666667
41,J14,Pre,45,19,13,13,20250628,2025-06-28,Empate,J41,0.0,0.0,88.0,6.47,1,0.4222222222222222
41,J14,Post,101,54,22,25,20250628,2025-06-28,Empate,J41,0.0,0.0,88.0,6.47,1,0.5346534653465347
41,J15,Pre,54,25,16,13,20250628,2025-06-28,Empate,J41,0.0,0.0,90.0,6.36,1,0.46296296296296297
41,J15,Post,130,63,35,32,20250628,2025-06-28,Empate,J41,0.0,0.0,90.0,6.36,1,0.4846153846153846
41,J16,Pre,69,34,14,21,20250628,2025-06-28,Empate,J41,0.0,0.0,0.0,,0,0.4927536231884058
41,J16,Post,40,21,7,12,20250628,2025-06-28,Empate,J41,0.0,0.0,0.0,,0,0.525
41,J17,Pre,111,52,32,27,20250628,2025-06-28,Empate,J41,0.0,0.0,33.0,5.35,1,0.46846846846846846
41,J17,Post,240,116,71,53,20250628,2025-06-28,Empate,J41,0.0,0.0,33.0,5.35,1,0.48333333333333334
41,J18,Pre,244,124,54,66,20250628,2025-06-28,Empate,J41,0.0,0.0,73.0,6.22,1,0.5081967213114754
41,J18,Post,685,387,148,150,20250628,2025-06-28,Empate,J41,0.0,0.0,73.0,6.22,1,0.564963503649635
41,J19,Pre,121,67,20,34,20250628,2025-06-28,Empate,J41,0.0,0.0,0.0,,0,0.5537190082644629
41,J19,Post,66,29,15,22,20250628,2025-06-28,Empate,J41,0.0,0.0,0.0,,0,0.4393939393939394
41,J20,Pre,204,70,76,58,20250628,2025-06-28,Empate,J41,0.0,0.0,81.0,5.45,1,0.3431372549019608
41,J20,Post,356,141,82,133,20250628,2025-06-28,Empate,J41,0.0,0.0,81.0,5.45,1,0.3960674157303371
41,J21,Pre,240,104,51,85,20250628,2025-06-28,Empate,J41,0.0,0.0,0.0,,0,0.43333333333333335
41,J21,Post,10,4,2,4,20250628,2025-06-28,Empate,J41,0.0,0.0,0.0,,0,0.4
41,J22,Pre,380,178,77,125,20250628,2025-06-28,Empate,J41,0.0,0.0,82.0,6.47,1,0.46842105263157896
41,J22,Post,605,275,116,214,20250628,2025-06-28,Empate,J41,0.0,0.0,82.0,6.47,1,0.45454545454545453
41,J23,Pre,205,110,56,39,20250628,2025-06-28,Empate,J41,0.0,0.0,90.0,5.47,1,0.5365853658536586
41,J23,Post,413,183,113,117,20250628,2025-06-28,Empate,J41,0.0,0.0,90.0,5.47,1,0.4430992736077482
41,J24,Pre,251,133,67,51,20250628,2025-06-28,Empate,J41,0.0,0.0,0.0,,0,0.5298804780876494
41,J24,Post,103,49,26,28,20250628,2025-06-28,Empate,J41,0.0,0.0,0.0,,0,0.47572815533980584
41,J25,Pre,184,91,37,56,20250628,2025-06-28,Empate,J41,0.0,1.0,90.0,6.77,1,0.4945652173913043
41,J25,Post,649,426,105,118,20250628,2025-06-28,Empate,J41,0.0,1.0,90.0,6.77,1,0.6563944530046225
42,J01,Pre,95,54,20,21,20250705,2025-07-05,Empate,J42,0.0,0.0,90.0,6.49,1,0.5684210526315789
42,J01,Post,193,96,49,48,20250705,2025-07-05,Empate,J42,0.0,0.0,90.0,6.49,1,0.49740932642487046
42,J02,Pre,229,134,36,59,20250705,2025-07-05,Empate,J42,0.0,0.0,0.0,,0,0.5851528384279476
42,J02,Post,36,19,8,9,20250705,2025-07-05,Empate,J42,0.0,0.0,0.0,,0,0.5277777777777778
42,J03,Pre,168,88,34,46,20250705,2025-07-05,Empate,J42,0.0,0.0,73.0,5.81,1,0.5238095238095238
42,J03,Post,357,156,112,89,20250705,2025-07-05,Empate,J42,0.0,0.0,73.0,5.81,1,0.4369747899159664
42,J04,Pre,363,217,51,95,20250705,2025-07-05,Empate,J42,0.0,0.0,24.0,7.3,1,0.5977961432506887
42,J04,Post,570,399,102,69,20250705,2025-07-05,Empate,J42,0.0,0.0,24.0,7.3,1,0.7
42,J05,Pre,260,141,59,60,20250705,2025-07-05,Empate,J42,0.0,0.0,0.0,,0,0.5423076923076923
42,J05,Post,148,66,32,50,20250705,2025-07-05,Empate,J42,0.0,0.0,0.0,,0,0.44594594594594594
42,J06,Pre,125,67,28,30,20250705,2025-07-05,Empate,J42,0.0,0.0,0.0,,0,0.536
42,J06,Post,0,0,0,0,20250705,2025-07-05,Empate,J42,0.0,0.0,0.0,,0,
42,J07,Pre,190,105,42,43,20250705,2025-07-05,Empate,J42,0.0,0.0,25.0,6.43,1,0.5526315789473685
42,J07,Post,393,140,142,111,20250705,2025-07-05,Empate,J42,0.0,0.0,25.0,6.43,1,0.356234096692112
42,J08,Pre,78,38,14,26,20250705,2025-07-05,Empate,J42,0.0,0.0,0.0,,0,0.48717948717948717
42,J08,Post,2,0,0,2,20250705,2025-07-05,Empate,J42,0.0,0.0,0.0,,0,0.0
42,J09,Pre,278,142,63,73,20250705,2025-07-05,Empate,J42,0.0,0.0,78.0,6.52,1,0.5107913669064749
42,J09,Post,483,196,121,166,20250705,2025-07-05,Empate,J42,0.0,0.0,78.0,6.52,1,0.4057971014492754
42,J10,Pre,81,42,16,23,20250705,2025-07-05,Empate,J42,0.0,0.0,90.0,5.25,1,0.5185185185185185
42,J10,Post,186,93,40,53,20250705,2025-07-05,Empate,J42,0.0,0.0,90.0,5.25,1,0.5
42,J11,Pre,261,123,73,65,20250705,2025-07-05,Empate,J42,0.0,0.0,20.0,6.84,1,0.47126436781609193
42,J11,Post,333,156,101,76,20250705,2025-07-05,Empate,J42,0.0,0.0,20.0,6.84,1,0.46846846846846846
42,J12,Pre,295,181,44,70,20250705,2025-07-05,Empate,J42,0.0,0.0,90.0,6.47,1,0.6135593220338983
42,J12,Post,348,186,65,97,20250705,2025-07-05,Empate,J42,0.0,0.0,90.0,6.47,1,0.5344827586206896
42,J13,Pre,233,122,59,52,20250705,2025-07-05,Empate,J42,0.0,0.0,0.0,,0,0.5236051502145923
42,J13,Post,127,62,31,34,20250705,2025-07-05,Empate,J42,0.0,0.0,0.0,,0,0.4881889763779528
42,J14,Pre,69,46,13,10,20250705,2025-07-05,Empate,J42,0.0,0.0,90.0,6.02,1,0.6666666666666666
42,J14,Post,100,51,16,33,20250705,2025-07-05,Empate,J42,0.0,0.0,90.0,6.02,1,0.51
42,J15,Pre,52,27,12,13,20250705,2025-07-05,Empate,J42,0.0,0.0,44.0,6.21,1,0.5192307692307693
42,J15,Post,143,72,26,45,20250705,2025-07-05,Empate,J42,0.0,0.0,44.0,6.21,1,0.5034965034965035
42,J16,Pre,108,64,25,19,20250705,2025-07-05,Empate,J42,0.0,0.0,90.0,5.38,1,0.5925925925925926
42,J16,Post,202,79,64,59,20250705,2025-07-05,Empate,J42,0.0,0.0,90.0,5.38,1,0.3910891089108911
42,J17,Pre,143,87,23,33,20250705,2025-07-05,Empate,J42,0.0,0.0,75.0,5.98,1,0.6083916083916084
42,J17,Post,322,132,67,123,20250705,2025-07-05,Empate,J42,0.0,0.0,75.0,5.98,1,0.40993788819875776
42,J18,Pre,363,217,69,77,20250705,2025-07-05,Empate,J42,0.0,0.0,0.0,,0,0.5977961432506887
42,J18,Post,93,35,24,34,20250705,2025-07-05,Empate,J42,0.0,0.0,0.0,,0,0.3763440860215054
42,J19,Pre,195,94,39,62,20250705,2025-07-05,Empate,J42,0.0,0.0,0.0,,0,0.48205128205128206
42,J19,Post,113,56,30,27,20250705,2025-07-05,Empate,J42,0.0,0.0,0.0,,0,0.49557522123893805
42,J20,Pre,330,184,71,75,20250705,2025-07-05,Empate,J42,0.0,0.0,0.0,,0,0.5575757575757576
42,J20,Post,129,57,31,41,20250705,2025-07-05,Empate,J42,0.0,0.0,0.0,,0,0.4418604651162791
42,J21,Pre,293,155,60,78,20250705,2025-07-05,Empate,J42,0.0,0.0,0.0,,0,0.5290102389078498
42,J21,Post,119,52,29,38,20250705,2025-07-05,Empate,J42,0.0,0.0,0.0,,0,0.4369747899159664
42,J22,Pre,392,180,79,133,20250705,2025-07-05,Empate,J42,0.0,0.0,90.0,7.21,1,0.45918367346938777
42,J22,Post,630,369,138,123,20250705,2025-07-05,Empate,J42,0.0,0.0,90.0,7.21,1,0.5857142857142857
42,J23,Pre,374,211,84,79,20250705,2025-07-05,Empate,J42,0.0,0.0,90.0,6.23,1,0.5641711229946524
42,J23,Post,605,304,109,192,20250705,2025-07-05,Empate,J42,0.0,0.0,90.0,6.23,1,0.5024793388429752
42,J24,Pre,257,147,49,61,20250705,2025-07-05,Empate,J42,1.0,0.0,58.0,7.49,1,0.5719844357976653
42,J24,Post,1189,862,129,198,20250705,2025-07-05,Empate,J42,1.0,0.0,58.0,7.49,1,0.7249789739276703
42,J25,Pre,227,101,47,79,20250705,2025-07-05,Empate,J42,0.0,0.0,32.0,6.6,1,0.44493392070484583
42,J25,Post,452,224,132,96,20250705,2025-07-05,Empate,J42,0.0,0.0,32.0,6.6,1,0.49557522123893805
