aficionado_id,plataforma,sigue,interacciones_temporada
AF-664C935608,Instagram,1,5
AF-664C935608,X,0,0
AF-664C935608,Facebook,0,0
AF-664C935608,TikTok,1,20
AF-664C935608,YouTube,0,0
AF-051D3F8133,Instagram,1,52
AF-051D3F8133,X,1,20
AF-051D3F8133,Facebook,0,0
AF-051D3F8133,TikTok,0,0
AF-051D3F8133,YouTube,1,12
AF-DD360253B0,Instagram,1,72
AF-DD360253B0,X,0,0
AF-DD360253B0,Facebook,1,34
AF-DD360253B0,TikTok,0,0
AF-DD360253B0,YouTube,0,0
AF-098A269628,Instagram,1,3
AF-098A269628,X,1,42
AF-098A269628,Facebook,0,0
AF-098A269628,TikTok,0,0
AF-098A269628,YouTube,0,0
AF-0DA851833C,Instagram,0,0
AF-0DA851833C,X,1,35
AF-0DA851833C,Facebook,0,0
AF-0DA851833C,TikTok,1,13
AF-0DA851833C,YouTube,0,0
AF-F9CFA62FD2,Instagram,0,0
AF-F9CFA62FD2,X,1,7
AF-F9CFA62FD2,Facebook,0,0
AF-F9CFA62FD2,TikTok,1,5
AF-F9CFA62FD2,YouTube,0,0
AF-06744EFE5F,Instagram,1,29
AF-06744EFE5F,X,0,0
AF-06744EFE5F,Facebook,1,48
AF-06744EFE5F,TikTok,0,0
AF-06744EFE5F,YouTube,0,0
AF-02A7FBB908,Instagram,0,0
AF-02A7FBB908,X,1,5
AF-02A7FBB908,Facebook,0,0
AF-02A7FBB908,TikTok,0,0
AF-02A7FBB908,YouTube,1,46
AF-AAC1AA1B94,Instagram,1,8
AF-AAC1AA1B94,X,1,83
AF-AAC1AA1B94,Facebook,1,109
AF-AAC1AA1B94,TikTok,1,24
AF-AAC1AA1B94,YouTube,0,0
AF-A89D0CE8F0,Instagram,1,71
AF-A89D0CE8F0,X,1,35
AF-A89D0CE8F0,Facebook,0,0
AF-A89D0CE8F0,TikTok,1,22
AF-A89D0CE8F0,YouTube,1,52
AF-7FACB7D105,Instagram,1,34
AF-7FACB7D105,X,0,0
AF-7FACB7D105,Facebook,1,1
AF-7FACB7D105,TikTok,0,0
AF-7FACB7D105,YouTube,1,14
AF-B7DE50E70B,Instagram,1,21
AF-B7DE50E70B,X,0,0
AF-B7DE50E70B,Facebook,0,0
AF-B7DE50E70B,TikTok,0,0
AF-B7DE50E70B,YouTube,0,0
AF-B34405C874,Instagram,1,13
AF-B34405C874,X,1,58
AF-B34405C874,Facebook,0,0
AF-B34405C874,TikTok,0,0
AF-B34405C874,YouTube,0,0
AF-EFCA65B407,Instagram,1,23
AF-EFCA65B407,X,0,0
AF-EFCA65B407,Facebook,1,21
AF-EFCA65B407,TikTok,0,0
AF-EFCA65B407,YouTube,0,0
AF-E8DC663CE9,Instagram,0,0
AF-E8DC663CE9,X,0,0
AF-E8DC663CE9,Facebook,0,0
AF-E8DC663CE9,TikTok,1,7
AF-E8DC663CE9,YouTube,0,0
AF-015C0ED11F,Instagram,0,0
AF-015C0ED11F,X,0,0
AF-015C0ED11F,Facebook,0,0
AF-015C0ED11F,TikTok,0,0
AF-015C0ED11F,YouTube,0,0
AF-57CD8166FE,Instagram,1,3
AF-57CD8166FE,X,0,0
AF-57CD8166FE,Facebook,1,12
AF-57CD8166FE,TikTok,0,0
AF-57CD8166FE,YouTube,0,0
AF-1B0CD3857E,Instagram,0,0
AF-1B0CD3857E,X,1,14
AF-1B0CD3857E,Facebook,1,25
AF-1B0CD3857E,TikTok,0,0
AF-1B0CD3857E,YouTube,0,0
AF-0D781ADF95,Instagram,1,21
AF-0D781ADF95,X,0,0
AF-0D781ADF95,Facebook,1,70
AF-0D781ADF95,TikTok,0,0
AF-0D781ADF95,YouTube,0,0
AF-8BB1300615,Instagram,1,109
AF-8BB1300615,X,1,93
AF-8BB1300615,Facebook,1,26
AF-8BB1300615,TikTok,1,161
AF-8BB1300615,YouTube,0,0
AF-D79AA1B6BC,Instagram,1,64
AF-D79AA1B6BC,X,1,11
AF-D79AA1B6BC,Facebook,0,0
AF-D79AA1B6BC,TikTok,1,28
AF-D79AA1B6BC,YouTube,0,0
AF-6044142FC9,Instagram,1,57
AF-6044142FC9,X,1,29
AF-6044142FC9,Facebook,1,12
AF-6044142FC9,TikTok,0,0
AF-6044142FC9,YouTube,1,31
AF-887AD8C467,Instagram,1,50
AF-887AD8C467,X,0,0
AF-887AD8C467,Facebook,0,0
AF-887AD8C467,TikTok,0,0
AF-887AD8C467,YouTube,0,0
AF-9EA547B4B8,Instagram,1,13
AF-9EA547B4B8,X,0,0
AF-9EA547B4B8,Facebook,1,25
AF-9EA547B4B8,TikTok,0,0
AF-9EA547B4B8,YouTube,1,3
AF-6A1E16C160,Instagram,1,13
AF-6A1E16C160,X,0,0
AF-6A1E16C160,Facebook,1,52
AF-6A1E16C160,TikTok,0,0
AF-6A1E16C160,YouTube,0,0
AF-B2A08918A3,Instagram,1,15
AF-B2A08918A3,X,1,4
AF-B2A08918A3,Facebook,0,0
AF-B2A08918A3,TikTok,1,14
AF-B2A08918A3,YouTube,0,0
AF-6ABC201CF7,Instagram,0,0
AF-6ABC201CF7,X,1,14
AF-6ABC201CF7,Facebook,1,8
AF-6ABC201CF7,TikTok,0,0
AF-6ABC201CF7,YouTube,0,0
AF-D9326E0A8A,Instagram,1,42
AF-D9326E0A8A,X,0,0
AF-D9326E0A8A,Facebook,0,0
AF-D9326E0A8A,TikTok,0,0
AF-D9326E0A8A,YouTube,0,0
AF-F6C6A752B8,Instagram,1,24
AF-F6C6A752B8,X,1,23
AF-F6C6A752B8,Facebook,0,0
AF-F6C6A752B8,TikTok,1,43
AF-F6C6A752B8,YouTube,0,0
AF-BBCABD4F64,Instagram,1,3
AF-BBCABD4F64,X,1,1
AF-BBCABD4F64,Facebook,1,7
AF-BBCABD4F64,TikTok,0,0
AF-BBCABD4F64,YouTube,1,17
AF-7219BB587C,Instagram,1,22
AF-7219BB587C,X,0,0
AF-7219BB587C,Facebook,0,0
AF-7219BB587C,TikTok,0,0
AF-7219BB587C,YouTube,1,7
AF-97CD301DFB,Instagram,0,0
AF-97CD301DFB,X,0,0
AF-97CD301DFB,Facebook,0,0
AF-97CD301DFB,TikTok,0,0
AF-97CD301DFB,YouTube,1,34
AF-B77EF57FB9,Instagram,1,8
AF-B77EF57FB9,X,0,0
AF-B77EF57FB9,Facebook,1,7
AF-B77EF57FB9,TikTok,0,0
AF-B77EF57FB9,YouTube,1,18
AF-9D53E81E23,Instagram,1,28
AF-9D53E81E23,X,1,9
AF-9D53E81E23,Facebook,0,0
AF-9D53E81E23,TikTok,1,32
AF-9D53E81E23,YouTube,1,12
AF-8D4685AD67,Instagram,1,46
AF-8D4685AD67,X,0,0
AF-8D4685AD67,Facebook,0,0
AF-8D4685AD67,TikTok,0,0
AF-8D4685AD67,YouTube,0,0
AF-65EF21247A,Instagram,1,18
AF-65EF21247A,X,1,5
AF-65EF21247A,Facebook,1,11
AF-65EF21247A,TikTok,0,0
AF-65EF21247A,YouTube,1,14
AF-2B3AB5061B,Instagram,1,9
AF-2B3AB5061B,X,1,7
AF-2B3AB5061B,Facebook,0,0
AF-2B3AB5061B,TikTok,0,0
AF-2B3AB5061B,YouTube,1,7
AF-6F90121F11,Instagram,1,6
AF-6F90121F11,X,0,0
AF-6F90121F11,Facebook,0,0
AF-6F90121F11,TikTok,1,6
AF-6F90121F11,YouTube,0,0
AF-C1D4C0AE84,Instagram,1,41
AF-C1D4C0AE84,X,0,0
AF-C1D4C0AE84,Facebook,0,0
AF-C1D4C0AE84,TikTok,0,0
AF-C1D4C0AE84,YouTube,0,0
AF-763D1AE32E,Instagram,1,24
AF-763D1AE32E,X,0,0
AF-763D1AE32E,Facebook,1,121
AF-763D1AE32E,TikTok,0,0
AF-763D1AE32E,YouTube,0,0
AF-49C5626CAB,Instagram,1,72
AF-49C5626CAB,X,0,0
AF-49C5626CAB,Facebook,0,0
AF-49C5626CAB,TikTok,0,0
AF-49C5626CAB,YouTube,1,33
AF-1474CF8C01,Instagram,1,13
AF-1474CF8C01,X,0,0
AF-1474CF8C01,Facebook,1,23
AF-1474CF8C01,TikTok,0,0
AF-1474CF8C01,YouTube,1,9
AF-3481B694D0,Instagram,1,50
AF-3481B694D0,X,1,22
AF-3481B694D0,Facebook,0,0
AF-3481B694D0,TikTok,0,0
AF-3481B694D0,YouTube,0,0
AF-9971FFA859,Instagram,1,53
AF-9971FFA859,X,1,25
AF-9971FFA859,Facebook,1,32
AF-9971FFA859,TikTok,0,0
AF-9971FFA859,YouTube,1,87
AF-4C7273FFED,Instagram,1,9
AF-4C7273FFED,X,0,0
AF-4C7273FFED,Facebook,0,0
AF-4C7273FFED,TikTok,0,0
AF-4C7273FFED,YouTube,0,0
AF-A5B3697FB4,Instagram,1,10
AF-A5B3697FB4,X,0,0
AF-A5B3697FB4,Facebook,1,47
AF-A5B3697FB4,TikTok,0,0
AF-A5B3697FB4,YouTube,0,0
AF-4FB9134E94,Instagram,1,40
AF-4FB9134E94,X,1,59
AF-4FB9134E94,Facebook,0,0
AF-4FB9134E94,TikTok,1,33
AF-4FB9134E94,YouTube,0,0
AF-A815B06120,Instagram,1,83
AF-A815B06120,X,0,0
AF-A815B06120,Facebook,1,1
AF-A815B06120,TikTok,1,104
AF-A815B06120,YouTube,1,96
AF-C1A4896EF2,Instagram,1,61
AF-C1A4896EF2,X,1,24
AF-C1A4896EF2,Facebook,0,0
AF-C1A4896EF2,TikTok,0,0
AF-C1A4896EF2,YouTube,1,41
AF-603AD841D5,Instagram,0,0
AF-603AD841D5,X,0,0
AF-603AD841D5,Facebook,1,42
AF-603AD841D5,TikTok,0,0
AF-603AD841D5,YouTube,0,0
AF-0854353552,Instagram,1,131
AF-0854353552,X,1,67
AF-0854353552,Facebook,1,4
AF-0854353552,TikTok,0,0
AF-0854353552,YouTube,1,28
AF-4168AD29C5,Instagram,1,14
AF-4168AD29C5,X,1,130
AF-4168AD29C5,Facebook,0,0
AF-4168AD29C5,TikTok,0,0
AF-4168AD29C5,YouTube,0,0
AF-DD6658753A,Instagram,1,58
AF-DD6658753A,X,0,0
AF-DD6658753A,Facebook,1,1
AF-DD6658753A,TikTok,0,0
AF-DD6658753A,YouTube,1,15
AF-03D31D32D1,Instagram,1,33
AF-03D31D32D1,X,0,0
AF-03D31D32D1,Facebook,0,0
AF-03D31D32D1,TikTok,0,0
AF-03D31D32D1,YouTube,1,39
AF-3E2E4F6732,Instagram,1,34
AF-3E2E4F6732,X,0,0
AF-3E2E4F6732,Facebook,0,0
AF-3E2E4F6732,TikTok,0,0
AF-3E2E4F6732,YouTube,1,13
AF-FD7B174E7D,Instagram,0,0
AF-FD7B174E7D,X,1,28
AF-FD7B174E7D,Facebook,1,7
AF-FD7B174E7D,TikTok,0,0
AF-FD7B174E7D,YouTube,0,0
AF-CB5C4B455C,Instagram,1,71
AF-CB5C4B455C,X,0,0
AF-CB5C4B455C,Facebook,1,44
AF-CB5C4B455C,TikTok,0,0
AF-CB5C4B455C,YouTube,0,0
AF-49783091D1,Instagram,1,15
AF-49783091D1,X,0,0
AF-49783091D1,Facebook,1,26
AF-49783091D1,TikTok,0,0
AF-49783091D1,YouTube,0,0
AF-410E6E8E11,Instagram,1,41
AF-410E6E8E11,X,0,0
AF-410E6E8E11,Facebook,0,0
AF-410E6E8E11,TikTok,0,0
AF-410E6E8E11,YouTube,0,0
AF-19A52AA62C,Instagram,0,0
AF-19A52AA62C,X,1,6
AF-19A52AA62C,Facebook,0,0
AF-19A52AA62C,TikTok,1,11
AF-19A52AA62C,YouTube,1,5
AF-E252B9DEB0,Instagram,0,0
AF-E252B9DEB0,X,1,12
AF-E252B9DEB0,Facebook,0,0
AF-E252B9DEB0,TikTok,1,5
AF-E252B9DEB0,YouTube,1,37
AF-B5451C7FBC,Instagram,0,0
AF-B5451C7FBC,X,0,0
AF-B5451C7FBC,Facebook,1,17
AF-B5451C7FBC,TikTok,0,0
AF-B5451C7FBC,YouTube,0,0
AF-456DBCBD82,Instagram,1,25
AF-456DBCBD82,X,0,0
AF-456DBCBD82,Facebook,0,0
AF-456DBCBD82,TikTok,0,0
AF-456DBCBD82,YouTube,0,0
AF-394723D4CA,Instagram,0,0
AF-394723D4CA,X,1,10
AF-394723D4CA,Facebook,1,15
AF-394723D4CA,TikTok,0,0
AF-394723D4CA,YouTube,1,7
AF-1EBC6DF383,Instagram,1,22
AF-1EBC6DF383,X,1,77
AF-1EBC6DF383,Facebook,1,17
AF-1EBC6DF383,TikTok,0,0
AF-1EBC6DF383,YouTube,0,0
AF-10CB24817B,Instagram,0,0
AF-10CB24817B,X,1,21
AF-10CB24817B,Facebook,1,41
AF-10CB24817B,TikTok,0,0
AF-10CB24817B,YouTube,1,10
AF-8CC0E4BAC9,Instagram,1,2
AF-8CC0E4BAC9,X,1,63
AF-8CC0E4BAC9,Facebook,1,6
AF-8CC0E4BAC9,TikTok,1,22
AF-8CC0E4BAC9,YouTube,0,0
AF-652002CCB4,Instagram,1,14
AF-652002CCB4,X,0,0
AF-652002CCB4,Facebook,0,0
AF-652002CCB4,TikTok,0,0
AF-652002CCB4,YouTube,0,0
AF-3A22B90256,Instagram,1,35
AF-3A22B90256,X,0,0
AF-3A22B90256,Facebook,0,0
AF-3A22B90256,TikTok,0,0
AF-3A22B90256,YouTube,0,0
AF-A7795441E2,Instagram,0,0
AF-A7795441E2,X,0,0
AF-A7795441E2,Facebook,0,0
AF-A7795441E2,TikTok,1,14
AF-A7795441E2,YouTube,0,0
AF-411A35070F,Instagram,1,13
AF-411A35070F,X,1,3
AF-411A35070F,Facebook,1,28
AF-411A35070F,TikTok,1,15
AF-411A35070F,YouTube,0,0
AF-144466BB86,Instagram,1,9
AF-144466BB86,X,1,1
AF-144466BB86,Facebook,0,0
AF-144466BB86,TikTok,1,9
AF-144466BB86,YouTube,0,0
AF-909FBC00C1,Instagram,0,0
AF-909FBC00C1,X,0,0
AF-909FBC00C1,Facebook,0,0
AF-909FBC00C1,TikTok,0,0
AF-909FBC00C1,YouTube,1,34
AF-BC7AF3562A,Instagram,0,0
AF-BC7AF3562A,X,0,0
AF-BC7AF3562A,Facebook,0,0
AF-BC7AF3562A,TikTok,0,0
AF-BC7AF3562A,YouTube,1,53
AF-2773ADC12A,Instagram,1,27
AF-2773ADC12A,X,0,0
AF-2773ADC12A,Facebook,0,0
AF-2773ADC12A,TikTok,0,0
AF-2773ADC12A,YouTube,0,0
AF-11372DB658,Instagram,0,0
AF-11372DB658,X,1,31
AF-11372DB658,Facebook,0,0
AF-11372DB658,TikTok,0,0
AF-11372DB658,YouTube,0,0
AF-E34428C513,Instagram,1,36
AF-E34428C513,X,0,0
AF-E34428C513,Facebook,1,11
AF-E34428C513,TikTok,1,5
AF-E34428C513,YouTube,0,0
AF-89936EF1BD,Instagram,1,96
AF-89936EF1BD,X,0,0
AF-89936EF1BD,Facebook,0,0
AF-89936EF1BD,TikTok,1,149
AF-89936EF1BD,YouTube,0,0
AF-FF0A5628C3,Instagram,0,0
AF-FF0A5628C3,X,1,50
AF-FF0A5628C3,Facebook,0,0
AF-FF0A5628C3,TikTok,1,161
AF-FF0A5628C3,YouTube,0,0
AF-2DD887D95A,Instagram,1,20
AF-2DD887D95A,X,0,0
AF-2DD887D95A,Facebook,0,0
AF-2DD887D95A,TikTok,1,36
AF-2DD887D95A,YouTube,0,0
AF-CCC266A90D,Instagram,1,7
AF-CCC266A90D,X,0,0
AF-CCC266A90D,Facebook,0,0
AF-CCC266A90D,TikTok,0,0
AF-CCC266A90D,YouTube,0,0
AF-45E34ED468,Instagram,1,64
AF-45E34ED468,X,1,30
AF-45E34ED468,Facebook,0,0
AF-45E34ED468,TikTok,0,0
AF-45E34ED468,YouTube,1,29
AF-1638AB16C0,Instagram,1,19
AF-1638AB16C0,X,0,0
AF-1638AB16C0,Facebook,1,4
AF-1638AB16C0,TikTok,0,0
AF-1638AB16C0,YouTube,0,0
AF-EF380CD6EF,Instagram,1,23
AF-EF380CD6EF,X,1,20
AF-EF380CD6EF,Facebook,0,0
AF-EF380CD6EF,TikTok,1,9
AF-EF380CD6EF,YouTube,0,0
AF-7A61605A98,Instagram,1,11
AF-7A61605A98,X,0,0
AF-7A61605A98,Facebook,0,0
AF-7A61605A98,TikTok,1,39
AF-7A61605A98,YouTube,1,16
AF-3769394122,Instagram,0,0
AF-3769394122,X,1,84
AF-3769394122,Facebook,1,18
AF-3769394122,TikTok,0,0
AF-3769394122,YouTube,0,0
AF-5042777831,Instagram,1,14
AF-5042777831,X,0,0
AF-5042777831,Facebook,1,20
AF-5042777831,TikTok,0,0
AF-5042777831,YouTube,0,0
AF-EAB0CDA669,Instagram,1,2
AF-EAB0CDA669,X,1,15
AF-EAB0CDA669,Facebook,1,67
AF-EAB0CDA669,TikTok,0,0
AF-EAB0CDA669,YouTube,0,0
AF-212B327B44,Instagram,1,18
AF-212B327B44,X,0,0
AF-212B327B44,Facebook,0,0
AF-212B327B44,TikTok,0,0
AF-212B327B44,YouTube,0,0
AF-B42405808F,Instagram,0,0
AF-B42405808F,X,0,0
AF-B42405808F,Facebook,1,88
AF-B42405808F,TikTok,1,90
AF-B42405808F,YouTube,0,0
AF-A07E59016D,Instagram,1,33
AF-A07E59016D,X,0,0
AF-A07E59016D,Facebook,1,13
AF-A07E59016D,TikTok,0,0
AF-A07E59016D,YouTube,0,0
AF-DB248B5054,Instagram,0,0
AF-DB248B5054,X,0,0
AF-DB248B5054,Facebook,1,35
AF-DB248B5054,TikTok,0,0
AF-DB248B5054,YouTube,0,0
AF-57A3CA65E8,Instagram,0,0
AF-57A3CA65E8,X,0,0
AF-57A3CA65E8,Facebook,0,0
AF-57A3CA65E8,TikTok,1,9
AF-57A3CA65E8,YouTube,0,0
AF-54BEA61E2E,Instagram,0,0
AF-54BEA61E2E,X,1,6
AF-54BEA61E2E,Facebook,0,0
AF-54BEA61E2E,TikTok,0,0
AF-54BEA61E2E,YouTube,0,0
AF-DC91E7DC07,Instagram,1,23
AF-DC91E7DC07,X,1,64
AF-DC91E7DC07,Facebook,1,28
AF-DC91E7DC07,TikTok,0,0
AF-DC91E7DC07,YouTube,0,0
AF-EB0C8B61A0,Instagram,1,4
AF-EB0C8B61A0,X,1,1
AF-EB0C8B61A0,Facebook,1,15
AF-EB0C8B61A0,TikTok,0,0
AF-EB0C8B61A0,YouTube,0,0
AF-5CEC3B7B77,Instagram,1,7
AF-5CEC3B7B77,X,0,0
AF-5CEC3B7B77,Facebook,1,35
AF-5CEC3B7B77,TikTok,0,0
AF-5CEC3B7B77,YouTube,0,0
AF-31D143245D,Instagram,1,47
AF-31D143245D,X,1,20
AF-31D143245D,Facebook,0,0
AF-31D143245D,TikTok,0,0
AF-31D143245D,YouTube,0,0
AF-1D477AE65D,Instagram,0,0
AF-1D477AE65D,X,1,5
AF-1D477AE65D,Facebook,1,20
AF-1D477AE65D,TikTok,0,0
AF-1D477AE65D,YouTube,0,0
AF-93907029AF,Instagram,1,4
AF-93907029AF,X,1,22
AF-93907029AF,Facebook,0,0
AF-93907029AF,TikTok,0,0
AF-93907029AF,YouTube,0,0
AF-D65659ABAF,Instagram,0,0
AF-D65659ABAF,X,0,0
AF-D65659ABAF,Facebook,0,0
AF-D65659ABAF,TikTok,0,0
AF-D65659ABAF,YouTube,1,15
AF-CC61FCCE2F,Instagram,1,15
AF-CC61FCCE2F,X,1,33
AF-CC61FCCE2F,Facebook,1,6
AF-CC61FCCE2F,TikTok,0,0
AF-CC61FCCE2F,YouTube,1,45
AF-1414D8F783,Instagram,1,119
AF-1414D8F783,X,1,28
AF-1414D8F783,Facebook,1,63
AF-1414D8F783,TikTok,1,32
AF-1414D8F783,YouTube,0,0
AF-D392C2E5DA,Instagram,1,67
AF-D392C2E5DA,X,1,75
AF-D392C2E5DA,Facebook,0,0
AF-D392C2E5DA,TikTok,1,27
AF-D392C2E5DA,YouTube,1,39
AF-26CA954AD3,Instagram,1,51
AF-26CA954AD3,X,1,26
AF-26CA954AD3,Facebook,0,0
AF-26CA954AD3,TikTok,1,71
AF-26CA954AD3,YouTube,0,0
AF-D6DDD71315,Instagram,0,0
AF-D6DDD71315,X,0,0
AF-D6DDD71315,Facebook,1,41
AF-D6DDD71315,TikTok,0,0
AF-D6DDD71315,YouTube,1,21
AF-FE827538B4,Instagram,1,9
AF-FE827538B4,X,1,34
AF-FE827538B4,Facebook,0,0
AF-FE827538B4,TikTok,0,0
AF-FE827538B4,YouTube,0,0
AF-D58924D2B0,Instagram,1,7
AF-D58924D2B0,X,0,0
AF-D58924D2B0,Facebook,0,0
AF-D58924D2B0,TikTok,0,0
AF-D58924D2B0,YouTube,0,0
AF-6C34A76A92,Instagram,0,0
AF-6C34A76A92,X,1,10
AF-6C34A76A92,Facebook,0,0
AF-6C34A76A92,TikTok,0,0
AF-6C34A76A92,YouTube,0,0
AF-6E053AA9EF,Instagram,1,14
AF-6E053AA9EF,X,1,105
AF-6E053AA9EF,Facebook,0,0
AF-6E053AA9EF,TikTok,1,33
AF-6E053AA9EF,YouTube,0,0
AF-EE99C4E2F9,Instagram,1,19
AF-EE99C4E2F9,X,0,0
AF-EE99C4E2F9,Facebook,0,0
AF-EE99C4E2F9,TikTok,0,0
AF-EE99C4E2F9,YouTube,1,5
AF-0EDCAE5ACC,Instagram,1,34
AF-0EDCAE5ACC,X,0,0
AF-0EDCAE5ACC,Facebook,1,6
AF-0EDCAE5ACC,TikTok,0,0
AF-0EDCAE5ACC,YouTube,1,33
AF-F55FCC8A41,Instagram,1,98
AF-F55FCC8A41,X,1,40
AF-F55FCC8A41,Facebook,0,0
AF-F55FCC8A41,TikTok,1,50
AF-F55FCC8A41,YouTube,1,6
AF-24C5F81B6B,Instagram,0,0
AF-24C5F81B6B,X,0,0
AF-24C5F81B6B,Facebook,0,0
AF-24C5F81B6B,TikTok,0,0
AF-24C5F81B6B,YouTube,0,0
AF-175D5B9CC0,Instagram,1,4
AF-175D5B9CC0,X,1,26
AF-175D5B9CC0,Facebook,0,0
AF-175D5B9CC0,TikTok,0,0
AF-175D5B9CC0,YouTube,1,10
AF-740FB848AA,Instagram,0,0
AF-740FB848AA,X,0,0
AF-740FB848AA,Facebook,0,0
AF-740FB848AA,TikTok,0,0
AF-740FB848AA,YouTube,1,10
AF-6F7B99F922,Instagram,1,17
AF-6F7B99F922,X,1,8
AF-6F7B99F922,Facebook,0,0
AF-6F7B99F922,TikTok,1,167
AF-6F7B99F922,YouTube,1,41
AF-999C79DAA3,Instagram,0,0
AF-999C79DAA3,X,1,39
AF-999C79DAA3,Facebook,0,0
AF-999C79DAA3,TikTok,0,0
AF-999C79DAA3,YouTube,0,0
AF-C40C492835,Instagram,1,14
AF-C40C492835,X,1,77
AF-C40C492835,Facebook,0,0
AF-C40C492835,TikTok,0,0
AF-C40C492835,YouTube,1,14
AF-B26803DFB9,Instagram,1,5
AF-B26803DFB9,X,0,0
AF-B26803DFB9,Facebook,0,0
AF-B26803DFB9,TikTok,0,0
AF-B26803DFB9,YouTube,0,0
AF-12B11DAE37,Instagram,1,105
AF-12B11DAE37,X,0,0
AF-12B11DAE37,Facebook,0,0
AF-12B11DAE37,TikTok,1,129
AF-12B11DAE37,YouTube,0,0
AF-1628E653BD,Instagram,1,11
AF-1628E653BD,X,1,28
AF-1628E653BD,Facebook,1,49
AF-1628E653BD,TikTok,1,86
AF-1628E653BD,YouTube,1,37
AF-A333470BFF,Instagram,1,11
AF-A333470BFF,X,0,0
AF-A333470BFF,Facebook,0,0
AF-A333470BFF,TikTok,0,0
AF-A333470BFF,YouTube,0,0
AF-17BAD2C4FA,Instagram,1,88
AF-17BAD2C4FA,X,0,0
AF-17BAD2C4FA,Facebook,0,0
AF-17BAD2C4FA,TikTok,1,25
AF-17BAD2C4FA,YouTube,1,54
AF-7DC4ABFDF1,Instagram,0,0
AF-7DC4ABFDF1,X,0,0
AF-7DC4ABFDF1,Facebook,1,13
AF-7DC4ABFDF1,TikTok,0,0
AF-7DC4ABFDF1,YouTube,0,0
AF-F3702708F3,Instagram,1,12
AF-F3702708F3,X,0,0
AF-F3702708F3,Facebook,0,0
AF-F3702708F3,TikTok,0,0
AF-F3702708F3,YouTube,0,0
AF-34F4154B2A,Instagram,1,37
AF-34F4154B2A,X,0,0
AF-34F4154B2A,Facebook,0,0
AF-34F4154B2A,TikTok,0,0
AF-34F4154B2A,YouTube,1,29
AF-4A517DC606,Instagram,0,0
AF-4A517DC606,X,1,13
AF-4A517DC606,Facebook,1,43
AF-4A517DC606,TikTok,1,50
AF-4A517DC606,YouTube,0,0
AF-2C5E0CD6CB,Instagram,1,7
AF-2C5E0CD6CB,X,1,14
AF-2C5E0CD6CB,Facebook,0,0
AF-2C5E0CD6CB,TikTok,1,41
AF-2C5E0CD6CB,YouTube,0,0
AF-32A91B7529,Instagram,1,45
AF-32A91B7529,X,1,30
AF-32A91B7529,Facebook,0,0
AF-32A91B7529,TikTok,0,0
AF-32A91B7529,YouTube,1,72
AF-6208D16BFB,Instagram,1,10
AF-6208D16BFB,X,0,0
AF-6208D16BFB,Facebook,0,0
AF-6208D16BFB,TikTok,1,19
AF-6208D16BFB,YouTube,0,0
AF-6D7CB56261,Instagram,1,29
AF-6D7CB56261,X,1,22
AF-6D7CB56261,Facebook,1,0
AF-6D7CB56261,TikTok,0,0
AF-6D7CB56261,YouTube,0,0
AF-22BE0089F9,Instagram,1,35
AF-22BE0089F9,X,0,0
AF-22BE0089F9,Facebook,0,0
AF-22BE0089F9,TikTok,1,33
AF-22BE0089F9,YouTube,1,111
AF-600BB58746,Instagram,0,0
AF-600BB58746,X,1,9
AF-600BB58746,Facebook,0,0
AF-600BB58746,TikTok,0,0
AF-600BB58746,YouTube,0,0
AF-4A556848A6,Instagram,1,11
AF-4A556848A6,X,1,116
AF-4A556848A6,Facebook,1,37
AF-4A556848A6,TikTok,0,0
AF-4A556848A6,YouTube,1,34
AF-402AD584CD,Instagram,1,44
AF-402AD584CD,X,1,30
AF-402AD584CD,Facebook,0,0
AF-402AD584CD,TikTok,0,0
AF-402AD584CD,YouTube,1,121
AF-C96BAE872D,Instagram,0,0
AF-C96BAE872D,X,0,0
AF-C96BAE872D,Facebook,0,0
AF-C96BAE872D,TikTok,0,0
AF-C96BAE872D,YouTube,0,0
AF-8A05485085,Instagram,1,30
AF-8A05485085,X,0,0
AF-8A05485085,Facebook,0,0
AF-8A05485085,TikTok,0,0
AF-8A05485085,YouTube,1,13
AF-DAFD40896B,Instagram,1,19
AF-DAFD40896B,X,0,0
AF-DAFD40896B,Facebook,1,121
AF-DAFD40896B,TikTok,0,0
AF-DAFD40896B,YouTube,0,0
AF-143CB2A0E2,Instagram,1,9
AF-143CB2A0E2,X,0,0
AF-143CB2A0E2,Facebook,0,0
AF-143CB2A0E2,TikTok,0,0
AF-143CB2A0E2,YouTube,0,0
AF-F460442BFB,Instagram,1,51
AF-F460442BFB,X,1,36
AF-F460442BFB,Facebook,0,0
AF-F460442BFB,TikTok,0,0
AF-F460442BFB,YouTube,0,0
AF-06953068FD,Instagram,1,23
AF-06953068FD,X,1,51
AF-06953068FD,Facebook,1,63
AF-06953068FD,TikTok,0,0
AF-06953068FD,YouTube,1,66
AF-98C34A97B2,Instagram,1,51
AF-98C34A97B2,X,1,6
AF-98C34A97B2,Facebook,0,0
AF-98C34A97B2,TikTok,0,0
AF-98C34A97B2,YouTube,1,1
AF-896C5F3793,Instagram,1,16
AF-896C5F3793,X,1,10
AF-896C5F3793,Facebook,1,14
AF-896C5F3793,TikTok,0,0
AF-896C5F3793,YouTube,0,0
AF-DA94774B70,Instagram,1,47
AF-DA94774B70,X,1,22
AF-DA94774B70,Facebook,0,0
AF-DA94774B70,TikTok,0,0
AF-DA94774B70,YouTube,0,0
AF-F400E58470,Instagram,1,34
AF-F400E58470,X,1,12
AF-F400E58470,Facebook,1,50
AF-F400E58470,TikTok,0,0
AF-F400E58470,YouTube,0,0
AF-30342EA8A4,Instagram,0,0
AF-30342EA8A4,X,1,2
AF-30342EA8A4,Facebook,0,0
AF-30342EA8A4,TikTok,0,0
AF-30342EA8A4,YouTube,0,0
AF-1CB7246457,Instagram,0,0
AF-1CB7246457,X,0,0
AF-1CB7246457,Facebook,1,59
AF-1CB7246457,TikTok,0,0
AF-1CB7246457,YouTube,0,0
AF-6BA793D80F,Instagram,1,27
AF-6BA793D80F,X,0,0
AF-6BA793D80F,Facebook,1,10
AF-6BA793D80F,TikTok,1,57
AF-6BA793D80F,YouTube,0,0
AF-BBD69AADDF,Instagram,1,23
AF-BBD69AADDF,X,1,88
AF-BBD69AADDF,Facebook,1,54
AF-BBD69AADDF,TikTok,1,65
AF-BBD69AADDF,YouTube,1,7
AF-6CD26D3F1C,Instagram,1,38
AF-6CD26D3F1C,X,0,0
AF-6CD26D3F1C,Facebook,0,0
AF-6CD26D3F1C,TikTok,0,0
AF-6CD26D3F1C,YouTube,1,22
AF-A50691A828,Instagram,0,0
AF-A50691A828,X,0,0
AF-A50691A828,Facebook,1,9
AF-A50691A828,TikTok,1,28
AF-A50691A828,YouTube,1,22
AF-D17BE07C0D,Instagram,1,43
AF-D17BE07C0D,X,0,0
AF-D17BE07C0D,Facebook,1,127
AF-D17BE07C0D,TikTok,0,0
AF-D17BE07C0D,YouTube,1,42
AF-CFCA38D54A,Instagram,1,30
AF-CFCA38D54A,X,0,0
AF-CFCA38D54A,Facebook,0,0
AF-CFCA38D54A,TikTok,0,0
AF-CFCA38D54A,YouTube,0,0
AF-AA67DE87B4,Instagram,1,55
AF-AA67DE87B4,X,1,13
AF-AA67DE87B4,Facebook,1,37
AF-AA67DE87B4,TikTok,0,0
AF-AA67DE87B4,YouTube,1,32
AF-D0668D260E,Instagram,0,0
AF-D0668D260E,X,1,7
AF-D0668D260E,Facebook,1,28
AF-D0668D260E,TikTok,0,0
AF-D0668D260E,YouTube,0,0
AF-6B5DFF30F4,Instagram,1,5
AF-6B5DFF30F4,X,1,10
AF-6B5DFF30F4,Facebook,0,0
AF-6B5DFF30F4,TikTok,0,0
AF-6B5DFF30F4,YouTube,1,3
AF-04F75F1049,Instagram,1,25
AF-04F75F1049,X,0,0
AF-04F75F1049,Facebook,1,66
AF-04F75F1049,TikTok,0,0
AF-04F75F1049,YouTube,1,24
AF-05B986C441,Instagram,0,0
AF-05B986C441,X,1,35
AF-05B986C441,Facebook,0,0
AF-05B986C441,TikTok,0,0
AF-05B986C441,YouTube,0,0
AF-8B077178D3,Instagram,1,25
AF-8B077178D3,X,0,0
AF-8B077178D3,Facebook,1,14
AF-8B077178D3,TikTok,0,0
AF-8B077178D3,YouTube,0,0
AF-30873AE9E8,Instagram,1,55
AF-30873AE9E8,X,1,21
AF-30873AE9E8,Facebook,0,0
AF-30873AE9E8,TikTok,1,112
AF-30873AE9E8,YouTube,1,13
AF-0ED9E9E99B,Instagram,1,34
AF-0ED9E9E99B,X,1,26
AF-0ED9E9E99B,Facebook,1,11
AF-0ED9E9E99B,TikTok,0,0
AF-0ED9E9E99B,YouTube,0,0
AF-BC3CC8F485,Instagram,1,5
AF-BC3CC8F485,X,0,0
AF-BC3CC8F485,Facebook,0,0
AF-BC3CC8F485,TikTok,0,0
AF-BC3CC8F485,YouTube,0,0
AF-7213AE94AB,Instagram,1,24
AF-7213AE94AB,X,1,43
AF-7213AE94AB,Facebook,0,0
AF-7213AE94AB,TikTok,1,14
AF-7213AE94AB,YouTube,1,34
AF-67297445DE,Instagram,1,60
AF-67297445DE,X,1,23
AF-67297445DE,Facebook,1,8
AF-67297445DE,TikTok,0,0
AF-67297445DE,YouTube,1,106
AF-43BA9BE1C9,Instagram,1,42
AF-43BA9BE1C9,X,1,2
AF-43BA9BE1C9,Facebook,0,0
AF-43BA9BE1C9,TikTok,1,14
AF-43BA9BE1C9,YouTube,0,0
AF-590175AA46,Instagram,1,48
AF-590175AA46,X,0,0
AF-590175AA46,Facebook,0,0
AF-590175AA46,TikTok,0,0
AF-590175AA46,YouTube,1,26
AF-109665EFBB,Instagram,1,45
AF-109665EFBB,X,0,0
AF-109665EFBB,Facebook,1,28
AF-109665EFBB,TikTok,0,0
AF-109665EFBB,YouTube,0,0
AF-0310578487,Instagram,0,0
AF-0310578487,X,0,0
AF-0310578487,Facebook,0,0
AF-0310578487,TikTok,0,0
AF-0310578487,YouTube,0,0
AF-A5E26504A3,Instagram,0,0
AF-A5E26504A3,X,1,7
AF-A5E26504A3,Facebook,0,0
AF-A5E26504A3,TikTok,0,0
AF-A5E26504A3,YouTube,1,3
AF-8D91D0AC31,Instagram,1,5
AF-8D91D0AC31,X,1,47
AF-8D91D0AC31,Facebook,1,10
AF-8D91D0AC31,TikTok,0,0
AF-8D91D0AC31,YouTube,0,0
AF-5E49F400D5,Instagram,1,34
AF-5E49F400D5,X,0,0
AF-5E49F400D5,Facebook,1,38
AF-5E49F400D5,TikTok,0,0
AF-5E49F400D5,YouTube,1,40
AF-851DB5B373,Instagram,1,4
AF-851DB5B373,X,0,0
AF-851DB5B373,Facebook,1,48
AF-851DB5B373,TikTok,0,0
AF-851DB5B373,YouTube,0,0
AF-4B05943E7E,Instagram,1,8
AF-4B05943E7E,X,0,0
AF-4B05943E7E,Facebook,0,0
AF-4B05943E7E,TikTok,0,0
AF-4B05943E7E,YouTube,0,0
AF-EFCDCAADF4,Instagram,0,0
AF-EFCDCAADF4,X,1,39
AF-EFCDCAADF4,Facebook,0,0
AF-EFCDCAADF4,TikTok,0,0
AF-EFCDCAADF4,YouTube,0,0
AF-0CA96F5218,Instagram,1,34
AF-0CA96F5218,X,1,53
AF-0CA96F5218,Facebook,1,11
AF-0CA96F5218,TikTok,0,0
AF-0CA96F5218,YouTube,1,36
AF-627DE66A57,Instagram,0,0
AF-627DE66A57,X,0,0
AF-627DE66A57,Facebook,1,26
AF-627DE66A57,TikTok,0,0
AF-627DE66A57,YouTube,1,3
AF-ED0F0DFAB5,Instagram,1,39
AF-ED0F0DFAB5,X,0,0
AF-ED0F0DFAB5,Facebook,1,91
AF-ED0F0DFAB5,TikTok,1,21
AF-ED0F0DFAB5,YouTube,0,0
AF-AA97544E0C,Instagram,0,0
AF-AA97544E0C,X,1,13
AF-AA97544E0C,Facebook,1,31
AF-AA97544E0C,TikTok,1,51
AF-AA97544E0C,YouTube,0,0
AF-FD64D12480,Instagram,1,5
AF-FD64D12480,X,1,7
AF-FD64D12480,Facebook,0,0
AF-FD64D12480,TikTok,0,0
AF-FD64D12480,YouTube,1,25
AF-2A695FC7CF,Instagram,1,6
AF-2A695FC7CF,X,0,0
AF-2A695FC7CF,Facebook,0,0
AF-2A695FC7CF,TikTok,0,0
AF-2A695FC7CF,YouTube,0,0
AF-5A30EADD73,Instagram,1,47
AF-5A30EADD73,X,0,0
AF-5A30EADD73,Facebook,0,0
AF-5A30EADD73,TikTok,0,0
AF-5A30EADD73,YouTube,1,7
AF-79AF3DC633,Instagram,1,28
AF-79AF3DC633,X,0,0
AF-79AF3DC633,Facebook,1,14
AF-79AF3DC633,TikTok,0,0
AF-79AF3DC633,YouTube,0,0
AF-FB007511E8,Instagram,1,10
AF-FB007511E8,X,0,0
AF-FB007511E8,Facebook,1,7
AF-FB007511E8,TikTok,0,0
AF-FB007511E8,YouTube,0,0
AF-7B435C933B,Instagram,1,38
AF-7B435C933B,X,1,49
AF-7B435C933B,Facebook,1,46
AF-7B435C933B,TikTok,0,0
AF-7B435C933B,YouTube,0,0
AF-BE3747E8CE,Instagram,1,2
AF-BE3747E8CE,X,0,0
AF-BE3747E8CE,Facebook,0,0
AF-BE3747E8CE,TikTok,1,3
AF-BE3747E8CE,YouTube,0,0
AF-DF9D95D570,Instagram,1,56
AF-DF9D95D570,X,1,22
AF-DF9D95D570,Facebook,0,0
AF-DF9D95D570,TikTok,0,0
AF-DF9D95D570,YouTube,1,62
AF-6CB5A19644,Instagram,0,0
AF-6CB5A19644,X,0,0
AF-6CB5A19644,Facebook,1,30
AF-6CB5A19644,TikTok,0,0
AF-6CB5A19644,YouTube,0,0
AF-1B195FCA16,Instagram,1,11
AF-1B195FCA16,X,1,115
AF-1B195FCA16,Facebook,0,0
AF-1B195FCA16,TikTok,0,0
AF-1B195FCA16,YouTube,1,77
AF-A40362A298,Instagram,0,0
AF-A40362A298,X,0,0
AF-A40362A298,Facebook,0,0
AF-A40362A298,TikTok,0,0
AF-A40362A298,YouTube,1,19
AF-2373DEFEFF,Instagram,1,46
AF-2373DEFEFF,X,0,0
AF-2373DEFEFF,Facebook,1,5
AF-2373DEFEFF,TikTok,0,0
AF-2373DEFEFF,YouTube,0,0
AF-7CFAAD0E4F,Instagram,1,29
AF-7CFAAD0E4F,X,1,20
AF-7CFAAD0E4F,Facebook,1,12
AF-7CFAAD0E4F,TikTok,0,0
AF-7CFAAD0E4F,YouTube,0,0
AF-96B11E01C7,Instagram,1,5
AF-96B11E01C7,X,1,42
AF-96B11E01C7,Facebook,1,2
AF-96B11E01C7,TikTok,0,0
AF-96B11E01C7,YouTube,1,10
AF-999742BD15,Instagram,0,0
AF-999742BD15,X,0,0
AF-999742BD15,Facebook,1,6
AF-999742BD15,TikTok,0,0
AF-999742BD15,YouTube,0,0
AF-643D81931C,Instagram,1,74
AF-643D81931C,X,1,43
AF-643D81931C,Facebook,1,49
AF-643D81931C,TikTok,0,0
AF-643D81931C,YouTube,0,0
AF-1CFB2E5001,Instagram,1,13
AF-1CFB2E5001,X,1,19
AF-1CFB2E5001,Facebook,0,0
AF-1CFB2E5001,TikTok,1,76
AF-1CFB2E5001,YouTube,0,0
AF-CA75C1A6E9,Instagram,1,43
AF-CA75C1A6E9,X,1,31
AF-CA75C1A6E9,Facebook,0,0
AF-CA75C1A6E9,TikTok,0,0
AF-CA75C1A6E9,YouTube,0,0
AF-8BA1F283B6,Instagram,1,18
AF-8BA1F283B6,X,0,0
AF-8BA1F283B6,Facebook,1,6
AF-8BA1F283B6,TikTok,0,0
AF-8BA1F283B6,YouTube,1,28
AF-600104F386,Instagram,1,12
AF-600104F386,X,0,0
AF-600104F386,Facebook,1,40
AF-600104F386,TikTok,0,0
AF-600104F386,YouTube,0,0
AF-FD358DC954,Instagram,1,6
AF-FD358DC954,X,0,0
AF-FD358DC954,Facebook,0,0
AF-FD358DC954,TikTok,1,60
AF-FD358DC954,YouTube,0,0
AF-22A56BDD5F,Instagram,1,192
AF-22A56BDD5F,X,1,30
AF-22A56BDD5F,Facebook,0,0
AF-22A56BDD5F,TikTok,1,15
AF-22A56BDD5F,YouTube,0,0
AF-654CEF3F7E,Instagram,1,120
AF-654CEF3F7E,X,1,27
AF-654CEF3F7E,Facebook,0,0
AF-654CEF3F7E,TikTok,0,0
AF-654CEF3F7E,YouTube,0,0
AF-1E52CA2E4F,Instagram,1,16
AF-1E52CA2E4F,X,0,0
AF-1E52CA2E4F,Facebook,0,0
AF-1E52CA2E4F,TikTok,0,0
AF-1E52CA2E4F,YouTube,1,5
AF-EA6C039823,Instagram,1,62
AF-EA6C039823,X,1,4
AF-EA6C039823,Facebook,0,0
AF-EA6C039823,TikTok,0,0
AF-EA6C039823,YouTube,1,6
AF-6BD9730D51,Instagram,0,0
AF-6BD9730D51,X,1,21
AF-6BD9730D51,Facebook,0,0
AF-6BD9730D51,TikTok,0,0
AF-6BD9730D51,YouTube,1,41
AF-AE5402B762,Instagram,1,27
AF-AE5402B762,X,0,0
AF-AE5402B762,Facebook,1,37
AF-AE5402B762,TikTok,0,0
AF-AE5402B762,YouTube,0,0
AF-EBD5DE8DBC,Instagram,1,35
AF-EBD5DE8DBC,X,0,0
AF-EBD5DE8DBC,Facebook,1,7
AF-EBD5DE8DBC,TikTok,0,0
AF-EBD5DE8DBC,YouTube,0,0
AF-57CBA26542,Instagram,0,0
AF-57CBA26542,X,0,0
AF-57CBA26542,Facebook,0,0
AF-57CBA26542,TikTok,0,0
AF-57CBA26542,YouTube,0,0
AF-15E29CC1AE,Instagram,1,22
AF-15E29CC1AE,X,0,0
AF-15E29CC1AE,Facebook,0,0
AF-15E29CC1AE,TikTok,1,5
AF-15E29CC1AE,YouTube,0,0
AF-82598CD404,Instagram,1,30
AF-82598CD404,X,1,15
AF-82598CD404,Facebook,1,85
AF-82598CD404,TikTok,0,0
AF-82598CD404,YouTube,1,26
AF-41551BABE4,Instagram,1,42
AF-41551BABE4,X,1,21
AF-41551BABE4,Facebook,0,0
AF-41551BABE4,TikTok,1,77
AF-41551BABE4,YouTube,0,0
AF-1E2E07EE37,Instagram,0,0
AF-1E2E07EE37,X,1,1
AF-1E2E07EE37,Facebook,0,0
AF-1E2E07EE37,TikTok,0,0
AF-1E2E07EE37,YouTube,1,9
AF-726A3BD3D6,Instagram,0,0
AF-726A3BD3D6,X,0,0
AF-726A3BD3D6,Facebook,1,68
AF-726A3BD3D6,TikTok,0,0
AF-726A3BD3D6,YouTube,0,0
AF-0CB4F643E4,Instagram,0,0
AF-0CB4F643E4,X,1,19
AF-0CB4F643E4,Facebook,1,35
AF-0CB4F643E4,TikTok,0,0
AF-0CB4F643E4,YouTube,0,0
AF-84FFD8A2B7,Instagram,0,0
AF-84FFD8A2B7,X,0,0
AF-84FFD8A2B7,Facebook,0,0
AF-84FFD8A2B7,TikTok,0,0
AF-84FFD8A2B7,YouTube,0,0
AF-5D576E670F,Instagram,0,0
AF-5D576E670F,X,1,13
AF-5D576E670F,Facebook,0,0
AF-5D576E670F,TikTok,0,0
AF-5D576E670F,YouTube,0,0
AF-084100F6BA,Instagram,1,85
AF-084100F6BA,X,1,29
AF-084100F6BA,Facebook,1,131
AF-084100F6BA,TikTok,0,0
AF-084100F6BA,YouTube,1,83
AF-669495C696,Instagram,1,16
AF-669495C696,X,1,15
AF-669495C696,Facebook,1,49
AF-669495C696,TikTok,0,0
AF-669495C696,YouTube,0,0
AF-BE4F399505,Instagram,1,29
AF-BE4F399505,X,1,19
AF-BE4F399505,Facebook,0,0
AF-BE4F399505,TikTok,0,0
AF-BE4F399505,YouTube,1,20
AF-50835C43DB,Instagram,1,8
AF-50835C43DB,X,0,0
AF-50835C43DB,Facebook,1,73
AF-50835C43DB,TikTok,0,0
AF-50835C43DB,YouTube,1,78
AF-E4411B9DA3,Instagram,1,51
AF-E4411B9DA3,X,0,0
AF-E4411B9DA3,Facebook,1,77
AF-E4411B9DA3,TikTok,1,27
AF-E4411B9DA3,YouTube,0,0
AF-EA85019ABD,Instagram,1,3
AF-EA85019ABD,X,0,0
AF-EA85019ABD,Facebook,1,50
AF-EA85019ABD,TikTok,0,0
AF-EA85019ABD,YouTube,0,0
AF-A80934298E,Instagram,0,0
AF-A80934298E,X,1,61
AF-A80934298E,Facebook,1,18
AF-A80934298E,TikTok,0,0
AF-A80934298E,YouTube,0,0
AF-9A273826EF,Instagram,0,0
AF-9A273826EF,X,0,0
AF-9A273826EF,Facebook,0,0
AF-9A273826EF,TikTok,0,0
AF-9A273826EF,YouTube,0,0
AF-B5DF7AE365,Instagram,1,9
AF-B5DF7AE365,X,0,0
AF-B5DF7AE365,Facebook,1,41
AF-B5DF7AE365,TikTok,0,0
AF-B5DF7AE365,YouTube,0,0
AF-BDDBD950A0,Instagram,1,46
AF-BDDBD950A0,X,0,0
AF-BDDBD950A0,Facebook,0,0
AF-BDDBD950A0,TikTok,0,0
AF-BDDBD950A0,YouTube,1,53
AF-AB31BCBB77,Instagram,0,0
AF-AB31BCBB77,X,0,0
AF-AB31BCBB77,Facebook,1,12
AF-AB31BCBB77,TikTok,0,0
AF-AB31BCBB77,YouTube,0,0
AF-63E9337F52,Instagram,1,13
AF-63E9337F52,X,0,0
AF-63E9337F52,Facebook,0,0
AF-63E9337F52,TikTok,0,0
AF-63E9337F52,YouTube,0,0
AF-3657255DA5,Instagram,1,90
AF-3657255DA5,X,1,8
AF-3657255DA5,Facebook,1,14
AF-3657255DA5,TikTok,0,0
AF-3657255DA5,YouTube,1,9
AF-F651274BD0,Instagram,1,23
AF-F651274BD0,X,0,0
AF-F651274BD0,Facebook,0,0
AF-F651274BD0,TikTok,0,0
AF-F651274BD0,YouTube,0,0
AF-27800CCF31,Instagram,1,31
AF-27800CCF31,X,0,0
AF-27800CCF31,Facebook,1,20
AF-27800CCF31,TikTok,0,0
AF-27800CCF31,YouTube,1,39
AF-CF6CE97B3D,Instagram,1,55
AF-CF6CE97B3D,X,0,0
AF-CF6CE97B3D,Facebook,1,46
AF-CF6CE97B3D,TikTok,1,88
AF-CF6CE97B3D,YouTube,0,0
AF-3D8B6C1E09,Instagram,1,45
AF-3D8B6C1E09,X,1,38
AF-3D8B6C1E09,Facebook,0,0
AF-3D8B6C1E09,TikTok,0,0
AF-3D8B6C1E09,YouTube,0,0
AF-CFFC781C73,Instagram,1,23
AF-CFFC781C73,X,0,0
AF-CFFC781C73,Facebook,0,0
AF-CFFC781C73,TikTok,0,0
AF-CFFC781C73,YouTube,0,0
AF-7433C9438C,Instagram,1,158
AF-7433C9438C,X,0,0
AF-7433C9438C,Facebook,1,63
AF-7433C9438C,TikTok,1,37
AF-7433C9438C,YouTube,1,208
AF-5DA1ADF1E9,Instagram,1,5
AF-5DA1ADF1E9,X,0,0
AF-5DA1ADF1E9,Facebook,1,14
AF-5DA1ADF1E9,TikTok,1,5
AF-5DA1ADF1E9,YouTube,0,0
AF-598AB2DA8A,Instagram,1,36
AF-598AB2DA8A,X,0,0
AF-598AB2DA8A,Facebook,1,30
AF-598AB2DA8A,TikTok,0,0
AF-598AB2DA8A,YouTube,0,0
AF-761658F2BD,Instagram,1,19
AF-761658F2BD,X,1,53
AF-761658F2BD,Facebook,0,0
AF-761658F2BD,TikTok,1,32
AF-761658F2BD,YouTube,1,9
AF-3F7F9DC5F1,Instagram,0,0
AF-3F7F9DC5F1,X,0,0
AF-3F7F9DC5F1,Facebook,1,5
AF-3F7F9DC5F1,TikTok,0,0
AF-3F7F9DC5F1,YouTube,1,2
AF-499A26AB8C,Instagram,1,15
AF-499A26AB8C,X,0,0
AF-499A26AB8C,Facebook,0,0
AF-499A26AB8C,TikTok,1,38
AF-499A26AB8C,YouTube,0,0
AF-6A0BDB3C30,Instagram,0,0
AF-6A0BDB3C30,X,0,0
AF-6A0BDB3C30,Facebook,1,19
AF-6A0BDB3C30,TikTok,0,0
AF-6A0BDB3C30,YouTube,1,58
AF-F3E564F927,Instagram,0,0
AF-F3E564F927,X,0,0
AF-F3E564F927,Facebook,0,0
AF-F3E564F927,TikTok,1,5
AF-F3E564F927,YouTube,0,0
AF-76CEA2C66A,Instagram,1,13
AF-76CEA2C66A,X,0,0
AF-76CEA2C66A,Facebook,0,0
AF-76CEA2C66A,TikTok,0,0
AF-76CEA2C66A,YouTube,0,0
AF-863C2B41ED,Instagram,1,30
AF-863C2B41ED,X,0,0
AF-863C2B41ED,Facebook,1,26
AF-863C2B41ED,TikTok,0,0
AF-863C2B41ED,YouTube,1,2
AF-14C1F00E40,Instagram,1,15
AF-14C1F00E40,X,0,0
AF-14C1F00E40,Facebook,0,0
AF-14C1F00E40,TikTok,0,0
AF-14C1F00E40,YouTube,0,0
AF-3E6A03AEB3,Instagram,0,0
AF-3E6A03AEB3,X,0,0
AF-3E6A03AEB3,Facebook,1,54
AF-3E6A03AEB3,TikTok,0,0
AF-3E6A03AEB3,YouTube,0,0
AF-64F4858FEE,Instagram,1,14
AF-64F4858FEE,X,1,40
AF-64F4858FEE,Facebook,0,0
AF-64F4858FEE,TikTok,1,37
AF-64F4858FEE,YouTube,0,0
AF-675978FEF2,Instagram,1,5
AF-675978FEF2,X,0,0
AF-675978FEF2,Facebook,0,0
AF-675978FEF2,TikTok,1,80
AF-675978FEF2,YouTube,0,0
AF-25C1C84C96,Instagram,0,0
AF-25C1C84C96,X,0,0
AF-25C1C84C96,Facebook,1,3
AF-25C1C84C96,TikTok,0,0
AF-25C1C84C96,YouTube,0,0
AF-ADA410271E,Instagram,0,0
AF-ADA410271E,X,1,7
AF-ADA410271E,Facebook,1,16
AF-ADA410271E,TikTok,1,2
AF-ADA410271E,YouTube,0,0
AF-4EAC975B19,Instagram,1,57
AF-4EAC975B19,X,0,0
AF-4EAC975B19,Facebook,1,87
AF-4EAC975B19,TikTok,0,0
AF-4EAC975B19,YouTube,1,35
AF-7FF96A0E40,Instagram,0,0
AF-7FF96A0E40,X,1,65
AF-7FF96A0E40,Facebook,1,10
AF-7FF96A0E40,TikTok,0,0
AF-7FF96A0E40,YouTube,0,0
AF-AC0CFF5D63,Instagram,0,0
AF-AC0CFF5D63,X,1,40
AF-AC0CFF5D63,Facebook,1,2
AF-AC0CFF5D63,TikTok,0,0
AF-AC0CFF5D63,YouTube,0,0
AF-E54BDDDC16,Instagram,1,55
AF-E54BDDDC16,X,0,0
AF-E54BDDDC16,Facebook,0,0
AF-E54BDDDC16,TikTok,0,0
AF-E54BDDDC16,YouTube,1,93
AF-38C2B6EB67,Instagram,1,122
AF-38C2B6EB67,X,0,0
AF-38C2B6EB67,Facebook,1,18
AF-38C2B6EB67,TikTok,1,32
AF-38C2B6EB67,YouTube,0,0
AF-C3589AFEC7,Instagram,1,2
AF-C3589AFEC7,X,0,0
AF-C3589AFEC7,Facebook,1,3
AF-C3589AFEC7,TikTok,0,0
AF-C3589AFEC7,YouTube,0,0
AF-314C770EEA,Instagram,0,0
AF-314C770EEA,X,0,0
AF-314C770EEA,Facebook,1,77
AF-314C770EEA,TikTok,0,0
AF-314C770EEA,YouTube,0,0
AF-A1671A4891,Instagram,1,56
AF-A1671A4891,X,1,22
AF-A1671A4891,Facebook,1,16
AF-A1671A4891,TikTok,0,0
AF-A1671A4891,YouTube,0,0
AF-AD04FBE72A,Instagram,1,17
AF-AD04FBE72A,X,0,0
AF-AD04FBE72A,Facebook,0,0
AF-AD04FBE72A,TikTok,0,0
AF-AD04FBE72A,YouTube,0,0
AF-6EEC8A1495,Instagram,0,0
AF-6EEC8A1495,X,0,0
AF-6EEC8A1495,Facebook,1,17
AF-6EEC8A1495,TikTok,0,0
AF-6EEC8A1495,YouTube,0,0
AF-9F4D3130C3,Instagram,0,0
AF-9F4D3130C3,X,1,30
AF-9F4D3130C3,Facebook,0,0
AF-9F4D3130C3,TikTok,0,0
AF-9F4D3130C3,YouTube,1,10
AF-D8F72C4218,Instagram,0,0
AF-D8F72C4218,X,1,3
AF-D8F72C4218,Facebook,0,0
AF-D8F72C4218,TikTok,0,0
AF-D8F72C4218,YouTube,1,41
AF-158AEACECF,Instagram,1,12
AF-158AEACECF,X,0,0
AF-158AEACECF,Facebook,1,39
AF-158AEACECF,TikTok,0,0
AF-158AEACECF,YouTube,0,0
AF-975B6BDE94,Instagram,1,40
AF-975B6BDE94,X,1,6
AF-975B6BDE94,Facebook,1,45
AF-975B6BDE94,TikTok,1,33
AF-975B6BDE94,YouTube,0,0
AF-6778112FE1,Instagram,1,44
AF-6778112FE1,X,0,0
AF-6778112FE1,Facebook,1,22
AF-6778112FE1,TikTok,0,0
AF-6778112FE1,YouTube,0,0
AF-D63E2893EC,Instagram,1,11
AF-D63E2893EC,X,0,0
AF-D63E2893EC,Facebook,1,16
AF-D63E2893EC,TikTok,0,0
AF-D63E2893EC,YouTube,0,0
AF-3E62E6665C,Instagram,1,45
AF-3E62E6665C,X,0,0
AF-3E62E6665C,Facebook,1,24
AF-3E62E6665C,TikTok,0,0
AF-3E62E6665C,YouTube,0,0
AF-D01CA12D7A,Instagram,1,23
AF-D01CA12D7A,X,0,0
AF-D01CA12D7A,Facebook,0,0
AF-D01CA12D7A,TikTok,0,0
AF-D01CA12D7A,YouTube,0,0
AF-28F2950862,Instagram,0,0
AF-28F2950862,X,1,27
AF-28F2950862,Facebook,1,5
AF-28F2950862,TikTok,0,0
AF-28F2950862,YouTube,0,0
AF-00AF58751E,Instagram,1,11
AF-00AF58751E,X,1,11
AF-00AF58751E,Facebook,1,56
AF-00AF58751E,TikTok,1,15
AF-00AF58751E,YouTube,1,27
AF-2628BC21AE,Instagram,1,6
AF-2628BC21AE,X,1,59
AF-2628BC21AE,Facebook,0,0
AF-2628BC21AE,TikTok,0,0
AF-2628BC21AE,YouTube,1,29
AF-F98BFAF0F4,Instagram,0,0
AF-F98BFAF0F4,X,1,2
AF-F98BFAF0F4,Facebook,0,0
AF-F98BFAF0F4,TikTok,0,0
AF-F98BFAF0F4,YouTube,1,39
AF-C80C626CD6,Instagram,1,57
AF-C80C626CD6,X,0,0
AF-C80C626CD6,Facebook,1,65
AF-C80C626CD6,TikTok,1,73
AF-C80C626CD6,YouTube,1,68
AF-827EBC2AC6,Instagram,0,0
AF-827EBC2AC6,X,1,58
AF-827EBC2AC6,Facebook,1,45
AF-827EBC2AC6,TikTok,0,0
AF-827EBC2AC6,YouTube,0,0
AF-24B8528E33,Instagram,1,38
AF-24B8528E33,X,0,0
AF-24B8528E33,Facebook,1,38
AF-24B8528E33,TikTok,0,0
AF-24B8528E33,YouTube,1,66
AF-B8336155FF,Instagram,1,13
AF-B8336155FF,X,1,69
AF-B8336155FF,Facebook,0,0
AF-B8336155FF,TikTok,1,29
AF-B8336155FF,YouTube,1,25
AF-4F2DE3F242,Instagram,0,0
AF-4F2DE3F242,X,0,0
AF-4F2DE3F242,Facebook,0,0
AF-4F2DE3F242,TikTok,0,0
AF-4F2DE3F242,YouTube,1,8
AF-C714133C8D,Instagram,1,84
AF-C714133C8D,X,1,31
AF-C714133C8D,Facebook,0,0
AF-C714133C8D,TikTok,0,0
AF-C714133C8D,YouTube,0,0
AF-9B97A27F79,Instagram,1,36
AF-9B97A27F79,X,1,20
AF-9B97A27F79,Facebook,0,0
AF-9B97A27F79,TikTok,1,58
AF-9B97A27F79,YouTube,1,35
AF-7B47FAD197,Instagram,0,0
AF-7B47FAD197,X,0,0
AF-7B47FAD197,Facebook,0,0
AF-7B47FAD197,TikTok,0,0
AF-7B47FAD197,YouTube,1,55
AF-C47B01CF84,Instagram,1,68
AF-C47B01CF84,X,1,81
AF-C47B01CF84,Facebook,1,24
AF-C47B01CF84,TikTok,0,0
AF-C47B01CF84,YouTube,0,0
AF-0C9CC4E4EE,Instagram,1,81
AF-0C9CC4E4EE,X,1,51
AF-0C9CC4E4EE,Facebook,0,0
AF-0C9CC4E4EE,TikTok,1,120
AF-0C9CC4E4EE,YouTube,1,13
AF-971986CA93,Instagram,1,19
AF-971986CA93,X,0,0
AF-971986CA93,Facebook,0,0
AF-971986CA93,TikTok,0,0
AF-971986CA93,YouTube,1,21
AF-DA1D163EF6,Instagram,1,62
AF-DA1D163EF6,X,1,19
AF-DA1D163EF6,Facebook,0,0
AF-DA1D163EF6,TikTok,1,41
AF-DA1D163EF6,YouTube,1,9
AF-20E590D37E,Instagram,1,13
AF-20E590D37E,X,0,0
AF-20E590D37E,Facebook,1,85
AF-20E590D37E,TikTok,0,0
AF-20E590D37E,YouTube,0,0
AF-2942AC1745,Instagram,1,70
AF-2942AC1745,X,1,7
AF-2942AC1745,Facebook,0,0
AF-2942AC1745,TikTok,0,0
AF-2942AC1745,YouTube,1,46
AF-6EAC1C4E52,Instagram,1,159
AF-6EAC1C4E52,X,1,158
AF-6EAC1C4E52,Facebook,1,36
AF-6EAC1C4E52,TikTok,0,0
AF-6EAC1C4E52,YouTube,1,28
AF-B7AB9D06AE,Instagram,1,1
AF-B7AB9D06AE,X,0,0
AF-B7AB9D06AE,Facebook,0,0
AF-B7AB9D06AE,TikTok,0,0
AF-B7AB9D06AE,YouTube,0,0
AF-8B0B040615,Instagram,1,45
AF-8B0B040615,X,0,0
AF-8B0B040615,Facebook,0,0
AF-8B0B040615,TikTok,0,0
AF-8B0B040615,YouTube,0,0
AF-DA1E27813C,Instagram,1,21
AF-DA1E27813C,X,1,27
AF-DA1E27813C,Facebook,0,0
AF-DA1E27813C,TikTok,1,109
AF-DA1E27813C,YouTube,0,0
AF-4AFBC4265B,Instagram,1,72
AF-4AFBC4265B,X,1,46
AF-4AFBC4265B,Facebook,1,10
AF-4AFBC4265B,TikTok,0,0
AF-4AFBC4265B,YouTube,0,0
AF-71F0689277,Instagram,1,30
AF-71F0689277,X,0,0
AF-71F0689277,Facebook,0,0
AF-71F0689277,TikTok,0,0
AF-71F0689277,YouTube,0,0
AF-4ECA50849E,Instagram,0,0
AF-4ECA50849E,X,1,114
AF-4ECA50849E,Facebook,1,26
AF-4ECA50849E,TikTok,0,0
AF-4ECA50849E,YouTube,1,118
AF-58273DDA6C,Instagram,1,74
AF-58273DDA6C,X,0,0
AF-58273DDA6C,Facebook,1,4
AF-58273DDA6C,TikTok,0,0
AF-58273DDA6C,YouTube,1,54
AF-85E44E732B,Instagram,1,7
AF-85E44E732B,X,1,8
AF-85E44E732B,Facebook,0,0
AF-85E44E732B,TikTok,1,67
AF-85E44E732B,YouTube,1,71
AF-646E8D15A2,Instagram,0,0
AF-646E8D15A2,X,1,33
AF-646E8D15A2,Facebook,0,0
AF-646E8D15A2,TikTok,0,0
AF-646E8D15A2,YouTube,0,0
AF-0CB99E2C3D,Instagram,1,9
AF-0CB99E2C3D,X,1,41
AF-0CB99E2C3D,Facebook,0,0
AF-0CB99E2C3D,TikTok,1,24
AF-0CB99E2C3D,YouTube,0,0
AF-7826A82F9C,Instagram,1,47
AF-7826A82F9C,X,0,0
AF-7826A82F9C,Facebook,0,0
AF-7826A82F9C,TikTok,1,31
AF-7826A82F9C,YouTube,0,0
AF-29C3EECA07,Instagram,1,34
AF-29C3EECA07,X,0,0
AF-29C3EECA07,Facebook,0,0
AF-29C3EECA07,TikTok,0,0
AF-29C3EECA07,YouTube,0,0
AF-03D405D2E1,Instagram,0,0
AF-03D405D2E1,X,0,0
AF-03D405D2E1,Facebook,0,0
AF-03D405D2E1,TikTok,0,0
AF-03D405D2E1,YouTube,0,0
AF-2CFBB16FDC,Instagram,1,7
AF-2CFBB16FDC,X,1,88
AF-2CFBB16FDC,Facebook,0,0
AF-2CFBB16FDC,TikTok,0,0
AF-2CFBB16FDC,YouTube,1,20
AF-9E1E2EACC0,Instagram,1,1
AF-9E1E2EACC0,X,1,18
AF-9E1E2EACC0,Facebook,0,0
AF-9E1E2EACC0,TikTok,0,0
AF-9E1E2EACC0,YouTube,0,0
AF-450CD59F6A,Instagram,1,6
AF-450CD59F6A,X,0,0
AF-450CD59F6A,Facebook,1,15
AF-450CD59F6A,TikTok,0,0
AF-450CD59F6A,YouTube,0,0
AF-D4860A84B1,Instagram,1,20
AF-D4860A84B1,X,1,19
AF-D4860A84B1,Facebook,0,0
AF-D4860A84B1,TikTok,0,0
AF-D4860A84B1,YouTube,1,9
AF-C2D0DB0134,Instagram,1,33
AF-C2D0DB0134,X,0,0
AF-C2D0DB0134,Facebook,1,3
AF-C2D0DB0134,TikTok,1,85
AF-C2D0DB0134,YouTube,0,0
AF-5A1ABBCCE9,Instagram,1,7
AF-5A1ABBCCE9,X,0,0
AF-5A1ABBCCE9,Facebook,1,23
AF-5A1ABBCCE9,TikTok,0,0
AF-5A1ABBCCE9,YouTube,1,29
AF-59542D6595,Instagram,1,10
AF-59542D6595,X,0,0
AF-59542D6595,Facebook,0,0
AF-59542D6595,TikTok,0,0
AF-59542D6595,YouTube,0,0
AF-E253835673,Instagram,0,0
AF-E253835673,X,0,0
AF-E253835673,Facebook,0,0
AF-E253835673,TikTok,0,0
AF-E253835673,YouTube,0,0
AF-1FE768FF76,Instagram,1,16
AF-1FE768FF76,X,1,27
AF-1FE768FF76,Facebook,1,8
AF-1FE768FF76,TikTok,0,0
AF-1FE768FF76,YouTube,0,0
AF-1D6745E098,Instagram,1,15
AF-1D6745E098,X,0,0
AF-1D6745E098,Facebook,1,8
AF-1D6745E098,TikTok,1,11
AF-1D6745E098,YouTube,0,0
AF-30BA329EAB,Instagram,1,8
AF-30BA329EAB,X,0,0
AF-30BA329EAB,Facebook,1,5
AF-30BA329EAB,TikTok,0,0
AF-30BA329EAB,YouTube,0,0
AF-5FF2B1CCD0,Instagram,1,9
AF-5FF2B1CCD0,X,1,100
AF-5FF2B1CCD0,Facebook,1,138
AF-5FF2B1CCD0,TikTok,1,63
AF-5FF2B1CCD0,YouTube,0,0
AF-F82DFE8137,Instagram,1,8
AF-F82DFE8137,X,0,0
AF-F82DFE8137,Facebook,1,6
AF-F82DFE8137,TikTok,0,0
AF-F82DFE8137,YouTube,1,6
AF-9EB62F3FDE,Instagram,1,14
AF-9EB62F3FDE,X,1,14
AF-9EB62F3FDE,Facebook,1,17
AF-9EB62F3FDE,TikTok,0,0
AF-9EB62F3FDE,YouTube,0,0
AF-BABA8E59D9,Instagram,0,0
AF-BABA8E59D9,X,0,0
AF-BABA8E59D9,Facebook,1,8
AF-BABA8E59D9,TikTok,0,0
AF-BABA8E59D9,YouTube,0,0
AF-8F1186AA9D,Instagram,1,20
AF-8F1186AA9D,X,0,0
AF-8F1186AA9D,Facebook,0,0
AF-8F1186AA9D,TikTok,0,0
AF-8F1186AA9D,YouTube,0,0
AF-DDF84C537F,Instagram,0,0
AF-DDF84C537F,X,0,0
AF-DDF84C537F,Facebook,1,11
AF-DDF84C537F,TikTok,0,0
AF-DDF84C537F,YouTube,1,1
AF-18E12F0877,Instagram,1,24
AF-18E12F0877,X,0,0
AF-18E12F0877,Facebook,0,0
AF-18E12F0877,TikTok,1,10
AF-18E12F0877,YouTube,0,0
AF-7E9BA07756,Instagram,0,0
AF-7E9BA07756,X,0,0
AF-7E9BA07756,Facebook,0,0
AF-7E9BA07756,TikTok,0,0
AF-7E9BA07756,YouTube,0,0
AF-8E61A08FF2,Instagram,0,0
AF-8E61A08FF2,X,1,36
AF-8E61A08FF2,Facebook,0,0
AF-8E61A08FF2,TikTok,0,0
AF-8E61A08FF2,YouTube,0,0
AF-3E86F37048,Instagram,0,0
AF-3E86F37048,X,0,0
AF-3E86F37048,Facebook,0,0
AF-3E86F37048,TikTok,0,0
AF-3E86F37048,YouTube,0,0
AF-C2C72E4F69,Instagram,1,47
AF-C2C72E4F69,X,0,0
AF-C2C72E4F69,Facebook,0,0
AF-C2C72E4F69,TikTok,1,105
AF-C2C72E4F69,YouTube,0,0
AF-5F0A0060C9,Instagram,1,40
AF-5F0A0060C9,X,0,0
AF-5F0A0060C9,Facebook,1,17
AF-5F0A0060C9,TikTok,1,11
AF-5F0A0060C9,YouTube,0,0
AF-55F2EBDC8C,Instagram,1,15
AF-55F2EBDC8C,X,0,0
AF-55F2EBDC8C,Facebook,0,0
AF-55F2EBDC8C,TikTok,1,6
AF-55F2EBDC8C,YouTube,0,0
AF-ECFDDC9758,Instagram,1,70
AF-ECFDDC9758,X,0,0
AF-ECFDDC9758,Facebook,0,0
AF-ECFDDC9758,TikTok,0,0
AF-ECFDDC9758,YouTube,0,0
AF-67613077CA,Instagram,1,18
AF-67613077CA,X,0,0
AF-67613077CA,Facebook,1,150
AF-67613077CA,TikTok,0,0
AF-67613077CA,YouTube,0,0
AF-D2552496E5,Instagram,1,12
AF-D2552496E5,X,0,0
AF-D2552496E5,Facebook,0,0
AF-D2552496E5,TikTok,0,0
AF-D2552496E5,YouTube,0,0
AF-59B8D10F7D,Instagram,0,0
AF-59B8D10F7D,X,0,0
AF-59B8D10F7D,Facebook,1,58
AF-59B8D10F7D,TikTok,0,0
AF-59B8D10F7D,YouTube,1,20
AF-D8F0A475CF,Instagram,1,28
AF-D8F0A475CF,X,1,23
AF-D8F0A475CF,Facebook,0,0
AF-D8F0A475CF,TikTok,0,0
AF-D8F0A475CF,YouTube,0,0
AF-6CD8CF4A21,Instagram,0,0
AF-6CD8CF4A21,X,0,0
AF-6CD8CF4A21,Facebook,1,3
AF-6CD8CF4A21,TikTok,0,0
AF-6CD8CF4A21,YouTube,1,19
AF-C9F39C1ED2,Instagram,1,17
AF-C9F39C1ED2,X,0,0
AF-C9F39C1ED2,Facebook,0,0
AF-C9F39C1ED2,TikTok,0,0
AF-C9F39C1ED2,YouTube,0,0
AF-7DDE00B981,Instagram,1,110
AF-7DDE00B981,X,1,29
AF-7DDE00B981,Facebook,1,12
AF-7DDE00B981,TikTok,1,136
AF-7DDE00B981,YouTube,1,22
AF-5D7E6788EA,Instagram,1,26
AF-5D7E6788EA,X,0,0
AF-5D7E6788EA,Facebook,0,0
AF-5D7E6788EA,TikTok,0,0
AF-5D7E6788EA,YouTube,1,70
AF-29C3C53493,Instagram,1,13
AF-29C3C53493,X,0,0
AF-29C3C53493,Facebook,0,0
AF-29C3C53493,TikTok,1,17
AF-29C3C53493,YouTube,1,9
AF-AB085FFE9D,Instagram,1,112
AF-AB085FFE9D,X,1,9
AF-AB085FFE9D,Facebook,0,0
AF-AB085FFE9D,TikTok,1,130
AF-AB085FFE9D,YouTube,0,0
AF-CED4C7BE18,Instagram,1,77
AF-CED4C7BE18,X,1,136
AF-CED4C7BE18,Facebook,0,0
AF-CED4C7BE18,TikTok,0,0
AF-CED4C7BE18,YouTube,1,40
AF-720D45D3AD,Instagram,1,10
AF-720D45D3AD,X,0,0
AF-720D45D3AD,Facebook,0,0
AF-720D45D3AD,TikTok,0,0
AF-720D45D3AD,YouTube,0,0
AF-9796D898E8,Instagram,0,0
AF-9796D898E8,X,0,0
AF-9796D898E8,Facebook,0,0
AF-9796D898E8,TikTok,0,0
AF-9796D898E8,YouTube,1,28
AF-8462CBCD11,Instagram,1,37
AF-8462CBCD11,X,0,0
AF-8462CBCD11,Facebook,1,63
AF-8462CBCD11,TikTok,1,20
AF-8462CBCD11,YouTube,0,0
AF-7BDAD8F932,Instagram,0,0
AF-7BDAD8F932,X,1,109
AF-7BDAD8F932,Facebook,0,0
AF-7BDAD8F932,TikTok,0,0
AF-7BDAD8F932,YouTube,0,0
AF-03762F3BB4,Instagram,0,0
AF-03762F3BB4,X,1,1
AF-03762F3BB4,Facebook,1,36
AF-03762F3BB4,TikTok,1,34
AF-03762F3BB4,YouTube,0,0
AF-20A9CA7871,Instagram,1,21
AF-20A9CA7871,X,1,42
AF-20A9CA7871,Facebook,0,0
AF-20A9CA7871,TikTok,1,4
AF-20A9CA7871,YouTube,0,0
AF-8E88BA8A16,Instagram,1,24
AF-8E88BA8A16,X,1,13
AF-8E88BA8A16,Facebook,0,0
AF-8E88BA8A16,TikTok,1,4
AF-8E88BA8A16,YouTube,0,0
AF-EECCE260D9,Instagram,1,8
AF-EECCE260D9,X,1,57
AF-EECCE260D9,Facebook,0,0
AF-EECCE260D9,TikTok,1,170
AF-EECCE260D9,YouTube,1,22
AF-FCAD3EDDDB,Instagram,0,0
AF-FCAD3EDDDB,X,0,0
AF-FCAD3EDDDB,Facebook,0,0
AF-FCAD3EDDDB,TikTok,0,0
AF-FCAD3EDDDB,YouTube,0,0
AF-0111738FFA,Instagram,0,0
AF-0111738FFA,X,1,8
AF-0111738FFA,Facebook,0,0
AF-0111738FFA,TikTok,0,0
AF-0111738FFA,YouTube,0,0
AF-84A6606C05,Instagram,1,37
AF-84A6606C05,X,0,0
AF-84A6606C05,Facebook,0,0
AF-84A6606C05,TikTok,1,98
AF-84A6606C05,YouTube,1,156
AF-726BAB374E,Instagram,0,0
AF-726BAB374E,X,0,0
AF-726BAB374E,Facebook,0,0
AF-726BAB374E,TikTok,1,23
AF-726BAB374E,YouTube,0,0
AF-D41FD58C26,Instagram,1,7
AF-D41FD58C26,X,1,15
AF-D41FD58C26,Facebook,0,0
AF-D41FD58C26,TikTok,0,0
AF-D41FD58C26,YouTube,1,87
AF-458AB9E5A2,Instagram,0,0
AF-458AB9E5A2,X,0,0
AF-458AB9E5A2,Facebook,1,12
AF-458AB9E5A2,TikTok,1,26
AF-458AB9E5A2,YouTube,0,0
AF-904A34E3A4,Instagram,1,14
AF-904A34E3A4,X,0,0
AF-904A34E3A4,Facebook,0,0
AF-904A34E3A4,TikTok,0,0
AF-904A34E3A4,YouTube,0,0
AF-00BC714C5D,Instagram,1,15
AF-00BC714C5D,X,0,0
AF-00BC714C5D,Facebook,0,0
AF-00BC714C5D,TikTok,1,19
AF-00BC714C5D,YouTube,0,0
AF-D9DDFDB5D5,Instagram,0,0
AF-D9DDFDB5D5,X,1,8
AF-D9DDFDB5D5,Facebook,0,0
AF-D9DDFDB5D5,TikTok,0,0
AF-D9DDFDB5D5,YouTube,0,0
AF-0B4AC5DB6A,Instagram,0,0
AF-0B4AC5DB6A,X,0,0
AF-0B4AC5DB6A,Facebook,0,0
AF-0B4AC5DB6A,TikTok,0,0
AF-0B4AC5DB6A,YouTube,0,0
AF-7ED928D619,Instagram,1,11
AF-7ED928D619,X,1,6
AF-7ED928D619,Facebook,0,0
AF-7ED928D619,TikTok,1,91
AF-7ED928D619,YouTube,0,0
AF-DD0CD0D166,Instagram,0,0
AF-DD0CD0D166,X,0,0
AF-DD0CD0D166,Facebook,1,6
AF-DD0CD0D166,TikTok,0,0
AF-DD0CD0D166,YouTube,0,0
AF-73B3943BA2,Instagram,1,53
AF-73B3943BA2,X,1,66
AF-73B3943BA2,Facebook,0,0
AF-73B3943BA2,TikTok,1,37
AF-73B3943BA2,YouTube,0,0
AF-BA66C3835B,Instagram,1,35
AF-BA66C3835B,X,0,0
AF-BA66C3835B,Facebook,0,0
AF-BA66C3835B,TikTok,0,0
AF-BA66C3835B,YouTube,1,17
AF-2815D39260,Instagram,1,5
AF-2815D39260,X,1,25
AF-2815D39260,Facebook,0,0
AF-2815D39260,TikTok,0,0
AF-2815D39260,YouTube,1,26
AF-60831D4818,Instagram,1,12
AF-60831D4818,X,0,0
AF-60831D4818,Facebook,0,0
AF-60831D4818,TikTok,0,0
AF-60831D4818,YouTube,1,38
AF-C9CBEEA8D8,Instagram,0,0
AF-C9CBEEA8D8,X,0,0
AF-C9CBEEA8D8,Facebook,0,0
AF-C9CBEEA8D8,TikTok,0,0
AF-C9CBEEA8D8,YouTube,0,0
AF-B4C295C57A,Instagram,0,0
AF-B4C295C57A,X,1,14
AF-B4C295C57A,Facebook,1,9
AF-B4C295C57A,TikTok,0,0
AF-B4C295C57A,YouTube,0,0
AF-7B0CB7D7CC,Instagram,1,36
AF-7B0CB7D7CC,X,1,9
AF-7B0CB7D7CC,Facebook,0,0
AF-7B0CB7D7CC,TikTok,0,0
AF-7B0CB7D7CC,YouTube,1,8
AF-D526264E23,Instagram,1,4
AF-D526264E23,X,0,0
AF-D526264E23,Facebook,0,0
AF-D526264E23,TikTok,0,0
AF-D526264E23,YouTube,0,0
AF-EB8E9EE952,Instagram,1,12
AF-EB8E9EE952,X,1,33
AF-EB8E9EE952,Facebook,0,0
AF-EB8E9EE952,TikTok,0,0
AF-EB8E9EE952,YouTube,0,0
AF-888DAD15D5,Instagram,1,21
AF-888DAD15D5,X,0,0
AF-888DAD15D5,Facebook,1,40
AF-888DAD15D5,TikTok,0,0
AF-888DAD15D5,YouTube,0,0
AF-B65CAD3B6D,Instagram,1,16
AF-B65CAD3B6D,X,1,81
AF-B65CAD3B6D,Facebook,1,63
AF-B65CAD3B6D,TikTok,0,0
AF-B65CAD3B6D,YouTube,1,35
AF-2943D09E9B,Instagram,1,26
AF-2943D09E9B,X,1,121
AF-2943D09E9B,Facebook,1,116
AF-2943D09E9B,TikTok,1,19
AF-2943D09E9B,YouTube,1,27
AF-4751412723,Instagram,1,47
AF-4751412723,X,1,41
AF-4751412723,Facebook,1,60
AF-4751412723,TikTok,1,20
AF-4751412723,YouTube,1,25
AF-059CA66583,Instagram,1,7
AF-059CA66583,X,0,0
AF-059CA66583,Facebook,0,0
AF-059CA66583,TikTok,0,0
AF-059CA66583,YouTube,0,0
AF-27EBA3089B,Instagram,0,0
AF-27EBA3089B,X,0,0
AF-27EBA3089B,Facebook,0,0
AF-27EBA3089B,TikTok,0,0
AF-27EBA3089B,YouTube,0,0
AF-2628656763,Instagram,1,145
AF-2628656763,X,1,11
AF-2628656763,Facebook,0,0
AF-2628656763,TikTok,0,0
AF-2628656763,YouTube,1,22
AF-D39637D5B4,Instagram,1,19
AF-D39637D5B4,X,1,47
AF-D39637D5B4,Facebook,1,52
AF-D39637D5B4,TikTok,1,41
AF-D39637D5B4,YouTube,0,0
AF-4102267151,Instagram,1,26
AF-4102267151,X,0,0
AF-4102267151,Facebook,0,0
AF-4102267151,TikTok,0,0
AF-4102267151,YouTube,0,0
AF-7E033842E2,Instagram,0,0
AF-7E033842E2,X,0,0
AF-7E033842E2,Facebook,0,0
AF-7E033842E2,TikTok,0,0
AF-7E033842E2,YouTube,1,12
AF-9C32E89097,Instagram,0,0
AF-9C32E89097,X,1,88
AF-9C32E89097,Facebook,1,43
AF-9C32E89097,TikTok,1,30
AF-9C32E89097,YouTube,1,204
AF-A963AD08D2,Instagram,1,34
AF-A963AD08D2,X,0,0
AF-A963AD08D2,Facebook,0,0
AF-A963AD08D2,TikTok,0,0
AF-A963AD08D2,YouTube,1,11
AF-E8A89D0519,Instagram,1,204
AF-E8A89D0519,X,1,82
AF-E8A89D0519,Facebook,0,0
AF-E8A89D0519,TikTok,1,58
AF-E8A89D0519,YouTube,1,24
AF-D4A8A1E4BD,Instagram,0,0
AF-D4A8A1E4BD,X,1,40
AF-D4A8A1E4BD,Facebook,0,0
AF-D4A8A1E4BD,TikTok,0,0
AF-D4A8A1E4BD,YouTube,0,0
AF-9E7489D6B8,Instagram,1,12
AF-9E7489D6B8,X,0,0
AF-9E7489D6B8,Facebook,0,0
AF-9E7489D6B8,TikTok,0,0
AF-9E7489D6B8,YouTube,1,44
AF-4FB4571648,Instagram,1,7
AF-4FB4571648,X,1,70
AF-4FB4571648,Facebook,1,58
AF-4FB4571648,TikTok,0,0
AF-4FB4571648,YouTube,0,0
AF-553ACB8B1B,Instagram,1,14
AF-553ACB8B1B,X,1,13
AF-553ACB8B1B,Facebook,1,37
AF-553ACB8B1B,TikTok,0,0
AF-553ACB8B1B,YouTube,1,27
AF-5987FC9E2D,Instagram,1,41
AF-5987FC9E2D,X,0,0
AF-5987FC9E2D,Facebook,1,28
AF-5987FC9E2D,TikTok,0,0
AF-5987FC9E2D,YouTube,0,0
AF-DB0819D155,Instagram,1,227
AF-DB0819D155,X,1,79
AF-DB0819D155,Facebook,1,28
AF-DB0819D155,TikTok,0,0
AF-DB0819D155,YouTube,1,30
AF-B09FB446E3,Instagram,1,48
AF-B09FB446E3,X,1,67
AF-B09FB446E3,Facebook,1,83
AF-B09FB446E3,TikTok,0,0
AF-B09FB446E3,YouTube,1,133
AF-F205E2718D,Instagram,0,0
AF-F205E2718D,X,0,0
AF-F205E2718D,Facebook,1,71
AF-F205E2718D,TikTok,0,0
AF-F205E2718D,YouTube,0,0
AF-BAE512B0EB,Instagram,0,0
AF-BAE512B0EB,X,1,10
AF-BAE512B0EB,Facebook,1,20
AF-BAE512B0EB,TikTok,0,0
AF-BAE512B0EB,YouTube,0,0
AF-F2C8071FFD,Instagram,1,41
AF-F2C8071FFD,X,1,49
AF-F2C8071FFD,Facebook,1,21
AF-F2C8071FFD,TikTok,1,166
AF-F2C8071FFD,YouTube,1,195
AF-78B842C605,Instagram,1,81
AF-78B842C605,X,1,19
AF-78B842C605,Facebook,1,20
AF-78B842C605,TikTok,0,0
AF-78B842C605,YouTube,0,0
AF-5F45F8E1B7,Instagram,1,15
AF-5F45F8E1B7,X,0,0
AF-5F45F8E1B7,Facebook,0,0
AF-5F45F8E1B7,TikTok,1,13
AF-5F45F8E1B7,YouTube,1,11
AF-BED79B928A,Instagram,1,51
AF-BED79B928A,X,0,0
AF-BED79B928A,Facebook,0,0
AF-BED79B928A,TikTok,0,0
AF-BED79B928A,YouTube,0,0
AF-7BDE69CEED,Instagram,1,13
AF-7BDE69CEED,X,0,0
AF-7BDE69CEED,Facebook,0,0
AF-7BDE69CEED,TikTok,1,0
AF-7BDE69CEED,YouTube,0,0
AF-1E19BCA10C,Instagram,1,2
AF-1E19BCA10C,X,0,0
AF-1E19BCA10C,Facebook,1,38
AF-1E19BCA10C,TikTok,0,0
AF-1E19BCA10C,YouTube,1,27
AF-1026E625A3,Instagram,1,48
AF-1026E625A3,X,1,12
AF-1026E625A3,Facebook,0,0
AF-1026E625A3,TikTok,1,3
AF-1026E625A3,YouTube,0,0
AF-C2E44A7EF9,Instagram,1,29
AF-C2E44A7EF9,X,0,0
AF-C2E44A7EF9,Facebook,0,0
AF-C2E44A7EF9,TikTok,0,0
AF-C2E44A7EF9,YouTube,0,0
AF-793B7228F8,Instagram,0,0
AF-793B7228F8,X,0,0
AF-793B7228F8,Facebook,1,93
AF-793B7228F8,TikTok,1,27
AF-793B7228F8,YouTube,1,0
AF-D30DFE1CA4,Instagram,0,0
AF-D30DFE1CA4,X,1,38
AF-D30DFE1CA4,Facebook,0,0
AF-D30DFE1CA4,TikTok,1,4
AF-D30DFE1CA4,YouTube,1,84
AF-C6A3BFEBC0,Instagram,0,0
AF-C6A3BFEBC0,X,0,0
AF-C6A3BFEBC0,Facebook,1,24
AF-C6A3BFEBC0,TikTok,0,0
AF-C6A3BFEBC0,YouTube,0,0
AF-992EB0EF4C,Instagram,0,0
AF-992EB0EF4C,X,1,9
AF-992EB0EF4C,Facebook,1,49
AF-992EB0EF4C,TikTok,1,7
AF-992EB0EF4C,YouTube,0,0
AF-E233B7A0A7,Instagram,1,95
AF-E233B7A0A7,X,0,0
AF-E233B7A0A7,Facebook,0,0
AF-E233B7A0A7,TikTok,1,176
AF-E233B7A0A7,YouTube,1,1
AF-D2CFE82CF0,Instagram,1,60
AF-D2CFE82CF0,X,1,91
AF-D2CFE82CF0,Facebook,0,0
AF-D2CFE82CF0,TikTok,0,0
AF-D2CFE82CF0,YouTube,1,71
AF-2A8FDD834A,Instagram,1,70
AF-2A8FDD834A,X,0,0
AF-2A8FDD834A,Facebook,1,27
AF-2A8FDD834A,TikTok,1,8
AF-2A8FDD834A,YouTube,0,0
AF-38D0EEF4F8,Instagram,1,12
AF-38D0EEF4F8,X,0,0
AF-38D0EEF4F8,Facebook,1,45
AF-38D0EEF4F8,TikTok,0,0
AF-38D0EEF4F8,YouTube,1,29
AF-4E9B4E9B17,Instagram,1,85
AF-4E9B4E9B17,X,1,13
AF-4E9B4E9B17,Facebook,0,0
AF-4E9B4E9B17,TikTok,0,0
AF-4E9B4E9B17,YouTube,0,0
AF-B5B9EBE6AB,Instagram,1,3
AF-B5B9EBE6AB,X,0,0
AF-B5B9EBE6AB,Facebook,1,18
AF-B5B9EBE6AB,TikTok,0,0
AF-B5B9EBE6AB,YouTube,0,0
AF-A9D038F2CA,Instagram,1,42
AF-A9D038F2CA,X,1,49
AF-A9D038F2CA,Facebook,1,24
AF-A9D038F2CA,TikTok,0,0
AF-A9D038F2CA,YouTube,1,54
AF-701BFB20FC,Instagram,0,0
AF-701BFB20FC,X,0,0
AF-701BFB20FC,Facebook,1,63
AF-701BFB20FC,TikTok,0,0
AF-701BFB20FC,YouTube,0,0
AF-19E26A1D9B,Instagram,0,0
AF-19E26A1D9B,X,1,18
AF-19E26A1D9B,Facebook,1,29
AF-19E26A1D9B,TikTok,1,42
AF-19E26A1D9B,YouTube,0,0
AF-34A6D1DFE1,Instagram,1,16
AF-34A6D1DFE1,X,1,2
AF-34A6D1DFE1,Facebook,0,0
AF-34A6D1DFE1,TikTok,0,0
AF-34A6D1DFE1,YouTube,1,32
AF-6CF7ED4E31,Instagram,1,8
AF-6CF7ED4E31,X,0,0
AF-6CF7ED4E31,Facebook,0,0
AF-6CF7ED4E31,TikTok,0,0
AF-6CF7ED4E31,YouTube,0,0
AF-D4812056DA,Instagram,1,47
AF-D4812056DA,X,1,21
AF-D4812056DA,Facebook,0,0
AF-D4812056DA,TikTok,1,37
AF-D4812056DA,YouTube,1,133
AF-1B37904844,Instagram,1,45
AF-1B37904844,X,1,2
AF-1B37904844,Facebook,0,0
AF-1B37904844,TikTok,0,0
AF-1B37904844,YouTube,0,0
AF-1861F92B84,Instagram,1,10
AF-1861F92B84,X,1,19
AF-1861F92B84,Facebook,1,1
AF-1861F92B84,TikTok,0,0
AF-1861F92B84,YouTube,0,0
AF-2766DA3912,Instagram,1,30
AF-2766DA3912,X,1,24
AF-2766DA3912,Facebook,0,0
AF-2766DA3912,TikTok,0,0
AF-2766DA3912,YouTube,0,0
AF-BBA4AD9A29,Instagram,1,1
AF-BBA4AD9A29,X,1,5
AF-BBA4AD9A29,Facebook,0,0
AF-BBA4AD9A29,TikTok,1,2
AF-BBA4AD9A29,YouTube,1,7
AF-CB502B2653,Instagram,1,20
AF-CB502B2653,X,1,23
AF-CB502B2653,Facebook,0,0
AF-CB502B2653,TikTok,1,46
AF-CB502B2653,YouTube,1,65
AF-615A26D23B,Instagram,0,0
AF-615A26D23B,X,0,0
AF-615A26D23B,Facebook,0,0
AF-615A26D23B,TikTok,1,22
AF-615A26D23B,YouTube,0,0
AF-508301F7A4,Instagram,1,1
AF-508301F7A4,X,0,0
AF-508301F7A4,Facebook,1,71
AF-508301F7A4,TikTok,0,0
AF-508301F7A4,YouTube,1,15
AF-E506FB0B5B,Instagram,0,0
AF-E506FB0B5B,X,1,37
AF-E506FB0B5B,Facebook,0,0
AF-E506FB0B5B,TikTok,0,0
AF-E506FB0B5B,YouTube,0,0
AF-873F9F3CFE,Instagram,1,16
AF-873F9F3CFE,X,0,0
AF-873F9F3CFE,Facebook,0,0
AF-873F9F3CFE,TikTok,0,0
AF-873F9F3CFE,YouTube,0,0
AF-12FA143294,Instagram,1,6
AF-12FA143294,X,1,77
AF-12FA143294,Facebook,0,0
AF-12FA143294,TikTok,0,0
AF-12FA143294,YouTube,0,0
AF-B8AE9590A6,Instagram,1,39
AF-B8AE9590A6,X,0,0
AF-B8AE9590A6,Facebook,1,47
AF-B8AE9590A6,TikTok,0,0
AF-B8AE9590A6,YouTube,0,0
AF-AE86BFAAA9,Instagram,1,8
AF-AE86BFAAA9,X,1,19
AF-AE86BFAAA9,Facebook,1,23
AF-AE86BFAAA9,TikTok,1,9
AF-AE86BFAAA9,YouTube,0,0
AF-FEB5BD5D9D,Instagram,1,8
AF-FEB5BD5D9D,X,1,12
AF-FEB5BD5D9D,Facebook,1,21
AF-FEB5BD5D9D,TikTok,0,0
AF-FEB5BD5D9D,YouTube,0,0
AF-84C284C488,Instagram,1,13
AF-84C284C488,X,0,0
AF-84C284C488,Facebook,1,27
AF-84C284C488,TikTok,1,53
AF-84C284C488,YouTube,0,0
AF-B5037B172D,Instagram,1,9
AF-B5037B172D,X,1,19
AF-B5037B172D,Facebook,0,0
AF-B5037B172D,TikTok,0,0
AF-B5037B172D,YouTube,0,0
AF-C93EC18D53,Instagram,0,0
AF-C93EC18D53,X,0,0
AF-C93EC18D53,Facebook,0,0
AF-C93EC18D53,TikTok,0,0
AF-C93EC18D53,YouTube,0,0
AF-0EF78F399C,Instagram,1,18
AF-0EF78F399C,X,0,0
AF-0EF78F399C,Facebook,0,0
AF-0EF78F399C,TikTok,1,17
AF-0EF78F399C,YouTube,0,0
AF-EC06C49A1E,Instagram,1,114
AF-EC06C49A1E,X,1,6
AF-EC06C49A1E,Facebook,0,0
AF-EC06C49A1E,TikTok,0,0
AF-EC06C49A1E,YouTube,0,0
AF-37BE65B678,Instagram,1,17
AF-37BE65B678,X,0,0
AF-37BE65B678,Facebook,0,0
AF-37BE65B678,TikTok,1,3
AF-37BE65B678,YouTube,0,0
AF-41088CF5D8,Instagram,1,53
AF-41088CF5D8,X,0,0
AF-41088CF5D8,Facebook,1,35
AF-41088CF5D8,TikTok,0,0
AF-41088CF5D8,YouTube,0,0
AF-4FA4691EDF,Instagram,1,33
AF-4FA4691EDF,X,0,0
AF-4FA4691EDF,Facebook,0,0
AF-4FA4691EDF,TikTok,0,0
AF-4FA4691EDF,YouTube,0,0
AF-6461685C3C,Instagram,0,0
AF-6461685C3C,X,0,0
AF-6461685C3C,Facebook,0,0
AF-6461685C3C,TikTok,1,25
AF-6461685C3C,YouTube,0,0
AF-EEC77204DC,Instagram,1,13
AF-EEC77204DC,X,0,0
AF-EEC77204DC,Facebook,1,34
AF-EEC77204DC,TikTok,0,0
AF-EEC77204DC,YouTube,0,0
AF-99901FA73C,Instagram,1,23
AF-99901FA73C,X,0,0
AF-99901FA73C,Facebook,0,0
AF-99901FA73C,TikTok,0,0
AF-99901FA73C,YouTube,0,0
AF-C9372170CB,Instagram,1,14
AF-C9372170CB,X,0,0
AF-C9372170CB,Facebook,0,0
AF-C9372170CB,TikTok,0,0
AF-C9372170CB,YouTube,1,34
AF-C4F0A7B022,Instagram,1,2
AF-C4F0A7B022,X,0,0
AF-C4F0A7B022,Facebook,1,15
AF-C4F0A7B022,TikTok,0,0
AF-C4F0A7B022,YouTube,0,0
AF-89CA51108A,Instagram,0,0
AF-89CA51108A,X,0,0
AF-89CA51108A,Facebook,1,43
AF-89CA51108A,TikTok,0,0
AF-89CA51108A,YouTube,1,62
AF-70D7A6AB31,Instagram,1,21
AF-70D7A6AB31,X,0,0
AF-70D7A6AB31,Facebook,0,0
AF-70D7A6AB31,TikTok,1,45
AF-70D7A6AB31,YouTube,0,0
AF-B80470AFFF,Instagram,1,25
AF-B80470AFFF,X,1,52
AF-B80470AFFF,Facebook,1,44
AF-B80470AFFF,TikTok,0,0
AF-B80470AFFF,YouTube,1,131
AF-A163928B6B,Instagram,0,0
AF-A163928B6B,X,0,0
AF-A163928B6B,Facebook,0,0
AF-A163928B6B,TikTok,0,0
AF-A163928B6B,YouTube,0,0
AF-D98676D7FD,Instagram,0,0
AF-D98676D7FD,X,0,0
AF-D98676D7FD,Facebook,0,0
AF-D98676D7FD,TikTok,0,0
AF-D98676D7FD,YouTube,0,0
AF-60DBB8ECB0,Instagram,1,131
AF-60DBB8ECB0,X,0,0
AF-60DBB8ECB0,Facebook,0,0
AF-60DBB8ECB0,TikTok,1,159
AF-60DBB8ECB0,YouTube,1,80
AF-8A34A140DF,Instagram,1,27
AF-8A34A140DF,X,0,0
AF-8A34A140DF,Facebook,1,32
AF-8A34A140DF,TikTok,0,0
AF-8A34A140DF,YouTube,0,0
AF-07F9EEAB2B,Instagram,1,88
AF-07F9EEAB2B,X,1,9
AF-07F9EEAB2B,Facebook,0,0
AF-07F9EEAB2B,TikTok,0,0
AF-07F9EEAB2B,YouTube,1,60
AF-DB9356FFA0,Instagram,0,0
AF-DB9356FFA0,X,0,0
AF-DB9356FFA0,Facebook,0,0
AF-DB9356FFA0,TikTok,1,59
AF-DB9356FFA0,YouTube,1,60
AF-0BE48FF27F,Instagram,0,0
AF-0BE48FF27F,X,1,69
AF-0BE48FF27F,Facebook,0,0
AF-0BE48FF27F,TikTok,1,37
AF-0BE48FF27F,YouTube,1,80
AF-19D6808718,Instagram,1,55
AF-19D6808718,X,1,26
AF-19D6808718,Facebook,1,44
AF-19D6808718,TikTok,1,132
AF-19D6808718,YouTube,0,0
AF-96BF5E6760,Instagram,1,40
AF-96BF5E6760,X,1,157
AF-96BF5E6760,Facebook,0,0
AF-96BF5E6760,TikTok,0,0
AF-96BF5E6760,YouTube,0,0
AF-0FCB0832DC,Instagram,1,1
AF-0FCB0832DC,X,1,26
AF-0FCB0832DC,Facebook,0,0
AF-0FCB0832DC,TikTok,1,193
AF-0FCB0832DC,YouTube,0,0
AF-F4FDAB6E70,Instagram,1,14
AF-F4FDAB6E70,X,0,0
AF-F4FDAB6E70,Facebook,0,0
AF-F4FDAB6E70,TikTok,0,0
AF-F4FDAB6E70,YouTube,0,0
AF-4365D154DA,Instagram,1,45
AF-4365D154DA,X,1,149
AF-4365D154DA,Facebook,0,0
AF-4365D154DA,TikTok,1,21
AF-4365D154DA,YouTube,0,0
AF-704845ED89,Instagram,0,0
AF-704845ED89,X,1,49
AF-704845ED89,Facebook,0,0
AF-704845ED89,TikTok,0,0
AF-704845ED89,YouTube,1,37
AF-DAAB6FFE3D,Instagram,1,7
AF-DAAB6FFE3D,X,0,0
AF-DAAB6FFE3D,Facebook,0,0
AF-DAAB6FFE3D,TikTok,1,1
AF-DAAB6FFE3D,YouTube,1,22
AF-F0194A4D43,Instagram,0,0
AF-F0194A4D43,X,1,61
AF-F0194A4D43,Facebook,1,56
AF-F0194A4D43,TikTok,0,0
AF-F0194A4D43,YouTube,0,0
AF-FAA97FC643,Instagram,1,25
AF-FAA97FC643,X,0,0
AF-FAA97FC643,Facebook,0,0
AF-FAA97FC643,TikTok,0,0
AF-FAA97FC643,YouTube,0,0
AF-03D634CA98,Instagram,1,10
AF-03D634CA98,X,0,0
AF-03D634CA98,Facebook,0,0
AF-03D634CA98,TikTok,0,0
AF-03D634CA98,YouTube,1,30
AF-22943BFCEF,Instagram,0,0
AF-22943BFCEF,X,0,0
AF-22943BFCEF,Facebook,1,33
AF-22943BFCEF,TikTok,0,0
AF-22943BFCEF,YouTube,0,0
AF-4A93FE6190,Instagram,1,13
AF-4A93FE6190,X,1,14
AF-4A93FE6190,Facebook,1,8
AF-4A93FE6190,TikTok,0,0
AF-4A93FE6190,YouTube,1,44
AF-483CA29082,Instagram,1,16
AF-483CA29082,X,1,71
AF-483CA29082,Facebook,1,13
AF-483CA29082,TikTok,0,0
AF-483CA29082,YouTube,0,0
AF-B76471C88F,Instagram,0,0
AF-B76471C88F,X,1,53
AF-B76471C88F,Facebook,0,0
AF-B76471C88F,TikTok,0,0
AF-B76471C88F,YouTube,1,7
AF-499D2E6E40,Instagram,0,0
AF-499D2E6E40,X,0,0
AF-499D2E6E40,Facebook,0,0
AF-499D2E6E40,TikTok,0,0
AF-499D2E6E40,YouTube,0,0
AF-0D057E3DE5,Instagram,1,46
AF-0D057E3DE5,X,0,0
AF-0D057E3DE5,Facebook,0,0
AF-0D057E3DE5,TikTok,0,0
AF-0D057E3DE5,YouTube,0,0
AF-39084F7A21,Instagram,1,58
AF-39084F7A21,X,0,0
AF-39084F7A21,Facebook,1,7
AF-39084F7A21,TikTok,0,0
AF-39084F7A21,YouTube,0,0
AF-30BE22DFD7,Instagram,1,7
AF-30BE22DFD7,X,0,0
AF-30BE22DFD7,Facebook,0,0
AF-30BE22DFD7,TikTok,1,60
AF-30BE22DFD7,YouTube,1,47
AF-BFACCABAAF,Instagram,1,15
AF-BFACCABAAF,X,0,0
AF-BFACCABAAF,Facebook,1,115
AF-BFACCABAAF,TikTok,0,0
AF-BFACCABAAF,YouTube,1,4
AF-51866E949E,Instagram,1,15
AF-51866E949E,X,0,0
AF-51866E949E,Facebook,0,0
AF-51866E949E,TikTok,0,0
AF-51866E949E,YouTube,0,0
AF-9EBE1888BD,Instagram,1,70
AF-9EBE1888BD,X,0,0
AF-9EBE1888BD,Facebook,1,29
AF-9EBE1888BD,TikTok,1,5
AF-9EBE1888BD,YouTube,0,0
AF-FF88D0731A,Instagram,1,11
AF-FF88D0731A,X,1,8
AF-FF88D0731A,Facebook,1,18
AF-FF88D0731A,TikTok,1,16
AF-FF88D0731A,YouTube,0,0
AF-130B2A515C,Instagram,0,0
AF-130B2A515C,X,1,24
AF-130B2A515C,Facebook,1,72
AF-130B2A515C,TikTok,0,0
AF-130B2A515C,YouTube,0,0
AF-3670E00446,Instagram,1,61
AF-3670E00446,X,0,0
AF-3670E00446,Facebook,1,54
AF-3670E00446,TikTok,0,0
AF-3670E00446,YouTube,0,0
AF-F03361363C,Instagram,1,8
AF-F03361363C,X,0,0
AF-F03361363C,Facebook,0,0
AF-F03361363C,TikTok,1,48
AF-F03361363C,YouTube,1,9
AF-25D59959DF,Instagram,0,0
AF-25D59959DF,X,0,0
AF-25D59959DF,Facebook,1,43
AF-25D59959DF,TikTok,0,0
AF-25D59959DF,YouTube,1,26
AF-279F89F604,Instagram,0,0
AF-279F89F604,X,0,0
AF-279F89F604,Facebook,0,0
AF-279F89F604,TikTok,1,55
AF-279F89F604,YouTube,0,0
AF-4873F34A84,Instagram,1,19
AF-4873F34A84,X,0,0
AF-4873F34A84,Facebook,0,0
AF-4873F34A84,TikTok,0,0
AF-4873F34A84,YouTube,0,0
AF-2716298DF0,Instagram,1,9
AF-2716298DF0,X,1,52
AF-2716298DF0,Facebook,1,43
AF-2716298DF0,TikTok,1,37
AF-2716298DF0,YouTube,1,37
AF-2B0497B464,Instagram,1,15
AF-2B0497B464,X,0,0
AF-2B0497B464,Facebook,0,0
AF-2B0497B464,TikTok,0,0
AF-2B0497B464,YouTube,1,45
AF-ED86437C03,Instagram,1,77
AF-ED86437C03,X,0,0
AF-ED86437C03,Facebook,1,13
AF-ED86437C03,TikTok,0,0
AF-ED86437C03,YouTube,1,98
AF-853D36E33D,Instagram,1,36
AF-853D36E33D,X,0,0
AF-853D36E33D,Facebook,1,35
AF-853D36E33D,TikTok,0,0
AF-853D36E33D,YouTube,0,0
AF-CAD73F7733,Instagram,1,32
AF-CAD73F7733,X,0,0
AF-CAD73F7733,Facebook,0,0
AF-CAD73F7733,TikTok,0,0
AF-CAD73F7733,YouTube,0,0
AF-FABEBEC4A8,Instagram,1,7
AF-FABEBEC4A8,X,0,0
AF-FABEBEC4A8,Facebook,0,0
AF-FABEBEC4A8,TikTok,1,39
AF-FABEBEC4A8,YouTube,1,11
AF-605939DEF4,Instagram,0,0
AF-605939DEF4,X,1,49
AF-605939DEF4,Facebook,1,189
AF-605939DEF4,TikTok,0,0
AF-605939DEF4,YouTube,1,8
AF-D5A6C63BAF,Instagram,0,0
AF-D5A6C63BAF,X,1,8
AF-D5A6C63BAF,Facebook,0,0
AF-D5A6C63BAF,TikTok,0,0
AF-D5A6C63BAF,YouTube,0,0
AF-61616B8224,Instagram,0,0
AF-61616B8224,X,0,0
AF-61616B8224,Facebook,1,26
AF-61616B8224,TikTok,1,11
AF-61616B8224,YouTube,1,3
AF-B0AF6EF266,Instagram,0,0
AF-B0AF6EF266,X,0,0
AF-B0AF6EF266,Facebook,1,16
AF-B0AF6EF266,TikTok,0,0
AF-B0AF6EF266,YouTube,0,0
AF-33F3C6A6EB,Instagram,1,29
AF-33F3C6A6EB,X,0,0
AF-33F3C6A6EB,Facebook,1,56
AF-33F3C6A6EB,TikTok,0,0
AF-33F3C6A6EB,YouTube,1,95
AF-992B008339,Instagram,1,23
AF-992B008339,X,1,31
AF-992B008339,Facebook,1,38
AF-992B008339,TikTok,0,0
AF-992B008339,YouTube,0,0
AF-CCA56DB742,Instagram,0,0
AF-CCA56DB742,X,1,42
AF-CCA56DB742,Facebook,0,0
AF-CCA56DB742,TikTok,1,7
AF-CCA56DB742,YouTube,0,0
AF-73A82986B4,Instagram,1,15
AF-73A82986B4,X,0,0
AF-73A82986B4,Facebook,0,0
AF-73A82986B4,TikTok,0,0
AF-73A82986B4,YouTube,0,0
AF-411CCC972A,Instagram,1,169
AF-411CCC972A,X,0,0
AF-411CCC972A,Facebook,0,0
AF-411CCC972A,TikTok,1,60
AF-411CCC972A,YouTube,1,82
AF-BC2E7E9522,Instagram,0,0
AF-BC2E7E9522,X,0,0
AF-BC2E7E9522,Facebook,1,40
AF-BC2E7E9522,TikTok,0,0
AF-BC2E7E9522,YouTube,0,0
AF-C97ADEEAFA,Instagram,0,0
AF-C97ADEEAFA,X,0,0
AF-C97ADEEAFA,Facebook,0,0
AF-C97ADEEAFA,TikTok,0,0
AF-C97ADEEAFA,YouTube,1,31
AF-7A0C082147,Instagram,0,0
AF-7A0C082147,X,0,0
AF-7A0C082147,Facebook,1,6
AF-7A0C082147,TikTok,0,0
AF-7A0C082147,YouTube,1,9
AF-B865AC68B8,Instagram,1,78
AF-B865AC68B8,X,0,0
AF-B865AC68B8,Facebook,1,49
AF-B865AC68B8,TikTok,0,0
AF-B865AC68B8,YouTube,0,0
AF-6D6D5DD585,Instagram,0,0
AF-6D6D5DD585,X,1,133
AF-6D6D5DD585,Facebook,0,0
AF-6D6D5DD585,TikTok,0,0
AF-6D6D5DD585,YouTube,0,0
AF-A5BCAA21AA,Instagram,1,63
AF-A5BCAA21AA,X,1,75
AF-A5BCAA21AA,Facebook,0,0
AF-A5BCAA21AA,TikTok,1,31
AF-A5BCAA21AA,YouTube,0,0
AF-2709F3A6AE,Instagram,0,0
AF-2709F3A6AE,X,1,9
AF-2709F3A6AE,Facebook,1,112
AF-2709F3A6AE,TikTok,0,0
AF-2709F3A6AE,YouTube,0,0
AF-D67A3466DB,Instagram,1,22
AF-D67A3466DB,X,0,0
AF-D67A3466DB,Facebook,1,49
AF-D67A3466DB,TikTok,0,0
AF-D67A3466DB,YouTube,0,0
AF-666FF1AF72,Instagram,1,8
AF-666FF1AF72,X,0,0
AF-666FF1AF72,Facebook,1,1
AF-666FF1AF72,TikTok,0,0
AF-666FF1AF72,YouTube,0,0
AF-9B396B4AC8,Instagram,1,54
AF-9B396B4AC8,X,1,31
AF-9B396B4AC8,Facebook,0,0
AF-9B396B4AC8,TikTok,1,62
AF-9B396B4AC8,YouTube,1,11
AF-C8F99B68A8,Instagram,1,69
AF-C8F99B68A8,X,1,2
AF-C8F99B68A8,Facebook,0,0
AF-C8F99B68A8,TikTok,1,19
AF-C8F99B68A8,YouTube,0,0
AF-4E051C1234,Instagram,1,0
AF-4E051C1234,X,0,0
AF-4E051C1234,Facebook,0,0
AF-4E051C1234,TikTok,0,0
AF-4E051C1234,YouTube,0,0
AF-CCAD65DC85,Instagram,1,30
AF-CCAD65DC85,X,1,47
AF-CCAD65DC85,Facebook,1,37
AF-CCAD65DC85,TikTok,1,6
AF-CCAD65DC85,YouTube,1,43
AF-E58B5E305C,Instagram,1,206
AF-E58B5E305C,X,1,50
AF-E58B5E305C,Facebook,1,106
AF-E58B5E305C,TikTok,1,37
AF-E58B5E305C,YouTube,0,0
AF-2D318F03BF,Instagram,0,0
AF-2D318F03BF,X,1,18
AF-2D318F03BF,Facebook,1,3
AF-2D318F03BF,TikTok,0,0
AF-2D318F03BF,YouTube,0,0
AF-A71DF0D306,Instagram,1,3
AF-A71DF0D306,X,1,23
AF-A71DF0D306,Facebook,0,0
AF-A71DF0D306,TikTok,0,0
AF-A71DF0D306,YouTube,0,0
AF-E94D66D8D3,Instagram,1,22
AF-E94D66D8D3,X,1,53
AF-E94D66D8D3,Facebook,0,0
AF-E94D66D8D3,TikTok,1,74
AF-E94D66D8D3,YouTube,0,0
AF-6085D9B28F,Instagram,1,7
AF-6085D9B28F,X,0,0
AF-6085D9B28F,Facebook,1,30
AF-6085D9B28F,TikTok,0,0
AF-6085D9B28F,YouTube,0,0
AF-750D117732,Instagram,1,5
AF-750D117732,X,0,0
AF-750D117732,Facebook,0,0
AF-750D117732,TikTok,0,0
AF-750D117732,YouTube,0,0
AF-4ACB7D54DA,Instagram,1,42
AF-4ACB7D54DA,X,1,86
AF-4ACB7D54DA,Facebook,0,0
AF-4ACB7D54DA,TikTok,1,43
AF-4ACB7D54DA,YouTube,1,91
AF-2C73FA4BD9,Instagram,1,157
AF-2C73FA4BD9,X,0,0
AF-2C73FA4BD9,Facebook,0,0
AF-2C73FA4BD9,TikTok,0,0
AF-2C73FA4BD9,YouTube,1,48
AF-84880B8446,Instagram,0,0
AF-84880B8446,X,0,0
AF-84880B8446,Facebook,0,0
AF-84880B8446,TikTok,0,0
AF-84880B8446,YouTube,0,0
AF-31846F2740,Instagram,1,11
AF-31846F2740,X,0,0
AF-31846F2740,Facebook,1,19
AF-31846F2740,TikTok,0,0
AF-31846F2740,YouTube,0,0
AF-3EC455D7F5,Instagram,1,19
AF-3EC455D7F5,X,1,99
AF-3EC455D7F5,Facebook,0,0
AF-3EC455D7F5,TikTok,0,0
AF-3EC455D7F5,YouTube,0,0
AF-EF7CDBE0E4,Instagram,1,4
AF-EF7CDBE0E4,X,0,0
AF-EF7CDBE0E4,Facebook,0,0
AF-EF7CDBE0E4,TikTok,0,0
AF-EF7CDBE0E4,YouTube,1,5
AF-B2117015C6,Instagram,0,0
AF-B2117015C6,X,0,0
AF-B2117015C6,Facebook,0,0
AF-B2117015C6,TikTok,0,0
AF-B2117015C6,YouTube,0,0
AF-7425A4BA73,Instagram,1,12
AF-7425A4BA73,X,0,0
AF-7425A4BA73,Facebook,1,14
AF-7425A4BA73,TikTok,0,0
AF-7425A4BA73,YouTube,1,23
AF-97461CE226,Instagram,1,4
AF-97461CE226,X,1,27
AF-97461CE226,Facebook,0,0
AF-97461CE226,TikTok,1,21
AF-97461CE226,YouTube,0,0
AF-26725729A2,Instagram,1,37
AF-26725729A2,X,0,0
AF-26725729A2,Facebook,1,56
AF-26725729A2,TikTok,1,46
AF-26725729A2,YouTube,0,0
AF-E643716928,Instagram,1,6
AF-E643716928,X,1,3
AF-E643716928,Facebook,0,0
AF-E643716928,TikTok,1,4
AF-E643716928,YouTube,0,0
AF-EE669B5438,Instagram,1,1
AF-EE669B5438,X,0,0
AF-EE669B5438,Facebook,0,0
AF-EE669B5438,TikTok,0,0
AF-EE669B5438,YouTube,0,0
AF-942B80F7DF,Instagram,1,15
AF-942B80F7DF,X,0,0
AF-942B80F7DF,Facebook,0,0
AF-942B80F7DF,TikTok,0,0
AF-942B80F7DF,YouTube,1,59
AF-9B38096B16,Instagram,0,0
AF-9B38096B16,X,0,0
AF-9B38096B16,Facebook,1,91
AF-9B38096B16,TikTok,0,0
AF-9B38096B16,YouTube,0,0
AF-A2B6DEE9D6,Instagram,1,9
AF-A2B6DEE9D6,X,0,0
AF-A2B6DEE9D6,Facebook,0,0
AF-A2B6DEE9D6,TikTok,1,14
AF-A2B6DEE9D6,YouTube,0,0
AF-7211CAF04E,Instagram,1,25
AF-7211CAF04E,X,1,48
AF-7211CAF04E,Facebook,0,0
AF-7211CAF04E,TikTok,1,8
AF-7211CAF04E,YouTube,1,56
AF-32B6B8F809,Instagram,0,0
AF-32B6B8F809,X,0,0
AF-32B6B8F809,Facebook,1,52
AF-32B6B8F809,TikTok,0,0
AF-32B6B8F809,YouTube,0,0
AF-6031C61A44,Instagram,1,34
AF-6031C61A44,X,0,0
AF-6031C61A44,Facebook,1,42
AF-6031C61A44,TikTok,0,0
AF-6031C61A44,YouTube,1,27
AF-6D0E90AC99,Instagram,1,1
AF-6D0E90AC99,X,0,0
AF-6D0E90AC99,Facebook,0,0
AF-6D0E90AC99,TikTok,0,0
AF-6D0E90AC99,YouTube,1,58
AF-2FB03E3AE9,Instagram,1,41
AF-2FB03E3AE9,X,0,0
AF-2FB03E3AE9,Facebook,0,0
AF-2FB03E3AE9,TikTok,1,15
AF-2FB03E3AE9,YouTube,1,35
AF-A1D89D1E17,Instagram,0,0
AF-A1D89D1E17,X,1,0
AF-A1D89D1E17,Facebook,1,6
AF-A1D89D1E17,TikTok,0,0
AF-A1D89D1E17,YouTube,1,3
AF-74C32E08F3,Instagram,1,3
AF-74C32E08F3,X,0,0
AF-74C32E08F3,Facebook,1,22
AF-74C32E08F3,TikTok,0,0
AF-74C32E08F3,YouTube,1,41
AF-7A81E970BD,Instagram,0,0
AF-7A81E970BD,X,1,7
AF-7A81E970BD,Facebook,0,0
AF-7A81E970BD,TikTok,1,5
AF-7A81E970BD,YouTube,0,0
AF-5D71B1690F,Instagram,0,0
AF-5D71B1690F,X,0,0
AF-5D71B1690F,Facebook,0,0
AF-5D71B1690F,TikTok,0,0
AF-5D71B1690F,YouTube,0,0
AF-AD1ABBB16A,Instagram,1,156
AF-AD1ABBB16A,X,0,0
AF-AD1ABBB16A,Facebook,1,86
AF-AD1ABBB16A,TikTok,0,0
AF-AD1ABBB16A,YouTube,1,39
AF-9DB67598D7,Instagram,1,2
AF-9DB67598D7,X,1,17
AF-9DB67598D7,Facebook,0,0
AF-9DB67598D7,TikTok,0,0
AF-9DB67598D7,YouTube,1,33
AF-AC49CE43FC,Instagram,1,2
AF-AC49CE43FC,X,1,4
AF-AC49CE43FC,Facebook,0,0
AF-AC49CE43FC,TikTok,1,8
AF-AC49CE43FC,YouTube,0,0
AF-89D81DE43B,Instagram,1,166
AF-89D81DE43B,X,1,193
AF-89D81DE43B,Facebook,0,0
AF-89D81DE43B,TikTok,1,74
AF-89D81DE43B,YouTube,1,41
AF-4F09C94F6B,Instagram,1,1
AF-4F09C94F6B,X,1,33
AF-4F09C94F6B,Facebook,1,36
AF-4F09C94F6B,TikTok,0,0
AF-4F09C94F6B,YouTube,0,0
AF-B2B8EF2BE1,Instagram,1,80
AF-B2B8EF2BE1,X,0,0
AF-B2B8EF2BE1,Facebook,0,0
AF-B2B8EF2BE1,TikTok,0,0
AF-B2B8EF2BE1,YouTube,0,0
AF-837767BE25,Instagram,0,0
AF-837767BE25,X,0,0
AF-837767BE25,Facebook,1,38
AF-837767BE25,TikTok,1,41
AF-837767BE25,YouTube,0,0
AF-49B98FC918,Instagram,0,0
AF-49B98FC918,X,0,0
AF-49B98FC918,Facebook,1,7
AF-49B98FC918,TikTok,0,0
AF-49B98FC918,YouTube,1,51
AF-4A5049FDAB,Instagram,1,5
AF-4A5049FDAB,X,0,0
AF-4A5049FDAB,Facebook,0,0
AF-4A5049FDAB,TikTok,0,0
AF-4A5049FDAB,YouTube,0,0
AF-F80DBCEDBE,Instagram,0,0
AF-F80DBCEDBE,X,0,0
AF-F80DBCEDBE,Facebook,1,8
AF-F80DBCEDBE,TikTok,0,0
AF-F80DBCEDBE,YouTube,0,0
AF-F5D77309A8,Instagram,1,34
AF-F5D77309A8,X,1,89
AF-F5D77309A8,Facebook,0,0
AF-F5D77309A8,TikTok,0,0
AF-F5D77309A8,YouTube,1,9
AF-D019E6F21E,Instagram,1,21
AF-D019E6F21E,X,1,22
AF-D019E6F21E,Facebook,0,0
AF-D019E6F21E,TikTok,0,0
AF-D019E6F21E,YouTube,1,92
AF-D65191B26C,Instagram,1,28
AF-D65191B26C,X,0,0
AF-D65191B26C,Facebook,1,28
AF-D65191B26C,TikTok,0,0
AF-D65191B26C,YouTube,0,0
AF-076E09C67B,Instagram,1,43
AF-076E09C67B,X,1,3
AF-076E09C67B,Facebook,1,13
AF-076E09C67B,TikTok,0,0
AF-076E09C67B,YouTube,0,0
AF-EDC9062F13,Instagram,1,77
AF-EDC9062F13,X,1,52
AF-EDC9062F13,Facebook,0,0
AF-EDC9062F13,TikTok,0,0
AF-EDC9062F13,YouTube,0,0
AF-785C76ACA5,Instagram,0,0
AF-785C76ACA5,X,0,0
AF-785C76ACA5,Facebook,0,0
AF-785C76ACA5,TikTok,0,0
AF-785C76ACA5,YouTube,0,0
AF-4964E872B3,Instagram,1,4
AF-4964E872B3,X,0,0
AF-4964E872B3,Facebook,1,8
AF-4964E872B3,TikTok,0,0
AF-4964E872B3,YouTube,0,0
AF-85017B25B8,Instagram,1,4
AF-85017B25B8,X,0,0
AF-85017B25B8,Facebook,1,41
AF-85017B25B8,TikTok,1,8
AF-85017B25B8,YouTube,0,0
AF-ECAE472D86,Instagram,1,24
AF-ECAE472D86,X,0,0
AF-ECAE472D86,Facebook,1,74
AF-ECAE472D86,TikTok,1,62
AF-ECAE472D86,YouTube,1,97
AF-9F6CAF40B7,Instagram,1,22
AF-9F6CAF40B7,X,1,117
AF-9F6CAF40B7,Facebook,0,0
AF-9F6CAF40B7,TikTok,1,12
AF-9F6CAF40B7,YouTube,1,34
AF-12623AE27D,Instagram,1,13
AF-12623AE27D,X,1,58
AF-12623AE27D,Facebook,1,50
AF-12623AE27D,TikTok,0,0
AF-12623AE27D,YouTube,0,0
AF-2D0CAF1507,Instagram,1,98
AF-2D0CAF1507,X,0,0
AF-2D0CAF1507,Facebook,0,0
AF-2D0CAF1507,TikTok,0,0
AF-2D0CAF1507,YouTube,1,110
AF-41E7C879CB,Instagram,0,0
AF-41E7C879CB,X,0,0
AF-41E7C879CB,Facebook,0,0
AF-41E7C879CB,TikTok,0,0
AF-41E7C879CB,YouTube,1,8
AF-A4EEECF670,Instagram,1,43
AF-A4EEECF670,X,1,17
AF-A4EEECF670,Facebook,0,0
AF-A4EEECF670,TikTok,0,0
AF-A4EEECF670,YouTube,0,0
AF-445D60A9A5,Instagram,1,12
AF-445D60A9A5,X,1,44
AF-445D60A9A5,Facebook,1,115
AF-445D60A9A5,TikTok,1,28
AF-445D60A9A5,YouTube,1,25
AF-D33A020946,Instagram,1,33
AF-D33A020946,X,0,0
AF-D33A020946,Facebook,1,118
AF-D33A020946,TikTok,1,31
AF-D33A020946,YouTube,0,0
AF-71DE95CC9E,Instagram,1,38
AF-71DE95CC9E,X,1,10
AF-71DE95CC9E,Facebook,1,19
AF-71DE95CC9E,TikTok,0,0
AF-71DE95CC9E,YouTube,1,35
AF-20F26FED39,Instagram,1,15
AF-20F26FED39,X,1,10
AF-20F26FED39,Facebook,0,0
AF-20F26FED39,TikTok,0,0
AF-20F26FED39,YouTube,0,0
AF-A16A59BF40,Instagram,0,0
AF-A16A59BF40,X,1,44
AF-A16A59BF40,Facebook,0,0
AF-A16A59BF40,TikTok,1,27
AF-A16A59BF40,YouTube,1,8
AF-E6B1572580,Instagram,0,0
AF-E6B1572580,X,1,54
AF-E6B1572580,Facebook,1,14
AF-E6B1572580,TikTok,0,0
AF-E6B1572580,YouTube,0,0
AF-5AB22884B3,Instagram,1,55
AF-5AB22884B3,X,1,25
AF-5AB22884B3,Facebook,1,57
AF-5AB22884B3,TikTok,1,108
AF-5AB22884B3,YouTube,0,0
AF-D5545C86D5,Instagram,1,104
AF-D5545C86D5,X,1,35
AF-D5545C86D5,Facebook,1,27
AF-D5545C86D5,TikTok,0,0
AF-D5545C86D5,YouTube,1,108
AF-E8471D527C,Instagram,1,9
AF-E8471D527C,X,0,0
AF-E8471D527C,Facebook,0,0
AF-E8471D527C,TikTok,0,0
AF-E8471D527C,YouTube,0,0
AF-623F68C917,Instagram,1,15
AF-623F68C917,X,1,18
AF-623F68C917,Facebook,1,30
AF-623F68C917,TikTok,0,0
AF-623F68C917,YouTube,0,0
AF-5ED170D014,Instagram,1,56
AF-5ED170D014,X,1,14
AF-5ED170D014,Facebook,1,54
AF-5ED170D014,TikTok,0,0
AF-5ED170D014,YouTube,0,0
AF-7757FC21A2,Instagram,1,1
AF-7757FC21A2,X,0,0
AF-7757FC21A2,Facebook,1,62
AF-7757FC21A2,TikTok,0,0
AF-7757FC21A2,YouTube,1,52
AF-8F88B5FC29,Instagram,1,42
AF-8F88B5FC29,X,0,0
AF-8F88B5FC29,Facebook,1,51
AF-8F88B5FC29,TikTok,1,14
AF-8F88B5FC29,YouTube,1,40
AF-262CEEA441,Instagram,1,130
AF-262CEEA441,X,1,13
AF-262CEEA441,Facebook,0,0
AF-262CEEA441,TikTok,0,0
AF-262CEEA441,YouTube,0,0
AF-09F8233C0A,Instagram,1,6
AF-09F8233C0A,X,0,0
AF-09F8233C0A,Facebook,1,45
AF-09F8233C0A,TikTok,0,0
AF-09F8233C0A,YouTube,1,55
AF-47DD2669D9,Instagram,0,0
AF-47DD2669D9,X,1,16
AF-47DD2669D9,Facebook,1,36
AF-47DD2669D9,TikTok,0,0
AF-47DD2669D9,YouTube,0,0
AF-806A463418,Instagram,1,22
AF-806A463418,X,1,31
AF-806A463418,Facebook,0,0
AF-806A463418,TikTok,0,0
AF-806A463418,YouTube,0,0
AF-E0A8AA3606,Instagram,1,7
AF-E0A8AA3606,X,0,0
AF-E0A8AA3606,Facebook,0,0
AF-E0A8AA3606,TikTok,1,39
AF-E0A8AA3606,YouTube,1,76
AF-61B7EE7B98,Instagram,0,0
AF-61B7EE7B98,X,0,0
AF-61B7EE7B98,Facebook,0,0
AF-61B7EE7B98,TikTok,0,0
AF-61B7EE7B98,YouTube,1,12
AF-118042060B,Instagram,0,0
AF-118042060B,X,0,0
AF-118042060B,Facebook,0,0
AF-118042060B,TikTok,0,0
AF-118042060B,YouTube,0,0
AF-3EB5B4557D,Instagram,1,27
AF-3EB5B4557D,X,0,0
AF-3EB5B4557D,Facebook,0,0
AF-3EB5B4557D,TikTok,0,0
AF-3EB5B4557D,YouTube,0,0
AF-4EC82DA97D,Instagram,1,66
AF-4EC82DA97D,X,1,19
AF-4EC82DA97D,Facebook,0,0
AF-4EC82DA97D,TikTok,1,31
AF-4EC82DA97D,YouTube,0,0
AF-04D0F10B98,Instagram,1,29
AF-04D0F10B98,X,0,0
AF-04D0F10B98,Facebook,0,0
AF-04D0F10B98,TikTok,0,0
AF-04D0F10B98,YouTube,1,81
AF-C245DC3177,Instagram,0,0
AF-C245DC3177,X,1,28
AF-C245DC3177,Facebook,0,0
AF-C245DC3177,TikTok,0,0
AF-C245DC3177,YouTube,0,0
AF-04DBEBA3C5,Instagram,1,2
AF-04DBEBA3C5,X,1,44
AF-04DBEBA3C5,Facebook,0,0
AF-04DBEBA3C5,TikTok,1,9
AF-04DBEBA3C5,YouTube,1,7
AF-B6CE9C5AFC,Instagram,1,32
AF-B6CE9C5AFC,X,1,9
AF-B6CE9C5AFC,Facebook,0,0
AF-B6CE9C5AFC,TikTok,1,34
AF-B6CE9C5AFC,YouTube,1,10
AF-4FEBC00860,Instagram,1,50
AF-4FEBC00860,X,1,39
AF-4FEBC00860,Facebook,1,52
AF-4FEBC00860,TikTok,0,0
AF-4FEBC00860,YouTube,0,0
AF-946C2AC3B0,Instagram,0,0
AF-946C2AC3B0,X,1,44
AF-946C2AC3B0,Facebook,0,0
AF-946C2AC3B0,TikTok,1,105
AF-946C2AC3B0,YouTube,0,0
AF-F7815FC299,Instagram,1,17
AF-F7815FC299,X,1,40
AF-F7815FC299,Facebook,1,119
AF-F7815FC299,TikTok,0,0
AF-F7815FC299,YouTube,1,10
AF-228374CD90,Instagram,1,33
AF-228374CD90,X,1,81
AF-228374CD90,Facebook,0,0
AF-228374CD90,TikTok,1,74
AF-228374CD90,YouTube,0,0
AF-69E234ECF6,Instagram,0,0
AF-69E234ECF6,X,1,44
AF-69E234ECF6,Facebook,1,27
AF-69E234ECF6,TikTok,0,0
AF-69E234ECF6,YouTube,0,0
AF-5057911E8E,Instagram,1,6
AF-5057911E8E,X,0,0
AF-5057911E8E,Facebook,0,0
AF-5057911E8E,TikTok,0,0
AF-5057911E8E,YouTube,1,25
AF-027ECD0846,Instagram,1,22
AF-027ECD0846,X,1,8
AF-027ECD0846,Facebook,1,115
AF-027ECD0846,TikTok,0,0
AF-027ECD0846,YouTube,0,0
AF-3D1827CA97,Instagram,1,29
AF-3D1827CA97,X,0,0
AF-3D1827CA97,Facebook,1,16
AF-3D1827CA97,TikTok,1,39
AF-3D1827CA97,YouTube,1,28
AF-3A97ABB22B,Instagram,0,0
AF-3A97ABB22B,X,1,40
AF-3A97ABB22B,Facebook,0,0
AF-3A97ABB22B,TikTok,0,0
AF-3A97ABB22B,YouTube,1,12
AF-C487B546D4,Instagram,1,17
AF-C487B546D4,X,0,0
AF-C487B546D4,Facebook,0,0
AF-C487B546D4,TikTok,0,0
AF-C487B546D4,YouTube,1,3
AF-17D1B3DB60,Instagram,1,217
AF-17D1B3DB60,X,0,0
AF-17D1B3DB60,Facebook,0,0
AF-17D1B3DB60,TikTok,0,0
AF-17D1B3DB60,YouTube,0,0
AF-CB99CADC91,Instagram,1,76
AF-CB99CADC91,X,0,0
AF-CB99CADC91,Facebook,0,0
AF-CB99CADC91,TikTok,0,0
AF-CB99CADC91,YouTube,1,158
AF-0F2D8761CA,Instagram,1,92
AF-0F2D8761CA,X,1,25
AF-0F2D8761CA,Facebook,0,0
AF-0F2D8761CA,TikTok,1,21
AF-0F2D8761CA,YouTube,1,75
AF-0A5B837F85,Instagram,1,18
AF-0A5B837F85,X,1,7
AF-0A5B837F85,Facebook,1,22
AF-0A5B837F85,TikTok,1,31
AF-0A5B837F85,YouTube,0,0
AF-02C82EFF49,Instagram,1,20
AF-02C82EFF49,X,1,70
AF-02C82EFF49,Facebook,1,30
AF-02C82EFF49,TikTok,1,25
AF-02C82EFF49,YouTube,0,0
AF-D1FA14B7A6,Instagram,1,43
AF-D1FA14B7A6,X,0,0
AF-D1FA14B7A6,Facebook,1,28
AF-D1FA14B7A6,TikTok,0,0
AF-D1FA14B7A6,YouTube,0,0
AF-B6A9ABC3B4,Instagram,0,0
AF-B6A9ABC3B4,X,1,88
AF-B6A9ABC3B4,Facebook,1,30
AF-B6A9ABC3B4,TikTok,0,0
AF-B6A9ABC3B4,YouTube,1,31
AF-FB5CBC2F98,Instagram,0,0
AF-FB5CBC2F98,X,1,11
AF-FB5CBC2F98,Facebook,0,0
AF-FB5CBC2F98,TikTok,0,0
AF-FB5CBC2F98,YouTube,1,79
AF-1A96AEB0B6,Instagram,1,57
AF-1A96AEB0B6,X,0,0
AF-1A96AEB0B6,Facebook,1,23
AF-1A96AEB0B6,TikTok,1,95
AF-1A96AEB0B6,YouTube,0,0
AF-7730FD8905,Instagram,1,16
AF-7730FD8905,X,0,0
AF-7730FD8905,Facebook,1,16
AF-7730FD8905,TikTok,1,13
AF-7730FD8905,YouTube,0,0
AF-B6E1A8468B,Instagram,1,1
AF-B6E1A8468B,X,0,0
AF-B6E1A8468B,Facebook,0,0
AF-B6E1A8468B,TikTok,0,0
AF-B6E1A8468B,YouTube,0,0
AF-643B8C46A6,Instagram,1,16
AF-643B8C46A6,X,0,0
AF-643B8C46A6,Facebook,1,39
AF-643B8C46A6,TikTok,0,0
AF-643B8C46A6,YouTube,0,0
AF-8A1E1404DE,Instagram,0,0
AF-8A1E1404DE,X,0,0
AF-8A1E1404DE,Facebook,0,0
AF-8A1E1404DE,TikTok,0,0
AF-8A1E1404DE,YouTube,0,0
AF-784620D50D,Instagram,1,121
AF-784620D50D,X,1,36
AF-784620D50D,Facebook,1,16
AF-784620D50D,TikTok,1,30
AF-784620D50D,YouTube,1,0
AF-90A22B1047,Instagram,1,18
AF-90A22B1047,X,1,84
AF-90A22B1047,Facebook,1,38
AF-90A22B1047,TikTok,0,0
AF-90A22B1047,YouTube,0,0
AF-95C66B4A9F,Instagram,0,0
AF-95C66B4A9F,X,0,0
AF-95C66B4A9F,Facebook,0,0
AF-95C66B4A9F,TikTok,1,42
AF-95C66B4A9F,YouTube,1,82
AF-565236F9D3,Instagram,1,115
AF-565236F9D3,X,0,0
AF-565236F9D3,Facebook,1,45
AF-565236F9D3,TikTok,0,0
AF-565236F9D3,YouTube,1,151
AF-4534C1FDBB,Instagram,1,4
AF-4534C1FDBB,X,0,0
AF-4534C1FDBB,Facebook,0,0
AF-4534C1FDBB,TikTok,0,0
AF-4534C1FDBB,YouTube,0,0
AF-771D836FA3,Instagram,1,50
AF-771D836FA3,X,1,1
AF-771D836FA3,Facebook,0,0
AF-771D836FA3,TikTok,0,0
AF-771D836FA3,YouTube,0,0
AF-2C86A8F215,Instagram,1,29
AF-2C86A8F215,X,0,0
AF-2C86A8F215,Facebook,1,24
AF-2C86A8F215,TikTok,0,0
AF-2C86A8F215,YouTube,1,20
AF-39AB1EBECF,Instagram,0,0
AF-39AB1EBECF,X,0,0
AF-39AB1EBECF,Facebook,1,10
AF-39AB1EBECF,TikTok,0,0
AF-39AB1EBECF,YouTube,0,0
AF-9AEC85D6A7,Instagram,1,31
AF-9AEC85D6A7,X,0,0
AF-9AEC85D6A7,Facebook,0,0
AF-9AEC85D6A7,TikTok,1,7
AF-9AEC85D6A7,YouTube,0,0
AF-2135549A0A,Instagram,0,0
AF-2135549A0A,X,0,0
AF-2135549A0A,Facebook,1,11
AF-2135549A0A,TikTok,0,0
AF-2135549A0A,YouTube,0,0
AF-E25A1063D1,Instagram,1,25
AF-E25A1063D1,X,1,16
AF-E25A1063D1,Facebook,1,14
AF-E25A1063D1,TikTok,0,0
AF-E25A1063D1,YouTube,0,0
AF-06E796FFEA,Instagram,0,0
AF-06E796FFEA,X,1,21
AF-06E796FFEA,Facebook,1,17
AF-06E796FFEA,TikTok,0,0
AF-06E796FFEA,YouTube,0,0
AF-063725924D,Instagram,1,52
AF-063725924D,X,1,44
AF-063725924D,Facebook,1,21
AF-063725924D,TikTok,1,18
AF-063725924D,YouTube,1,19
AF-3005BC14AD,Instagram,1,6
AF-3005BC14AD,X,1,26
AF-3005BC14AD,Facebook,0,0
AF-3005BC14AD,TikTok,0,0
AF-3005BC14AD,YouTube,0,0
AF-7168C9948C,Instagram,0,0
AF-7168C9948C,X,1,20
AF-7168C9948C,Facebook,1,8
AF-7168C9948C,TikTok,0,0
AF-7168C9948C,YouTube,1,18
AF-22BCC89F0E,Instagram,1,37
AF-22BCC89F0E,X,1,8
AF-22BCC89F0E,Facebook,0,0
AF-22BCC89F0E,TikTok,0,0
AF-22BCC89F0E,YouTube,0,0
AF-783CEED859,Instagram,1,24
AF-783CEED859,X,1,24
AF-783CEED859,Facebook,1,59
AF-783CEED859,TikTok,0,0
AF-783CEED859,YouTube,1,61
AF-3C8BF629BC,Instagram,1,4
AF-3C8BF629BC,X,0,0
AF-3C8BF629BC,Facebook,1,12
AF-3C8BF629BC,TikTok,0,0
AF-3C8BF629BC,YouTube,0,0
AF-7E6B957EEC,Instagram,0,0
AF-7E6B957EEC,X,1,6
AF-7E6B957EEC,Facebook,1,23
AF-7E6B957EEC,TikTok,0,0
AF-7E6B957EEC,YouTube,0,0
AF-EDE444A92F,Instagram,1,29
AF-EDE444A92F,X,0,0
AF-EDE444A92F,Facebook,1,47
AF-EDE444A92F,TikTok,0,0
AF-EDE444A92F,YouTube,1,24
AF-43EE528EDF,Instagram,0,0
AF-43EE528EDF,X,1,18
AF-43EE528EDF,Facebook,0,0
AF-43EE528EDF,TikTok,0,0
AF-43EE528EDF,YouTube,0,0
AF-BDA0BD8B3A,Instagram,0,0
AF-BDA0BD8B3A,X,0,0
AF-BDA0BD8B3A,Facebook,1,22
AF-BDA0BD8B3A,TikTok,0,0
AF-BDA0BD8B3A,YouTube,0,0
AF-8ACBF0FB02,Instagram,0,0
AF-8ACBF0FB02,X,1,41
AF-8ACBF0FB02,Facebook,0,0
AF-8ACBF0FB02,TikTok,0,0
AF-8ACBF0FB02,YouTube,1,12
AF-C0C696BEE6,Instagram,0,0
AF-C0C696BEE6,X,1,10
AF-C0C696BEE6,Facebook,0,0
AF-C0C696BEE6,TikTok,1,36
AF-C0C696BEE6,YouTube,1,59
AF-5726AA5B69,Instagram,1,75
AF-5726AA5B69,X,1,15
AF-5726AA5B69,Facebook,0,0
AF-5726AA5B69,TikTok,1,44
AF-5726AA5B69,YouTube,0,0
AF-61D4F0275F,Instagram,0,0
AF-61D4F0275F,X,1,3
AF-61D4F0275F,Facebook,1,20
AF-61D4F0275F,TikTok,0,0
AF-61D4F0275F,YouTube,0,0
AF-FD169E6D4F,Instagram,1,17
AF-FD169E6D4F,X,1,9
AF-FD169E6D4F,Facebook,0,0
AF-FD169E6D4F,TikTok,0,0
AF-FD169E6D4F,YouTube,0,0
AF-E477BF3742,Instagram,1,33
AF-E477BF3742,X,0,0
AF-E477BF3742,Facebook,1,50
AF-E477BF3742,TikTok,1,89
AF-E477BF3742,YouTube,0,0
AF-A9B515885B,Instagram,0,0
AF-A9B515885B,X,0,0
AF-A9B515885B,Facebook,1,8
AF-A9B515885B,TikTok,0,0
AF-A9B515885B,YouTube,0,0
AF-A0EEA451DD,Instagram,0,0
AF-A0EEA451DD,X,1,29
AF-A0EEA451DD,Facebook,1,15
AF-A0EEA451DD,TikTok,0,0
AF-A0EEA451DD,YouTube,1,8
AF-1DE6615CB1,Instagram,0,0
AF-1DE6615CB1,X,0,0
AF-1DE6615CB1,Facebook,1,12
AF-1DE6615CB1,TikTok,0,0
AF-1DE6615CB1,YouTube,0,0
AF-E78600F0D8,Instagram,1,9
AF-E78600F0D8,X,0,0
AF-E78600F0D8,Facebook,0,0
AF-E78600F0D8,TikTok,0,0
AF-E78600F0D8,YouTube,0,0
AF-73DD7B46B1,Instagram,0,0
AF-73DD7B46B1,X,0,0
AF-73DD7B46B1,Facebook,0,0
AF-73DD7B46B1,TikTok,0,0
AF-73DD7B46B1,YouTube,0,0
AF-02A35A9D15,Instagram,1,9
AF-02A35A9D15,X,1,16
AF-02A35A9D15,Facebook,1,48
AF-02A35A9D15,TikTok,0,0
AF-02A35A9D15,YouTube,0,0
AF-2424356104,Instagram,1,71
AF-2424356104,X,1,17
AF-2424356104,Facebook,0,0
AF-2424356104,TikTok,0,0
AF-2424356104,YouTube,0,0
AF-9054BE71B0,Instagram,1,35
AF-9054BE71B0,X,1,41
AF-9054BE71B0,Facebook,0,0
AF-9054BE71B0,TikTok,0,0
AF-9054BE71B0,YouTube,0,0
AF-0D4054E384,Instagram,1,25
AF-0D4054E384,X,1,143
AF-0D4054E384,Facebook,1,22
AF-0D4054E384,TikTok,0,0
AF-0D4054E384,YouTube,1,73
AF-D14DF871ED,Instagram,1,9
AF-D14DF871ED,X,0,0
AF-D14DF871ED,Facebook,1,17
AF-D14DF871ED,TikTok,0,0
AF-D14DF871ED,YouTube,0,0
AF-D4B0D79CB5,Instagram,1,50
AF-D4B0D79CB5,X,0,0
AF-D4B0D79CB5,Facebook,1,48
AF-D4B0D79CB5,TikTok,0,0
AF-D4B0D79CB5,YouTube,0,0
AF-F4E6EAE2E4,Instagram,1,50
AF-F4E6EAE2E4,X,0,0
AF-F4E6EAE2E4,Facebook,1,138
AF-F4E6EAE2E4,TikTok,1,17
AF-F4E6EAE2E4,YouTube,1,20
AF-921575732B,Instagram,1,21
AF-921575732B,X,0,0
AF-921575732B,Facebook,1,13
AF-921575732B,TikTok,1,59
AF-921575732B,YouTube,0,0
AF-6048248F7E,Instagram,1,101
AF-6048248F7E,X,1,53
AF-6048248F7E,Facebook,0,0
AF-6048248F7E,TikTok,1,87
AF-6048248F7E,YouTube,1,87
AF-0CA63A9E97,Instagram,0,0
AF-0CA63A9E97,X,1,83
AF-0CA63A9E97,Facebook,1,4
AF-0CA63A9E97,TikTok,1,44
AF-0CA63A9E97,YouTube,0,0
AF-CAA11DA12E,Instagram,1,69
AF-CAA11DA12E,X,0,0
AF-CAA11DA12E,Facebook,0,0
AF-CAA11DA12E,TikTok,1,41
AF-CAA11DA12E,YouTube,0,0
AF-31A188280B,Instagram,1,12
AF-31A188280B,X,1,11
AF-31A188280B,Facebook,0,0
AF-31A188280B,TikTok,0,0
AF-31A188280B,YouTube,1,20
AF-4C8F46E88C,Instagram,1,28
AF-4C8F46E88C,X,1,28
AF-4C8F46E88C,Facebook,0,0
AF-4C8F46E88C,TikTok,0,0
AF-4C8F46E88C,YouTube,0,0
AF-B6AA621009,Instagram,1,26
AF-B6AA621009,X,1,52
AF-B6AA621009,Facebook,0,0
AF-B6AA621009,TikTok,1,42
AF-B6AA621009,YouTube,1,53
AF-064EE74A7A,Instagram,1,13
AF-064EE74A7A,X,0,0
AF-064EE74A7A,Facebook,1,99
AF-064EE74A7A,TikTok,0,0
AF-064EE74A7A,YouTube,0,0
AF-6E7ADDFE8E,Instagram,1,39
AF-6E7ADDFE8E,X,1,12
AF-6E7ADDFE8E,Facebook,0,0
AF-6E7ADDFE8E,TikTok,0,0
AF-6E7ADDFE8E,YouTube,1,20
AF-71240194AA,Instagram,1,42
AF-71240194AA,X,0,0
AF-71240194AA,Facebook,1,60
AF-71240194AA,TikTok,1,78
AF-71240194AA,YouTube,1,189
AF-DCCE581116,Instagram,1,21
AF-DCCE581116,X,0,0
AF-DCCE581116,Facebook,1,66
AF-DCCE581116,TikTok,1,13
AF-DCCE581116,YouTube,0,0
AF-73BDBBB15B,Instagram,0,0
AF-73BDBBB15B,X,0,0
AF-73BDBBB15B,Facebook,0,0
AF-73BDBBB15B,TikTok,1,9
AF-73BDBBB15B,YouTube,0,0
AF-BF2AA16B02,Instagram,1,15
AF-BF2AA16B02,X,0,0
AF-BF2AA16B02,Facebook,0,0
AF-BF2AA16B02,TikTok,0,0
AF-BF2AA16B02,YouTube,1,12
AF-B8BD5FC0D3,Instagram,1,9
AF-B8BD5FC0D3,X,0,0
AF-B8BD5FC0D3,Facebook,0,0
AF-B8BD5FC0D3,TikTok,0,0
AF-B8BD5FC0D3,YouTube,0,0
AF-BF211F57B8,Instagram,0,0
AF-BF211F57B8,X,0,0
AF-BF211F57B8,Facebook,1,44
AF-BF211F57B8,TikTok,0,0
AF-BF211F57B8,YouTube,0,0
AF-B8680FC0DE,Instagram,0,0
AF-B8680FC0DE,X,1,3
AF-B8680FC0DE,Facebook,0,0
AF-B8680FC0DE,TikTok,0,0
AF-B8680FC0DE,YouTube,0,0
AF-6739DA3921,Instagram,1,8
AF-6739DA3921,X,0,0
AF-6739DA3921,Facebook,1,10
AF-6739DA3921,TikTok,0,0
AF-6739DA3921,YouTube,0,0
AF-7286602DA8,Instagram,0,0
AF-7286602DA8,X,1,107
AF-7286602DA8,Facebook,0,0
AF-7286602DA8,TikTok,0,0
AF-7286602DA8,YouTube,0,0
AF-D2C1306F5E,Instagram,1,31
AF-D2C1306F5E,X,0,0
AF-D2C1306F5E,Facebook,0,0
AF-D2C1306F5E,TikTok,0,0
AF-D2C1306F5E,YouTube,0,0
AF-D672183C04,Instagram,1,19
AF-D672183C04,X,0,0
AF-D672183C04,Facebook,0,0
AF-D672183C04,TikTok,1,9
AF-D672183C04,YouTube,1,24
AF-E9715A55AC,Instagram,1,27
AF-E9715A55AC,X,0,0
AF-E9715A55AC,Facebook,1,7
AF-E9715A55AC,TikTok,1,11
AF-E9715A55AC,YouTube,1,2
AF-7490BA31EB,Instagram,1,57
AF-7490BA31EB,X,0,0
AF-7490BA31EB,Facebook,1,41
AF-7490BA31EB,TikTok,0,0
AF-7490BA31EB,YouTube,0,0
AF-DDAC028467,Instagram,1,78
AF-DDAC028467,X,0,0
AF-DDAC028467,Facebook,0,0
AF-DDAC028467,TikTok,0,0
AF-DDAC028467,YouTube,0,0
AF-95E7FBD226,Instagram,1,16
AF-95E7FBD226,X,0,0
AF-95E7FBD226,Facebook,1,88
AF-95E7FBD226,TikTok,0,0
AF-95E7FBD226,YouTube,1,53
AF-56CBCA4EC9,Instagram,1,32
AF-56CBCA4EC9,X,0,0
AF-56CBCA4EC9,Facebook,0,0
AF-56CBCA4EC9,TikTok,1,44
AF-56CBCA4EC9,YouTube,1,68
AF-32CBDF5462,Instagram,1,10
AF-32CBDF5462,X,1,45
AF-32CBDF5462,Facebook,1,29
AF-32CBDF5462,TikTok,1,10
AF-32CBDF5462,YouTube,0,0
AF-E37E95AB99,Instagram,1,10
AF-E37E95AB99,X,0,0
AF-E37E95AB99,Facebook,1,12
AF-E37E95AB99,TikTok,0,0
AF-E37E95AB99,YouTube,1,69
AF-54C581C079,Instagram,0,0
AF-54C581C079,X,0,0
AF-54C581C079,Facebook,1,31
AF-54C581C079,TikTok,0,0
AF-54C581C079,YouTube,0,0
AF-E350A07C33,Instagram,0,0
AF-E350A07C33,X,0,0
AF-E350A07C33,Facebook,0,0
AF-E350A07C33,TikTok,0,0
AF-E350A07C33,YouTube,0,0
AF-E91D4B70F7,Instagram,0,0
AF-E91D4B70F7,X,0,0
AF-E91D4B70F7,Facebook,0,0
AF-E91D4B70F7,TikTok,0,0
AF-E91D4B70F7,YouTube,0,0
AF-F1AE71CD27,Instagram,1,11
AF-F1AE71CD27,X,0,0
AF-F1AE71CD27,Facebook,0,0
AF-F1AE71CD27,TikTok,1,23
AF-F1AE71CD27,YouTube,0,0
AF-B3125BD73A,Instagram,1,43
AF-B3125BD73A,X,0,0
AF-B3125BD73A,Facebook,1,29
AF-B3125BD73A,TikTok,0,0
AF-B3125BD73A,YouTube,0,0
AF-AAF28C306F,Instagram,1,24
AF-AAF28C306F,X,0,0
AF-AAF28C306F,Facebook,1,11
AF-AAF28C306F,TikTok,0,0
AF-AAF28C306F,YouTube,1,61
AF-BA6218848A,Instagram,1,252
AF-BA6218848A,X,0,0
AF-BA6218848A,Facebook,0,0
AF-BA6218848A,TikTok,1,9
AF-BA6218848A,YouTube,0,0
AF-E51BBBA74D,Instagram,1,25
AF-E51BBBA74D,X,0,0
AF-E51BBBA74D,Facebook,1,17
AF-E51BBBA74D,TikTok,0,0
AF-E51BBBA74D,YouTube,1,3
AF-8E007AC831,Instagram,1,20
AF-8E007AC831,X,0,0
AF-8E007AC831,Facebook,0,0
AF-8E007AC831,TikTok,1,33
AF-8E007AC831,YouTube,0,0
AF-23E7CD97FB,Instagram,1,46
AF-23E7CD97FB,X,1,58
AF-23E7CD97FB,Facebook,0,0
AF-23E7CD97FB,TikTok,1,34
AF-23E7CD97FB,YouTube,0,0
AF-7C70190008,Instagram,0,0
AF-7C70190008,X,0,0
AF-7C70190008,Facebook,1,11
AF-7C70190008,TikTok,0,0
AF-7C70190008,YouTube,1,56
AF-9E92A11AE0,Instagram,1,22
AF-9E92A11AE0,X,0,0
AF-9E92A11AE0,Facebook,1,80
AF-9E92A11AE0,TikTok,0,0
AF-9E92A11AE0,YouTube,1,63
AF-7F077038DA,Instagram,1,125
AF-7F077038DA,X,1,36
AF-7F077038DA,Facebook,1,42
AF-7F077038DA,TikTok,1,197
AF-7F077038DA,YouTube,1,77
AF-2E38C94BD4,Instagram,1,31
AF-2E38C94BD4,X,1,13
AF-2E38C94BD4,Facebook,0,0
AF-2E38C94BD4,TikTok,0,0
AF-2E38C94BD4,YouTube,0,0
AF-F8B3798CFF,Instagram,1,24
AF-F8B3798CFF,X,1,56
AF-F8B3798CFF,Facebook,0,0
AF-F8B3798CFF,TikTok,0,0
AF-F8B3798CFF,YouTube,1,77
AF-B17A0635D6,Instagram,1,3
AF-B17A0635D6,X,0,0
AF-B17A0635D6,Facebook,1,8
AF-B17A0635D6,TikTok,0,0
AF-B17A0635D6,YouTube,0,0
AF-F06C58B2ED,Instagram,1,15
AF-F06C58B2ED,X,1,12
AF-F06C58B2ED,Facebook,1,1
AF-F06C58B2ED,TikTok,0,0
AF-F06C58B2ED,YouTube,1,30
AF-1ED2719FF6,Instagram,0,0
AF-1ED2719FF6,X,0,0
AF-1ED2719FF6,Facebook,0,0
AF-1ED2719FF6,TikTok,0,0
AF-1ED2719FF6,YouTube,1,1
AF-2C88736DDF,Instagram,1,44
AF-2C88736DDF,X,0,0
AF-2C88736DDF,Facebook,0,0
AF-2C88736DDF,TikTok,1,26
AF-2C88736DDF,YouTube,0,0
AF-5EA0C192C0,Instagram,1,16
AF-5EA0C192C0,X,1,25
AF-5EA0C192C0,Facebook,0,0
AF-5EA0C192C0,TikTok,0,0
AF-5EA0C192C0,YouTube,0,0
AF-A8BA719393,Instagram,1,18
AF-A8BA719393,X,1,9
AF-A8BA719393,Facebook,0,0
AF-A8BA719393,TikTok,1,30
AF-A8BA719393,YouTube,0,0
AF-25AC913C63,Instagram,0,0
AF-25AC913C63,X,0,0
AF-25AC913C63,Facebook,1,23
AF-25AC913C63,TikTok,0,0
AF-25AC913C63,YouTube,0,0
AF-15816AB56F,Instagram,1,12
AF-15816AB56F,X,0,0
AF-15816AB56F,Facebook,1,5
AF-15816AB56F,TikTok,0,0
AF-15816AB56F,YouTube,0,0
AF-3B299DF653,Instagram,0,0
AF-3B299DF653,X,1,68
AF-3B299DF653,Facebook,1,67
AF-3B299DF653,TikTok,0,0
AF-3B299DF653,YouTube,1,48
AF-FE4ED3A507,Instagram,1,36
AF-FE4ED3A507,X,0,0
AF-FE4ED3A507,Facebook,0,0
AF-FE4ED3A507,TikTok,0,0
AF-FE4ED3A507,YouTube,1,3
AF-E304D4E58A,Instagram,0,0
AF-E304D4E58A,X,1,13
AF-E304D4E58A,Facebook,1,51
AF-E304D4E58A,TikTok,0,0
AF-E304D4E58A,YouTube,1,33
AF-A514E7F4C4,Instagram,0,0
AF-A514E7F4C4,X,0,0
AF-A514E7F4C4,Facebook,0,0
AF-A514E7F4C4,TikTok,0,0
AF-A514E7F4C4,YouTube,0,0
AF-A6B472DC62,Instagram,0,0
AF-A6B472DC62,X,0,0
AF-A6B472DC62,Facebook,1,10
AF-A6B472DC62,TikTok,0,0
AF-A6B472DC62,YouTube,0,0
AF-DCE9CF55E3,Instagram,0,0
AF-DCE9CF55E3,X,0,0
AF-DCE9CF55E3,Facebook,1,8
AF-DCE9CF55E3,TikTok,1,3
AF-DCE9CF55E3,YouTube,0,0
AF-BE254D0C5C,Instagram,1,17
AF-BE254D0C5C,X,1,280
AF-BE254D0C5C,Facebook,1,28
AF-BE254D0C5C,TikTok,0,0
AF-BE254D0C5C,YouTube,0,0
AF-B45736132B,Instagram,1,120
AF-B45736132B,X,1,143
AF-B45736132B,Facebook,0,0
AF-B45736132B,TikTok,1,99
AF-B45736132B,YouTube,1,15
AF-EB834A9CC6,Instagram,1,70
AF-EB834A9CC6,X,0,0
AF-EB834A9CC6,Facebook,1,40
AF-EB834A9CC6,TikTok,1,9
AF-EB834A9CC6,YouTube,1,59
AF-528946D5C2,Instagram,1,68
AF-528946D5C2,X,1,29
AF-528946D5C2,Facebook,0,0
AF-528946D5C2,TikTok,0,0
AF-528946D5C2,YouTube,0,0
AF-313D47FAE8,Instagram,1,25
AF-313D47FAE8,X,1,10
AF-313D47FAE8,Facebook,1,29
AF-313D47FAE8,TikTok,0,0
AF-313D47FAE8,YouTube,0,0
AF-06B85A6B73,Instagram,1,58
AF-06B85A6B73,X,0,0
AF-06B85A6B73,Facebook,0,0
AF-06B85A6B73,TikTok,1,23
AF-06B85A6B73,YouTube,1,28
AF-314BAC5A5F,Instagram,0,0
AF-314BAC5A5F,X,0,0
AF-314BAC5A5F,Facebook,1,12
AF-314BAC5A5F,TikTok,0,0
AF-314BAC5A5F,YouTube,0,0
AF-E7F9DD59D3,Instagram,1,7
AF-E7F9DD59D3,X,1,6
AF-E7F9DD59D3,Facebook,1,43
AF-E7F9DD59D3,TikTok,0,0
AF-E7F9DD59D3,YouTube,1,46
AF-B7402D83BE,Instagram,1,15
AF-B7402D83BE,X,1,173
AF-B7402D83BE,Facebook,1,27
AF-B7402D83BE,TikTok,0,0
AF-B7402D83BE,YouTube,0,0
AF-0FEF8001D4,Instagram,1,6
AF-0FEF8001D4,X,0,0
AF-0FEF8001D4,Facebook,1,69
AF-0FEF8001D4,TikTok,1,15
AF-0FEF8001D4,YouTube,1,16
AF-0BB77388F8,Instagram,0,0
AF-0BB77388F8,X,0,0
AF-0BB77388F8,Facebook,1,16
AF-0BB77388F8,TikTok,1,6
AF-0BB77388F8,YouTube,1,18
AF-2D617E94B7,Instagram,1,14
AF-2D617E94B7,X,1,45
AF-2D617E94B7,Facebook,0,0
AF-2D617E94B7,TikTok,0,0
AF-2D617E94B7,YouTube,0,0
AF-811B34569C,Instagram,1,19
AF-811B34569C,X,1,23
AF-811B34569C,Facebook,0,0
AF-811B34569C,TikTok,1,34
AF-811B34569C,YouTube,1,80
AF-6CD6EA2806,Instagram,0,0
AF-6CD6EA2806,X,0,0
AF-6CD6EA2806,Facebook,1,36
AF-6CD6EA2806,TikTok,0,0
AF-6CD6EA2806,YouTube,1,13
AF-6AEC73C448,Instagram,1,15
AF-6AEC73C448,X,1,11
AF-6AEC73C448,Facebook,0,0
AF-6AEC73C448,TikTok,1,53
AF-6AEC73C448,YouTube,0,0
AF-C4AED358FF,Instagram,1,25
AF-C4AED358FF,X,1,144
AF-C4AED358FF,Facebook,0,0
AF-C4AED358FF,TikTok,0,0
AF-C4AED358FF,YouTube,0,0
AF-D33EF28119,Instagram,1,30
AF-D33EF28119,X,0,0
AF-D33EF28119,Facebook,1,21
AF-D33EF28119,TikTok,0,0
AF-D33EF28119,YouTube,0,0
AF-94BFB9A14F,Instagram,0,0
AF-94BFB9A14F,X,1,37
AF-94BFB9A14F,Facebook,0,0
AF-94BFB9A14F,TikTok,0,0
AF-94BFB9A14F,YouTube,1,11
AF-60E3C0FB6B,Instagram,1,26
AF-60E3C0FB6B,X,1,35
AF-60E3C0FB6B,Facebook,1,27
AF-60E3C0FB6B,TikTok,0,0
AF-60E3C0FB6B,YouTube,0,0
AF-054EFC40AB,Instagram,0,0
AF-054EFC40AB,X,0,0
AF-054EFC40AB,Facebook,1,1
AF-054EFC40AB,TikTok,0,0
AF-054EFC40AB,YouTube,0,0
AF-97D3FFD809,Instagram,1,21
AF-97D3FFD809,X,1,12
AF-97D3FFD809,Facebook,1,12
AF-97D3FFD809,TikTok,0,0
AF-97D3FFD809,YouTube,0,0
AF-67199B8249,Instagram,1,49
AF-67199B8249,X,1,14
AF-67199B8249,Facebook,0,0
AF-67199B8249,TikTok,0,0
AF-67199B8249,YouTube,0,0
AF-D60E0395A7,Instagram,1,17
AF-D60E0395A7,X,1,1
AF-D60E0395A7,Facebook,1,34
AF-D60E0395A7,TikTok,0,0
AF-D60E0395A7,YouTube,0,0
AF-B5D3310B39,Instagram,0,0
AF-B5D3310B39,X,1,1
AF-B5D3310B39,Facebook,0,0
AF-B5D3310B39,TikTok,0,0
AF-B5D3310B39,YouTube,0,0
AF-9440E8980A,Instagram,1,20
AF-9440E8980A,X,1,48
AF-9440E8980A,Facebook,0,0
AF-9440E8980A,TikTok,0,0
AF-9440E8980A,YouTube,0,0
AF-45C9E33A76,Instagram,1,32
AF-45C9E33A76,X,1,13
AF-45C9E33A76,Facebook,0,0
AF-45C9E33A76,TikTok,0,0
AF-45C9E33A76,YouTube,0,0
AF-930AF26DB5,Instagram,1,87
AF-930AF26DB5,X,0,0
AF-930AF26DB5,Facebook,0,0
AF-930AF26DB5,TikTok,0,0
AF-930AF26DB5,YouTube,1,25
AF-BC60462A58,Instagram,1,33
AF-BC60462A58,X,1,65
AF-BC60462A58,Facebook,1,13
AF-BC60462A58,TikTok,1,55
AF-BC60462A58,YouTube,1,96
AF-2960F24BB7,Instagram,1,21
AF-2960F24BB7,X,1,27
AF-2960F24BB7,Facebook,0,0
AF-2960F24BB7,TikTok,1,16
AF-2960F24BB7,YouTube,0,0
AF-4A902DE8AB,Instagram,1,40
AF-4A902DE8AB,X,1,45
AF-4A902DE8AB,Facebook,1,6
AF-4A902DE8AB,TikTok,0,0
AF-4A902DE8AB,YouTube,0,0
AF-FD9EBACEF7,Instagram,0,0
AF-FD9EBACEF7,X,0,0
AF-FD9EBACEF7,Facebook,0,0
AF-FD9EBACEF7,TikTok,0,0
AF-FD9EBACEF7,YouTube,0,0
AF-1578816274,Instagram,1,70
AF-1578816274,X,0,0
AF-1578816274,Facebook,1,56
AF-1578816274,TikTok,0,0
AF-1578816274,YouTube,0,0
AF-0FDA4033C8,Instagram,1,13
AF-0FDA4033C8,X,1,17
AF-0FDA4033C8,Facebook,0,0
AF-0FDA4033C8,TikTok,1,29
AF-0FDA4033C8,YouTube,1,108
AF-B6A480694B,Instagram,1,17
AF-B6A480694B,X,1,19
AF-B6A480694B,Facebook,0,0
AF-B6A480694B,TikTok,0,0
AF-B6A480694B,YouTube,0,0
AF-BEF8E6C02E,Instagram,1,24
AF-BEF8E6C02E,X,0,0
AF-BEF8E6C02E,Facebook,0,0
AF-BEF8E6C02E,TikTok,0,0
AF-BEF8E6C02E,YouTube,0,0
AF-3DECBCDD7A,Instagram,1,19
AF-3DECBCDD7A,X,1,27
AF-3DECBCDD7A,Facebook,0,0
AF-3DECBCDD7A,TikTok,1,74
AF-3DECBCDD7A,YouTube,0,0
AF-D6874836A0,Instagram,1,74
AF-D6874836A0,X,0,0
AF-D6874836A0,Facebook,1,17
AF-D6874836A0,TikTok,0,0
AF-D6874836A0,YouTube,1,14
AF-E1E0CC4964,Instagram,1,7
AF-E1E0CC4964,X,0,0
AF-E1E0CC4964,Facebook,0,0
AF-E1E0CC4964,TikTok,0,0
AF-E1E0CC4964,YouTube,1,42
AF-AC748947E0,Instagram,1,2
AF-AC748947E0,X,0,0
AF-AC748947E0,Facebook,0,0
AF-AC748947E0,TikTok,0,0
AF-AC748947E0,YouTube,0,0
AF-41C7FA0A20,Instagram,1,15
AF-41C7FA0A20,X,0,0
AF-41C7FA0A20,Facebook,0,0
AF-41C7FA0A20,TikTok,1,34
AF-41C7FA0A20,YouTube,0,0
AF-F42F27000D,Instagram,1,94
AF-F42F27000D,X,0,0
AF-F42F27000D,Facebook,1,27
AF-F42F27000D,TikTok,0,0
AF-F42F27000D,YouTube,1,54
AF-73F2EAC649,Instagram,1,106
AF-73F2EAC649,X,1,118
AF-73F2EAC649,Facebook,0,0
AF-73F2EAC649,TikTok,1,48
AF-73F2EAC649,YouTube,0,0
AF-5503C9A8B6,Instagram,0,0
AF-5503C9A8B6,X,1,15
AF-5503C9A8B6,Facebook,1,9
AF-5503C9A8B6,TikTok,0,0
AF-5503C9A8B6,YouTube,1,1
AF-18E8F708B2,Instagram,1,25
AF-18E8F708B2,X,1,26
AF-18E8F708B2,Facebook,1,14
AF-18E8F708B2,TikTok,1,58
AF-18E8F708B2,YouTube,0,0
AF-9B339FE3D7,Instagram,1,7
AF-9B339FE3D7,X,0,0
AF-9B339FE3D7,Facebook,0,0
AF-9B339FE3D7,TikTok,0,0
AF-9B339FE3D7,YouTube,0,0
AF-FA61232878,Instagram,1,3
AF-FA61232878,X,0,0
AF-FA61232878,Facebook,0,0
AF-FA61232878,TikTok,0,0
AF-FA61232878,YouTube,0,0
AF-2AE3C11A5A,Instagram,1,5
AF-2AE3C11A5A,X,0,0
AF-2AE3C11A5A,Facebook,1,58
AF-2AE3C11A5A,TikTok,0,0
AF-2AE3C11A5A,YouTube,0,0
AF-CEA03B8CF3,Instagram,1,19
AF-CEA03B8CF3,X,1,15
AF-CEA03B8CF3,Facebook,0,0
AF-CEA03B8CF3,TikTok,0,0
AF-CEA03B8CF3,YouTube,0,0
AF-344FFC8646,Instagram,0,0
AF-344FFC8646,X,0,0
AF-344FFC8646,Facebook,1,90
AF-344FFC8646,TikTok,0,0
AF-344FFC8646,YouTube,1,34
AF-1A078F03DE,Instagram,1,6
AF-1A078F03DE,X,1,62
AF-1A078F03DE,Facebook,0,0
AF-1A078F03DE,TikTok,0,0
AF-1A078F03DE,YouTube,1,77
AF-29857A14B8,Instagram,1,11
AF-29857A14B8,X,0,0
AF-29857A14B8,Facebook,0,0
AF-29857A14B8,TikTok,0,0
AF-29857A14B8,YouTube,1,4
AF-BFE4BEF742,Instagram,0,0
AF-BFE4BEF742,X,0,0
AF-BFE4BEF742,Facebook,0,0
AF-BFE4BEF742,TikTok,1,40
AF-BFE4BEF742,YouTube,1,15
AF-BEE709EF3C,Instagram,1,8
AF-BEE709EF3C,X,1,83
AF-BEE709EF3C,Facebook,1,42
AF-BEE709EF3C,TikTok,0,0
AF-BEE709EF3C,YouTube,0,0
AF-D5EAE715D3,Instagram,1,17
AF-D5EAE715D3,X,0,0
AF-D5EAE715D3,Facebook,1,15
AF-D5EAE715D3,TikTok,0,0
AF-D5EAE715D3,YouTube,1,11
AF-7858C465F7,Instagram,0,0
AF-7858C465F7,X,0,0
AF-7858C465F7,Facebook,0,0
AF-7858C465F7,TikTok,0,0
AF-7858C465F7,YouTube,0,0
AF-7BE14E4035,Instagram,1,37
AF-7BE14E4035,X,1,47
AF-7BE14E4035,Facebook,0,0
AF-7BE14E4035,TikTok,1,7
AF-7BE14E4035,YouTube,0,0
AF-210A4263F3,Instagram,0,0
AF-210A4263F3,X,1,36
AF-210A4263F3,Facebook,1,17
AF-210A4263F3,TikTok,1,37
AF-210A4263F3,YouTube,0,0
AF-8264AFF768,Instagram,1,3
AF-8264AFF768,X,1,41
AF-8264AFF768,Facebook,1,114
AF-8264AFF768,TikTok,0,0
AF-8264AFF768,YouTube,1,23
AF-56F4273020,Instagram,0,0
AF-56F4273020,X,1,20
AF-56F4273020,Facebook,0,0
AF-56F4273020,TikTok,0,0
AF-56F4273020,YouTube,0,0
AF-40CB095453,Instagram,1,57
AF-40CB095453,X,0,0
AF-40CB095453,Facebook,1,41
AF-40CB095453,TikTok,0,0
AF-40CB095453,YouTube,0,0
AF-E6CB085649,Instagram,1,100
AF-E6CB085649,X,0,0
AF-E6CB085649,Facebook,1,50
AF-E6CB085649,TikTok,0,0
AF-E6CB085649,YouTube,1,44
AF-288B7E21E6,Instagram,1,42
AF-288B7E21E6,X,1,9
AF-288B7E21E6,Facebook,1,17
AF-288B7E21E6,TikTok,0,0
AF-288B7E21E6,YouTube,0,0
AF-68C90610D5,Instagram,1,4
AF-68C90610D5,X,0,0
AF-68C90610D5,Facebook,1,9
AF-68C90610D5,TikTok,0,0
AF-68C90610D5,YouTube,1,46
AF-F5AF38DE4D,Instagram,1,26
AF-F5AF38DE4D,X,0,0
AF-F5AF38DE4D,Facebook,1,8
AF-F5AF38DE4D,TikTok,0,0
AF-F5AF38DE4D,YouTube,0,0
AF-E54814A591,Instagram,0,0
AF-E54814A591,X,1,30
AF-E54814A591,Facebook,0,0
AF-E54814A591,TikTok,1,14
AF-E54814A591,YouTube,1,14
AF-8C0B0CE6C9,Instagram,0,0
AF-8C0B0CE6C9,X,1,6
AF-8C0B0CE6C9,Facebook,1,47
AF-8C0B0CE6C9,TikTok,0,0
AF-8C0B0CE6C9,YouTube,0,0
AF-9DCE1913BB,Instagram,1,10
AF-9DCE1913BB,X,0,0
AF-9DCE1913BB,Facebook,1,29
AF-9DCE1913BB,TikTok,0,0
AF-9DCE1913BB,YouTube,0,0
AF-5BAC285A91,Instagram,1,17
AF-5BAC285A91,X,0,0
AF-5BAC285A91,Facebook,1,22
AF-5BAC285A91,TikTok,1,38
AF-5BAC285A91,YouTube,0,0
AF-C4B8AF7629,Instagram,0,0
AF-C4B8AF7629,X,0,0
AF-C4B8AF7629,Facebook,0,0
AF-C4B8AF7629,TikTok,0,0
AF-C4B8AF7629,YouTube,0,0
AF-7D3DDDC97E,Instagram,1,9
AF-7D3DDDC97E,X,0,0
AF-7D3DDDC97E,Facebook,1,10
AF-7D3DDDC97E,TikTok,0,0
AF-7D3DDDC97E,YouTube,0,0
AF-5A7247B06E,Instagram,0,0
AF-5A7247B06E,X,1,22
AF-5A7247B06E,Facebook,0,0
AF-5A7247B06E,TikTok,0,0
AF-5A7247B06E,YouTube,1,9
AF-C38A9A8284,Instagram,0,0
AF-C38A9A8284,X,0,0
AF-C38A9A8284,Facebook,1,84
AF-C38A9A8284,TikTok,0,0
AF-C38A9A8284,YouTube,0,0
AF-76BBA056AB,Instagram,1,23
AF-76BBA056AB,X,0,0
AF-76BBA056AB,Facebook,1,66
AF-76BBA056AB,TikTok,0,0
AF-76BBA056AB,YouTube,0,0
AF-D26D1F6C4C,Instagram,1,14
AF-D26D1F6C4C,X,1,21
AF-D26D1F6C4C,Facebook,0,0
AF-D26D1F6C4C,TikTok,0,0
AF-D26D1F6C4C,YouTube,1,16
AF-F111EFA00C,Instagram,1,7
AF-F111EFA00C,X,0,0
AF-F111EFA00C,Facebook,1,14
AF-F111EFA00C,TikTok,0,0
AF-F111EFA00C,YouTube,0,0
AF-E810EC3CBE,Instagram,1,12
AF-E810EC3CBE,X,1,48
AF-E810EC3CBE,Facebook,0,0
AF-E810EC3CBE,TikTok,1,25
AF-E810EC3CBE,YouTube,0,0
AF-508613CFE6,Instagram,1,9
AF-508613CFE6,X,0,0
AF-508613CFE6,Facebook,1,3
AF-508613CFE6,TikTok,0,0
AF-508613CFE6,YouTube,1,24
AF-E4E53CE38A,Instagram,1,35
AF-E4E53CE38A,X,0,0
AF-E4E53CE38A,Facebook,1,105
AF-E4E53CE38A,TikTok,0,0
AF-E4E53CE38A,YouTube,0,0
AF-767FCA3290,Instagram,0,0
AF-767FCA3290,X,0,0
AF-767FCA3290,Facebook,1,2
AF-767FCA3290,TikTok,0,0
AF-767FCA3290,YouTube,1,20
AF-396B804EB7,Instagram,1,8
AF-396B804EB7,X,1,37
AF-396B804EB7,Facebook,0,0
AF-396B804EB7,TikTok,0,0
AF-396B804EB7,YouTube,1,56
AF-BDFAA47536,Instagram,0,0
AF-BDFAA47536,X,0,0
AF-BDFAA47536,Facebook,1,16
AF-BDFAA47536,TikTok,0,0
AF-BDFAA47536,YouTube,1,19
AF-D8010F6B6D,Instagram,0,0
AF-D8010F6B6D,X,0,0
AF-D8010F6B6D,Facebook,0,0
AF-D8010F6B6D,TikTok,1,16
AF-D8010F6B6D,YouTube,0,0
AF-09BA2BDDC8,Instagram,0,0
AF-09BA2BDDC8,X,0,0
AF-09BA2BDDC8,Facebook,1,3
AF-09BA2BDDC8,TikTok,0,0
AF-09BA2BDDC8,YouTube,1,7
AF-7E9046CB83,Instagram,0,0
AF-7E9046CB83,X,0,0
AF-7E9046CB83,Facebook,1,93
AF-7E9046CB83,TikTok,1,41
AF-7E9046CB83,YouTube,1,16
AF-EE8EE096FF,Instagram,0,0
AF-EE8EE096FF,X,0,0
AF-EE8EE096FF,Facebook,1,19
AF-EE8EE096FF,TikTok,0,0
AF-EE8EE096FF,YouTube,1,17
AF-FBF5B7FB5B,Instagram,1,81
AF-FBF5B7FB5B,X,0,0
AF-FBF5B7FB5B,Facebook,0,0
AF-FBF5B7FB5B,TikTok,0,0
AF-FBF5B7FB5B,YouTube,1,31
AF-FC84973CF3,Instagram,0,0
AF-FC84973CF3,X,1,14
AF-FC84973CF3,Facebook,1,68
AF-FC84973CF3,TikTok,0,0
AF-FC84973CF3,YouTube,0,0
AF-132738D11C,Instagram,1,57
AF-132738D11C,X,0,0
AF-132738D11C,Facebook,0,0
AF-132738D11C,TikTok,0,0
AF-132738D11C,YouTube,0,0
AF-CF6B499188,Instagram,1,9
AF-CF6B499188,X,0,0
AF-CF6B499188,Facebook,1,48
AF-CF6B499188,TikTok,0,0
AF-CF6B499188,YouTube,0,0
AF-AD44A0FA83,Instagram,0,0
AF-AD44A0FA83,X,0,0
AF-AD44A0FA83,Facebook,0,0
AF-AD44A0FA83,TikTok,0,0
AF-AD44A0FA83,YouTube,0,0
AF-752BBBE3E8,Instagram,1,10
AF-752BBBE3E8,X,0,0
AF-752BBBE3E8,Facebook,1,24
AF-752BBBE3E8,TikTok,0,0
AF-752BBBE3E8,YouTube,0,0
AF-4DCFDC2E87,Instagram,1,32
AF-4DCFDC2E87,X,0,0
AF-4DCFDC2E87,Facebook,0,0
AF-4DCFDC2E87,TikTok,0,0
AF-4DCFDC2E87,YouTube,1,20
AF-AE1384CE06,Instagram,1,65
AF-AE1384CE06,X,1,20
AF-AE1384CE06,Facebook,0,0
AF-AE1384CE06,TikTok,0,0
AF-AE1384CE06,YouTube,0,0
AF-1E7698366F,Instagram,0,0
AF-1E7698366F,X,0,0
AF-1E7698366F,Facebook,0,0
AF-1E7698366F,TikTok,0,0
AF-1E7698366F,YouTube,1,15
AF-DC3A86274E,Instagram,0,0
AF-DC3A86274E,X,0,0
AF-DC3A86274E,Facebook,0,0
AF-DC3A86274E,TikTok,0,0
AF-DC3A86274E,YouTube,1,39
AF-E6C403B3D1,Instagram,1,54
AF-E6C403B3D1,X,1,22
AF-E6C403B3D1,Facebook,0,0
AF-E6C403B3D1,TikTok,0,0
AF-E6C403B3D1,YouTube,0,0
AF-C950718288,Instagram,1,0
AF-C950718288,X,0,0
AF-C950718288,Facebook,0,0
AF-C950718288,TikTok,1,9
AF-C950718288,YouTube,0,0
AF-78F509EE80,Instagram,1,25
AF-78F509EE80,X,0,0
AF-78F509EE80,Facebook,0,0
AF-78F509EE80,TikTok,1,14
AF-78F509EE80,YouTube,1,32
AF-C806163C21,Instagram,1,27
AF-C806163C21,X,0,0
AF-C806163C21,Facebook,0,0
AF-C806163C21,TikTok,0,0
AF-C806163C21,YouTube,1,13
AF-B41BAA4830,Instagram,1,1
AF-B41BAA4830,X,1,31
AF-B41BAA4830,Facebook,1,20
AF-B41BAA4830,TikTok,1,3
AF-B41BAA4830,YouTube,0,0
AF-08AE35D132,Instagram,1,20
AF-08AE35D132,X,0,0
AF-08AE35D132,Facebook,1,75
AF-08AE35D132,TikTok,0,0
AF-08AE35D132,YouTube,0,0
AF-333B9067DB,Instagram,0,0
AF-333B9067DB,X,0,0
AF-333B9067DB,Facebook,0,0
AF-333B9067DB,TikTok,1,15
AF-333B9067DB,YouTube,0,0
AF-28802517C2,Instagram,1,22
AF-28802517C2,X,0,0
AF-28802517C2,Facebook,0,0
AF-28802517C2,TikTok,1,1
AF-28802517C2,YouTube,0,0
AF-579F310140,Instagram,1,88
AF-579F310140,X,1,112
AF-579F310140,Facebook,0,0
AF-579F310140,TikTok,0,0
AF-579F310140,YouTube,0,0
AF-6659B1026E,Instagram,0,0
AF-6659B1026E,X,1,57
AF-6659B1026E,Facebook,1,12
AF-6659B1026E,TikTok,0,0
AF-6659B1026E,YouTube,0,0
AF-53D9381CF3,Instagram,0,0
AF-53D9381CF3,X,0,0
AF-53D9381CF3,Facebook,0,0
AF-53D9381CF3,TikTok,0,0
AF-53D9381CF3,YouTube,0,0
AF-CE7F276EB8,Instagram,0,0
AF-CE7F276EB8,X,0,0
AF-CE7F276EB8,Facebook,1,50
AF-CE7F276EB8,TikTok,0,0
AF-CE7F276EB8,YouTube,0,0
AF-956EFE21E3,Instagram,1,73
AF-956EFE21E3,X,1,116
AF-956EFE21E3,Facebook,0,0
AF-956EFE21E3,TikTok,1,11
AF-956EFE21E3,YouTube,1,14
AF-C16E980D17,Instagram,1,8
AF-C16E980D17,X,0,0
AF-C16E980D17,Facebook,0,0
AF-C16E980D17,TikTok,0,0
AF-C16E980D17,YouTube,1,19
AF-00FA2D2BC6,Instagram,1,84
AF-00FA2D2BC6,X,0,0
AF-00FA2D2BC6,Facebook,1,58
AF-00FA2D2BC6,TikTok,0,0
AF-00FA2D2BC6,YouTube,1,32
AF-A1CFD4FB2C,Instagram,1,68
AF-A1CFD4FB2C,X,1,27
AF-A1CFD4FB2C,Facebook,0,0
AF-A1CFD4FB2C,TikTok,0,0
AF-A1CFD4FB2C,YouTube,0,0
AF-CE8D68B208,Instagram,1,54
AF-CE8D68B208,X,0,0
AF-CE8D68B208,Facebook,0,0
AF-CE8D68B208,TikTok,0,0
AF-CE8D68B208,YouTube,0,0
AF-33757C42FE,Instagram,1,42
AF-33757C42FE,X,0,0
AF-33757C42FE,Facebook,1,95
AF-33757C42FE,TikTok,1,99
AF-33757C42FE,YouTube,1,57
AF-666B4CBFFC,Instagram,1,74
AF-666B4CBFFC,X,0,0
AF-666B4CBFFC,Facebook,1,31
AF-666B4CBFFC,TikTok,0,0
AF-666B4CBFFC,YouTube,0,0
AF-363F6CA59D,Instagram,0,0
AF-363F6CA59D,X,1,112
AF-363F6CA59D,Facebook,1,24
AF-363F6CA59D,TikTok,0,0
AF-363F6CA59D,YouTube,0,0
AF-4D11665E35,Instagram,1,2
AF-4D11665E35,X,0,0
AF-4D11665E35,Facebook,0,0
AF-4D11665E35,TikTok,1,14
AF-4D11665E35,YouTube,0,0
AF-69FE6522DF,Instagram,0,0
AF-69FE6522DF,X,1,15
AF-69FE6522DF,Facebook,0,0
AF-69FE6522DF,TikTok,0,0
AF-69FE6522DF,YouTube,0,0
AF-8EA697B6B4,Instagram,1,77
AF-8EA697B6B4,X,0,0
AF-8EA697B6B4,Facebook,0,0
AF-8EA697B6B4,TikTok,0,0
AF-8EA697B6B4,YouTube,1,140
AF-6589720021,Instagram,1,15
AF-6589720021,X,1,82
AF-6589720021,Facebook,0,0
AF-6589720021,TikTok,1,7
AF-6589720021,YouTube,0,0
AF-5EE0428FC9,Instagram,1,13
AF-5EE0428FC9,X,1,29
AF-5EE0428FC9,Facebook,1,12
AF-5EE0428FC9,TikTok,0,0
AF-5EE0428FC9,YouTube,0,0
AF-6D9DEF81E2,Instagram,1,5
AF-6D9DEF81E2,X,1,8
AF-6D9DEF81E2,Facebook,0,0
AF-6D9DEF81E2,TikTok,1,0
AF-6D9DEF81E2,YouTube,0,0
AF-39E8D4984E,Instagram,1,64
AF-39E8D4984E,X,1,69
AF-39E8D4984E,Facebook,0,0
AF-39E8D4984E,TikTok,1,56
AF-39E8D4984E,YouTube,0,0
AF-A3CF75FE5F,Instagram,1,32
AF-A3CF75FE5F,X,0,0
AF-A3CF75FE5F,Facebook,1,100
AF-A3CF75FE5F,TikTok,0,0
AF-A3CF75FE5F,YouTube,0,0
AF-B1926E7ADA,Instagram,0,0
AF-B1926E7ADA,X,0,0
AF-B1926E7ADA,Facebook,0,0
AF-B1926E7ADA,TikTok,0,0
AF-B1926E7ADA,YouTube,0,0
AF-FE23118368,Instagram,1,16
AF-FE23118368,X,0,0
AF-FE23118368,Facebook,0,0
AF-FE23118368,TikTok,0,0
AF-FE23118368,YouTube,1,18
AF-3650CA33C1,Instagram,0,0
AF-3650CA33C1,X,1,39
AF-3650CA33C1,Facebook,0,0
AF-3650CA33C1,TikTok,0,0
AF-3650CA33C1,YouTube,1,21
AF-4A4C86C7A3,Instagram,1,44
AF-4A4C86C7A3,X,1,5
AF-4A4C86C7A3,Facebook,1,9
AF-4A4C86C7A3,TikTok,0,0
AF-4A4C86C7A3,YouTube,0,0
AF-D4E8FBC71F,Instagram,0,0
AF-D4E8FBC71F,X,0,0
AF-D4E8FBC71F,Facebook,0,0
AF-D4E8FBC71F,TikTok,1,75
AF-D4E8FBC71F,YouTube,1,40
AF-1ADD769D07,Instagram,1,16
AF-1ADD769D07,X,0,0
AF-1ADD769D07,Facebook,0,0
AF-1ADD769D07,TikTok,0,0
AF-1ADD769D07,YouTube,0,0
AF-B9A2859E2C,Instagram,1,30
AF-B9A2859E2C,X,0,0
AF-B9A2859E2C,Facebook,1,4
AF-B9A2859E2C,TikTok,0,0
AF-B9A2859E2C,YouTube,0,0
AF-5C7EC9EFC8,Instagram,1,209
AF-5C7EC9EFC8,X,0,0
AF-5C7EC9EFC8,Facebook,0,0
AF-5C7EC9EFC8,TikTok,1,41
AF-5C7EC9EFC8,YouTube,1,43
AF-7517792768,Instagram,1,22
AF-7517792768,X,1,28
AF-7517792768,Facebook,1,55
AF-7517792768,TikTok,1,135
AF-7517792768,YouTube,1,96
AF-3F4CB2F03C,Instagram,1,111
AF-3F4CB2F03C,X,1,17
AF-3F4CB2F03C,Facebook,0,0
AF-3F4CB2F03C,TikTok,0,0
AF-3F4CB2F03C,YouTube,1,34
AF-436CF88C5F,Instagram,1,31
AF-436CF88C5F,X,0,0
AF-436CF88C5F,Facebook,0,0
AF-436CF88C5F,TikTok,1,6
AF-436CF88C5F,YouTube,1,34
AF-E14DC17E78,Instagram,1,82
AF-E14DC17E78,X,1,50
AF-E14DC17E78,Facebook,1,16
AF-E14DC17E78,TikTok,0,0
AF-E14DC17E78,YouTube,1,14
AF-0548D864AE,Instagram,1,5
AF-0548D864AE,X,0,0
AF-0548D864AE,Facebook,0,0
AF-0548D864AE,TikTok,0,0
AF-0548D864AE,YouTube,1,8
AF-CE4B0BF811,Instagram,1,90
AF-CE4B0BF811,X,1,67
AF-CE4B0BF811,Facebook,0,0
AF-CE4B0BF811,TikTok,1,50
AF-CE4B0BF811,YouTube,1,246
AF-190D14C94B,Instagram,1,99
AF-190D14C94B,X,0,0
AF-190D14C94B,Facebook,1,41
AF-190D14C94B,TikTok,0,0
AF-190D14C94B,YouTube,0,0
AF-D2C289A3F9,Instagram,0,0
AF-D2C289A3F9,X,0,0
AF-D2C289A3F9,Facebook,0,0
AF-D2C289A3F9,TikTok,1,143
AF-D2C289A3F9,YouTube,0,0
AF-7F70E967E7,Instagram,1,16
AF-7F70E967E7,X,0,0
AF-7F70E967E7,Facebook,0,0
AF-7F70E967E7,TikTok,1,6
AF-7F70E967E7,YouTube,0,0
AF-0604916F82,Instagram,1,11
AF-0604916F82,X,1,9
AF-0604916F82,Facebook,1,18
AF-0604916F82,TikTok,0,0
AF-0604916F82,YouTube,1,91
AF-FAC61A9EE0,Instagram,1,36
AF-FAC61A9EE0,X,1,25
AF-FAC61A9EE0,Facebook,0,0
AF-FAC61A9EE0,TikTok,1,22
AF-FAC61A9EE0,YouTube,1,35
AF-4977F3B974,Instagram,1,71
AF-4977F3B974,X,1,27
AF-4977F3B974,Facebook,0,0
AF-4977F3B974,TikTok,1,140
AF-4977F3B974,YouTube,0,0
AF-9C95B99F17,Instagram,1,79
AF-9C95B99F17,X,1,26
AF-9C95B99F17,Facebook,0,0
AF-9C95B99F17,TikTok,0,0
AF-9C95B99F17,YouTube,0,0
AF-E7A57C950D,Instagram,1,48
AF-E7A57C950D,X,1,49
AF-E7A57C950D,Facebook,1,93
AF-E7A57C950D,TikTok,1,26
AF-E7A57C950D,YouTube,0,0
AF-7A160A4065,Instagram,1,33
AF-7A160A4065,X,0,0
AF-7A160A4065,Facebook,0,0
AF-7A160A4065,TikTok,0,0
AF-7A160A4065,YouTube,0,0
AF-F0FDF79CFE,Instagram,0,0
AF-F0FDF79CFE,X,0,0
AF-F0FDF79CFE,Facebook,0,0
AF-F0FDF79CFE,TikTok,0,0
AF-F0FDF79CFE,YouTube,1,53
AF-28139FE225,Instagram,1,13
AF-28139FE225,X,0,0
AF-28139FE225,Facebook,1,8
AF-28139FE225,TikTok,0,0
AF-28139FE225,YouTube,0,0
AF-7EC8425146,Instagram,1,14
AF-7EC8425146,X,0,0
AF-7EC8425146,Facebook,1,16
AF-7EC8425146,TikTok,0,0
AF-7EC8425146,YouTube,0,0
AF-E716D868F6,Instagram,1,29
AF-E716D868F6,X,0,0
AF-E716D868F6,Facebook,0,0
AF-E716D868F6,TikTok,0,0
AF-E716D868F6,YouTube,0,0
AF-04C6D6F217,Instagram,1,79
AF-04C6D6F217,X,1,62
AF-04C6D6F217,Facebook,0,0
AF-04C6D6F217,TikTok,1,84
AF-04C6D6F217,YouTube,0,0
AF-063B0A5E2C,Instagram,1,11
AF-063B0A5E2C,X,1,10
AF-063B0A5E2C,Facebook,0,0
AF-063B0A5E2C,TikTok,0,0
AF-063B0A5E2C,YouTube,0,0
AF-BC4757B7FA,Instagram,1,20
AF-BC4757B7FA,X,0,0
AF-BC4757B7FA,Facebook,0,0
AF-BC4757B7FA,TikTok,0,0
AF-BC4757B7FA,YouTube,1,18
AF-A9542529D0,Instagram,1,11
AF-A9542529D0,X,1,122
AF-A9542529D0,Facebook,0,0
AF-A9542529D0,TikTok,1,38
AF-A9542529D0,YouTube,1,114
AF-7A21AEF599,Instagram,1,24
AF-7A21AEF599,X,1,8
AF-7A21AEF599,Facebook,0,0
AF-7A21AEF599,TikTok,1,7
AF-7A21AEF599,YouTube,0,0
AF-977879AE34,Instagram,1,8
AF-977879AE34,X,0,0
AF-977879AE34,Facebook,1,17
AF-977879AE34,TikTok,0,0
AF-977879AE34,YouTube,1,15
AF-80579ABDDC,Instagram,0,0
AF-80579ABDDC,X,1,31
AF-80579ABDDC,Facebook,0,0
AF-80579ABDDC,TikTok,0,0
AF-80579ABDDC,YouTube,1,6
AF-1CF8D4F535,Instagram,1,11
AF-1CF8D4F535,X,1,37
AF-1CF8D4F535,Facebook,0,0
AF-1CF8D4F535,TikTok,1,20
AF-1CF8D4F535,YouTube,1,0
AF-4F0E7535D6,Instagram,1,16
AF-4F0E7535D6,X,0,0
AF-4F0E7535D6,Facebook,1,95
AF-4F0E7535D6,TikTok,0,0
AF-4F0E7535D6,YouTube,0,0
AF-742A555781,Instagram,0,0
AF-742A555781,X,1,24
AF-742A555781,Facebook,0,0
AF-742A555781,TikTok,0,0
AF-742A555781,YouTube,1,52
AF-2256C2ABFF,Instagram,1,58
AF-2256C2ABFF,X,1,105
AF-2256C2ABFF,Facebook,0,0
AF-2256C2ABFF,TikTok,1,115
AF-2256C2ABFF,YouTube,0,0
AF-84096F8CD1,Instagram,0,0
AF-84096F8CD1,X,1,3
AF-84096F8CD1,Facebook,0,0
AF-84096F8CD1,TikTok,0,0
AF-84096F8CD1,YouTube,0,0
AF-691ED90E9D,Instagram,1,13
AF-691ED90E9D,X,1,40
AF-691ED90E9D,Facebook,0,0
AF-691ED90E9D,TikTok,1,56
AF-691ED90E9D,YouTube,0,0
AF-22BA54B7D7,Instagram,0,0
AF-22BA54B7D7,X,0,0
AF-22BA54B7D7,Facebook,0,0
AF-22BA54B7D7,TikTok,0,0
AF-22BA54B7D7,YouTube,0,0
AF-2D0C7858B3,Instagram,1,6
AF-2D0C7858B3,X,1,18
AF-2D0C7858B3,Facebook,0,0
AF-2D0C7858B3,TikTok,0,0
AF-2D0C7858B3,YouTube,1,6
AF-C76051026A,Instagram,1,44
AF-C76051026A,X,1,9
AF-C76051026A,Facebook,0,0
AF-C76051026A,TikTok,0,0
AF-C76051026A,YouTube,0,0
AF-DA76A4ED37,Instagram,1,28
AF-DA76A4ED37,X,0,0
AF-DA76A4ED37,Facebook,0,0
AF-DA76A4ED37,TikTok,0,0
AF-DA76A4ED37,YouTube,0,0
AF-DB4A0EB5D7,Instagram,1,19
AF-DB4A0EB5D7,X,0,0
AF-DB4A0EB5D7,Facebook,1,39
AF-DB4A0EB5D7,TikTok,0,0
AF-DB4A0EB5D7,YouTube,1,20
AF-02BDD3D00F,Instagram,0,0
AF-02BDD3D00F,X,0,0
AF-02BDD3D00F,Facebook,1,5
AF-02BDD3D00F,TikTok,0,0
AF-02BDD3D00F,YouTube,0,0
AF-CE74556850,Instagram,1,19
AF-CE74556850,X,1,57
AF-CE74556850,Facebook,1,10
AF-CE74556850,TikTok,0,0
AF-CE74556850,YouTube,0,0
AF-5FCB5267D7,Instagram,1,12
AF-5FCB5267D7,X,0,0
AF-5FCB5267D7,Facebook,0,0
AF-5FCB5267D7,TikTok,0,0
AF-5FCB5267D7,YouTube,1,14
AF-CFFE1972FB,Instagram,0,0
AF-CFFE1972FB,X,0,0
AF-CFFE1972FB,Facebook,0,0
AF-CFFE1972FB,TikTok,0,0
AF-CFFE1972FB,YouTube,0,0
AF-AA6AC9D436,Instagram,1,3
AF-AA6AC9D436,X,0,0
AF-AA6AC9D436,Facebook,1,73
AF-AA6AC9D436,TikTok,0,0
AF-AA6AC9D436,YouTube,0,0
AF-23766020C5,Instagram,1,28
AF-23766020C5,X,1,48
AF-23766020C5,Facebook,1,50
AF-23766020C5,TikTok,0,0
AF-23766020C5,YouTube,1,2
AF-D4888DA03A,Instagram,1,31
AF-D4888DA03A,X,1,15
AF-D4888DA03A,Facebook,0,0
AF-D4888DA03A,TikTok,0,0
AF-D4888DA03A,YouTube,1,37
AF-E3B262C636,Instagram,1,48
AF-E3B262C636,X,0,0
AF-E3B262C636,Facebook,1,55
AF-E3B262C636,TikTok,0,0
AF-E3B262C636,YouTube,0,0
AF-B31FF04E96,Instagram,0,0
AF-B31FF04E96,X,0,0
AF-B31FF04E96,Facebook,0,0
AF-B31FF04E96,TikTok,1,19
AF-B31FF04E96,YouTube,0,0
AF-4A4B564F27,Instagram,1,17
AF-4A4B564F27,X,0,0
AF-4A4B564F27,Facebook,1,34
AF-4A4B564F27,TikTok,0,0
AF-4A4B564F27,YouTube,1,28
AF-52B3CC58FE,Instagram,1,60
AF-52B3CC58FE,X,0,0
AF-52B3CC58FE,Facebook,1,43
AF-52B3CC58FE,TikTok,1,31
AF-52B3CC58FE,YouTube,1,61
AF-B1E9529394,Instagram,1,16
AF-B1E9529394,X,1,7
AF-B1E9529394,Facebook,0,0
AF-B1E9529394,TikTok,0,0
AF-B1E9529394,YouTube,0,0
AF-A6682205EB,Instagram,1,12
AF-A6682205EB,X,0,0
AF-A6682205EB,Facebook,0,0
AF-A6682205EB,TikTok,1,14
AF-A6682205EB,YouTube,1,21
AF-388E6F4188,Instagram,1,228
AF-388E6F4188,X,1,32
AF-388E6F4188,Facebook,1,39
AF-388E6F4188,TikTok,1,29
AF-388E6F4188,YouTube,1,92
AF-51C31238CB,Instagram,0,0
AF-51C31238CB,X,1,25
AF-51C31238CB,Facebook,0,0
AF-51C31238CB,TikTok,0,0
AF-51C31238CB,YouTube,1,18
AF-CB6DAEA47C,Instagram,1,8
AF-CB6DAEA47C,X,1,22
AF-CB6DAEA47C,Facebook,0,0
AF-CB6DAEA47C,TikTok,1,7
AF-CB6DAEA47C,YouTube,0,0
AF-50BC47A6C5,Instagram,1,2
AF-50BC47A6C5,X,0,0
AF-50BC47A6C5,Facebook,0,0
AF-50BC47A6C5,TikTok,0,0
AF-50BC47A6C5,YouTube,0,0
AF-567C070403,Instagram,1,7
AF-567C070403,X,0,0
AF-567C070403,Facebook,1,5
AF-567C070403,TikTok,1,7
AF-567C070403,YouTube,0,0
AF-86B8ED5BC8,Instagram,0,0
AF-86B8ED5BC8,X,1,17
AF-86B8ED5BC8,Facebook,0,0
AF-86B8ED5BC8,TikTok,0,0
AF-86B8ED5BC8,YouTube,0,0
AF-176304C7EC,Instagram,1,21
AF-176304C7EC,X,0,0
AF-176304C7EC,Facebook,0,0
AF-176304C7EC,TikTok,0,0
AF-176304C7EC,YouTube,0,0
AF-1F0102AF9E,Instagram,1,31
AF-1F0102AF9E,X,0,0
AF-1F0102AF9E,Facebook,0,0
AF-1F0102AF9E,TikTok,1,20
AF-1F0102AF9E,YouTube,0,0
AF-B367780174,Instagram,1,12
AF-B367780174,X,1,35
AF-B367780174,Facebook,0,0
AF-B367780174,TikTok,1,26
AF-B367780174,YouTube,1,26
AF-343DA5D07A,Instagram,1,9
AF-343DA5D07A,X,1,30
AF-343DA5D07A,Facebook,0,0
AF-343DA5D07A,TikTok,0,0
AF-343DA5D07A,YouTube,1,17
AF-F2BC9C6A4A,Instagram,1,36
AF-F2BC9C6A4A,X,0,0
AF-F2BC9C6A4A,Facebook,0,0
AF-F2BC9C6A4A,TikTok,0,0
AF-F2BC9C6A4A,YouTube,1,53
AF-13AA254FED,Instagram,1,46
AF-13AA254FED,X,0,0
AF-13AA254FED,Facebook,0,0
AF-13AA254FED,TikTok,1,60
AF-13AA254FED,YouTube,0,0
AF-9924F174D9,Instagram,1,34
AF-9924F174D9,X,0,0
AF-9924F174D9,Facebook,1,8
AF-9924F174D9,TikTok,0,0
AF-9924F174D9,YouTube,1,26
AF-E17825CED2,Instagram,1,18
AF-E17825CED2,X,1,19
AF-E17825CED2,Facebook,0,0
AF-E17825CED2,TikTok,0,0
AF-E17825CED2,YouTube,0,0
AF-D66A7EED5F,Instagram,1,8
AF-D66A7EED5F,X,1,19
AF-D66A7EED5F,Facebook,1,25
AF-D66A7EED5F,TikTok,0,0
AF-D66A7EED5F,YouTube,0,0
AF-0931741F2F,Instagram,1,6
AF-0931741F2F,X,1,47
AF-0931741F2F,Facebook,1,20
AF-0931741F2F,TikTok,1,11
AF-0931741F2F,YouTube,0,0
AF-DE402FBFD6,Instagram,1,8
AF-DE402FBFD6,X,1,12
AF-DE402FBFD6,Facebook,0,0
AF-DE402FBFD6,TikTok,0,0
AF-DE402FBFD6,YouTube,0,0
AF-F858FA6E51,Instagram,1,19
AF-F858FA6E51,X,0,0
AF-F858FA6E51,Facebook,1,21
AF-F858FA6E51,TikTok,0,0
AF-F858FA6E51,YouTube,0,0
AF-00FE5CFD46,Instagram,0,0
AF-00FE5CFD46,X,1,3
AF-00FE5CFD46,Facebook,0,0
AF-00FE5CFD46,TikTok,0,0
AF-00FE5CFD46,YouTube,0,0
AF-A323534514,Instagram,1,54
AF-A323534514,X,1,45
AF-A323534514,Facebook,0,0
AF-A323534514,TikTok,1,107
AF-A323534514,YouTube,0,0
AF-674B505C84,Instagram,0,0
AF-674B505C84,X,0,0
AF-674B505C84,Facebook,1,4
AF-674B505C84,TikTok,0,0
AF-674B505C84,YouTube,0,0
AF-0895EDF174,Instagram,0,0
AF-0895EDF174,X,0,0
AF-0895EDF174,Facebook,0,0
AF-0895EDF174,TikTok,0,0
AF-0895EDF174,YouTube,0,0
AF-E157D93074,Instagram,1,51
AF-E157D93074,X,1,38
AF-E157D93074,Facebook,1,16
AF-E157D93074,TikTok,0,0
AF-E157D93074,YouTube,0,0
AF-5E2D55D347,Instagram,0,0
AF-5E2D55D347,X,0,0
AF-5E2D55D347,Facebook,1,41
AF-5E2D55D347,TikTok,0,0
AF-5E2D55D347,YouTube,1,18
AF-F43DBABDC9,Instagram,1,46
AF-F43DBABDC9,X,0,0
AF-F43DBABDC9,Facebook,0,0
AF-F43DBABDC9,TikTok,0,0
AF-F43DBABDC9,YouTube,1,14
AF-A53B452B11,Instagram,1,73
AF-A53B452B11,X,0,0
AF-A53B452B11,Facebook,0,0
AF-A53B452B11,TikTok,1,18
AF-A53B452B11,YouTube,0,0
AF-9EDF2A37E3,Instagram,1,22
AF-9EDF2A37E3,X,0,0
AF-9EDF2A37E3,Facebook,0,0
AF-9EDF2A37E3,TikTok,0,0
AF-9EDF2A37E3,YouTube,0,0
AF-D3A901A139,Instagram,1,47
AF-D3A901A139,X,0,0
AF-D3A901A139,Facebook,0,0
AF-D3A901A139,TikTok,1,27
AF-D3A901A139,YouTube,0,0
AF-46EC0EE389,Instagram,1,15
AF-46EC0EE389,X,0,0
AF-46EC0EE389,Facebook,0,0
AF-46EC0EE389,TikTok,0,0
AF-46EC0EE389,YouTube,0,0
AF-C64F470B60,Instagram,1,6
AF-C64F470B60,X,0,0
AF-C64F470B60,Facebook,0,0
AF-C64F470B60,TikTok,0,0
AF-C64F470B60,YouTube,0,0
AF-4786E9AFE4,Instagram,0,0
AF-4786E9AFE4,X,1,6
AF-4786E9AFE4,Facebook,0,0
AF-4786E9AFE4,TikTok,0,0
AF-4786E9AFE4,YouTube,0,0
AF-B73B717D4A,Instagram,1,43
AF-B73B717D4A,X,0,0
AF-B73B717D4A,Facebook,0,0
AF-B73B717D4A,TikTok,0,0
AF-B73B717D4A,YouTube,1,25
AF-861F059B5E,Instagram,1,15
AF-861F059B5E,X,0,0
AF-861F059B5E,Facebook,1,13
AF-861F059B5E,TikTok,0,0
AF-861F059B5E,YouTube,1,7
AF-B4875A483E,Instagram,1,99
AF-B4875A483E,X,1,43
AF-B4875A483E,Facebook,0,0
AF-B4875A483E,TikTok,0,0
AF-B4875A483E,YouTube,1,19
AF-E1C4EEA8F9,Instagram,1,4
AF-E1C4EEA8F9,X,1,12
AF-E1C4EEA8F9,Facebook,1,34
AF-E1C4EEA8F9,TikTok,0,0
AF-E1C4EEA8F9,YouTube,0,0
AF-D29FDFFAFD,Instagram,1,9
AF-D29FDFFAFD,X,0,0
AF-D29FDFFAFD,Facebook,0,0
AF-D29FDFFAFD,TikTok,0,0
AF-D29FDFFAFD,YouTube,0,0
AF-5495BF12B4,Instagram,1,24
AF-5495BF12B4,X,0,0
AF-5495BF12B4,Facebook,0,0
AF-5495BF12B4,TikTok,1,67
AF-5495BF12B4,YouTube,0,0
AF-1B80BD0EEF,Instagram,1,22
AF-1B80BD0EEF,X,0,0
AF-1B80BD0EEF,Facebook,0,0
AF-1B80BD0EEF,TikTok,0,0
AF-1B80BD0EEF,YouTube,0,0
AF-8A4E5C1874,Instagram,0,0
AF-8A4E5C1874,X,0,0
AF-8A4E5C1874,Facebook,0,0
AF-8A4E5C1874,TikTok,1,28
AF-8A4E5C1874,YouTube,1,6
AF-B0F438B681,Instagram,1,6
AF-B0F438B681,X,0,0
AF-B0F438B681,Facebook,1,24
AF-B0F438B681,TikTok,0,0
AF-B0F438B681,YouTube,0,0
AF-FB1D6759B9,Instagram,1,13
AF-FB1D6759B9,X,1,116
AF-FB1D6759B9,Facebook,0,0
AF-FB1D6759B9,TikTok,0,0
AF-FB1D6759B9,YouTube,1,44
AF-0E7B8E023C,Instagram,1,30
AF-0E7B8E023C,X,0,0
AF-0E7B8E023C,Facebook,1,18
AF-0E7B8E023C,TikTok,0,0
AF-0E7B8E023C,YouTube,0,0
AF-72DEA88881,Instagram,1,11
AF-72DEA88881,X,0,0
AF-72DEA88881,Facebook,1,25
AF-72DEA88881,TikTok,0,0
AF-72DEA88881,YouTube,0,0
AF-4BC871B236,Instagram,0,0
AF-4BC871B236,X,0,0
AF-4BC871B236,Facebook,1,21
AF-4BC871B236,TikTok,0,0
AF-4BC871B236,YouTube,0,0
AF-AFE492EFA8,Instagram,0,0
AF-AFE492EFA8,X,1,55
AF-AFE492EFA8,Facebook,1,213
AF-AFE492EFA8,TikTok,0,0
AF-AFE492EFA8,YouTube,1,131
AF-D68A3F1010,Instagram,0,0
AF-D68A3F1010,X,0,0
AF-D68A3F1010,Facebook,0,0
AF-D68A3F1010,TikTok,0,0
AF-D68A3F1010,YouTube,1,6
AF-57B2FF516F,Instagram,1,82
AF-57B2FF516F,X,0,0
AF-57B2FF516F,Facebook,0,0
AF-57B2FF516F,TikTok,0,0
AF-57B2FF516F,YouTube,0,0
AF-3371C210A8,Instagram,1,43
AF-3371C210A8,X,1,12
AF-3371C210A8,Facebook,1,17
AF-3371C210A8,TikTok,1,9
AF-3371C210A8,YouTube,0,0
AF-856B5BBA22,Instagram,1,8
AF-856B5BBA22,X,0,0
AF-856B5BBA22,Facebook,0,0
AF-856B5BBA22,TikTok,0,0
AF-856B5BBA22,YouTube,0,0
AF-19B9406F5D,Instagram,1,125
AF-19B9406F5D,X,0,0
AF-19B9406F5D,Facebook,1,38
AF-19B9406F5D,TikTok,0,0
AF-19B9406F5D,YouTube,1,74
AF-4EF160F776,Instagram,1,94
AF-4EF160F776,X,0,0
AF-4EF160F776,Facebook,1,46
AF-4EF160F776,TikTok,0,0
AF-4EF160F776,YouTube,0,0
AF-900F1AAC08,Instagram,1,23
AF-900F1AAC08,X,0,0
AF-900F1AAC08,Facebook,0,0
AF-900F1AAC08,TikTok,0,0
AF-900F1AAC08,YouTube,0,0
AF-97C0977F8F,Instagram,0,0
AF-97C0977F8F,X,0,0
AF-97C0977F8F,Facebook,1,23
AF-97C0977F8F,TikTok,0,0
AF-97C0977F8F,YouTube,1,1
AF-AEB9C00739,Instagram,1,32
AF-AEB9C00739,X,0,0
AF-AEB9C00739,Facebook,0,0
AF-AEB9C00739,TikTok,0,0
AF-AEB9C00739,YouTube,0,0
AF-2AC349106C,Instagram,1,17
AF-2AC349106C,X,0,0
AF-2AC349106C,Facebook,1,45
AF-2AC349106C,TikTok,0,0
AF-2AC349106C,YouTube,1,50
AF-E57E35A70D,Instagram,0,0
AF-E57E35A70D,X,0,0
AF-E57E35A70D,Facebook,0,0
AF-E57E35A70D,TikTok,0,0
AF-E57E35A70D,YouTube,0,0
AF-3AF0E48B90,Instagram,1,49
AF-3AF0E48B90,X,0,0
AF-3AF0E48B90,Facebook,0,0
AF-3AF0E48B90,TikTok,1,44
AF-3AF0E48B90,YouTube,0,0
AF-5A5E14FC09,Instagram,1,22
AF-5A5E14FC09,X,1,108
AF-5A5E14FC09,Facebook,1,15
AF-5A5E14FC09,TikTok,0,0
AF-5A5E14FC09,YouTube,1,16
AF-C06997C531,Instagram,0,0
AF-C06997C531,X,0,0
AF-C06997C531,Facebook,0,0
AF-C06997C531,TikTok,0,0
AF-C06997C531,YouTube,0,0
AF-CA66B53950,Instagram,1,101
AF-CA66B53950,X,0,0
AF-CA66B53950,Facebook,0,0
AF-CA66B53950,TikTok,1,48
AF-CA66B53950,YouTube,1,189
AF-AE02C2287C,Instagram,1,10
AF-AE02C2287C,X,0,0
AF-AE02C2287C,Facebook,1,48
AF-AE02C2287C,TikTok,0,0
AF-AE02C2287C,YouTube,0,0
AF-B868EE2932,Instagram,1,24
AF-B868EE2932,X,1,61
AF-B868EE2932,Facebook,0,0
AF-B868EE2932,TikTok,1,28
AF-B868EE2932,YouTube,0,0
AF-D274A3FBF1,Instagram,1,4
AF-D274A3FBF1,X,0,0
AF-D274A3FBF1,Facebook,1,25
AF-D274A3FBF1,TikTok,1,59
AF-D274A3FBF1,YouTube,0,0
AF-FC5F6D22B8,Instagram,0,0
AF-FC5F6D22B8,X,1,25
AF-FC5F6D22B8,Facebook,0,0
AF-FC5F6D22B8,TikTok,0,0
AF-FC5F6D22B8,YouTube,0,0
AF-18C71B74AF,Instagram,0,0
AF-18C71B74AF,X,0,0
AF-18C71B74AF,Facebook,0,0
AF-18C71B74AF,TikTok,0,0
AF-18C71B74AF,YouTube,0,0
AF-17229F8639,Instagram,1,47
AF-17229F8639,X,1,58
AF-17229F8639,Facebook,0,0
AF-17229F8639,TikTok,0,0
AF-17229F8639,YouTube,0,0
AF-28ABDB39A6,Instagram,1,67
AF-28ABDB39A6,X,0,0
AF-28ABDB39A6,Facebook,1,71
AF-28ABDB39A6,TikTok,0,0
AF-28ABDB39A6,YouTube,1,5
AF-53789159B9,Instagram,1,33
AF-53789159B9,X,1,54
AF-53789159B9,Facebook,0,0
AF-53789159B9,TikTok,1,46
AF-53789159B9,YouTube,1,23
AF-A532530C25,Instagram,1,50
AF-A532530C25,X,1,21
AF-A532530C25,Facebook,0,0
AF-A532530C25,TikTok,1,13
AF-A532530C25,YouTube,0,0
AF-4A63AFC2B0,Instagram,1,8
AF-4A63AFC2B0,X,0,0
AF-4A63AFC2B0,Facebook,1,14
AF-4A63AFC2B0,TikTok,0,0
AF-4A63AFC2B0,YouTube,0,0
AF-C4C9A84099,Instagram,1,4
AF-C4C9A84099,X,0,0
AF-C4C9A84099,Facebook,0,0
AF-C4C9A84099,TikTok,0,0
AF-C4C9A84099,YouTube,0,0
AF-2F95F1C24B,Instagram,1,24
AF-2F95F1C24B,X,0,0
AF-2F95F1C24B,Facebook,0,0
AF-2F95F1C24B,TikTok,1,66
AF-2F95F1C24B,YouTube,1,136
AF-9E21B67652,Instagram,1,79
AF-9E21B67652,X,0,0
AF-9E21B67652,Facebook,1,15
AF-9E21B67652,TikTok,0,0
AF-9E21B67652,YouTube,0,0
AF-584A573282,Instagram,1,31
AF-584A573282,X,1,3
AF-584A573282,Facebook,1,47
AF-584A573282,TikTok,0,0
AF-584A573282,YouTube,1,2
AF-3120763946,Instagram,0,0
AF-3120763946,X,0,0
AF-3120763946,Facebook,1,13
AF-3120763946,TikTok,0,0
AF-3120763946,YouTube,0,0
AF-9EA6DB373A,Instagram,1,15
AF-9EA6DB373A,X,0,0
AF-9EA6DB373A,Facebook,0,0
AF-9EA6DB373A,TikTok,0,0
AF-9EA6DB373A,YouTube,1,31
AF-4EF66EABD0,Instagram,1,12
AF-4EF66EABD0,X,1,0
AF-4EF66EABD0,Facebook,0,0
AF-4EF66EABD0,TikTok,0,0
AF-4EF66EABD0,YouTube,0,0
AF-0DFE1A6CDC,Instagram,1,22
AF-0DFE1A6CDC,X,0,0
AF-0DFE1A6CDC,Facebook,0,0
AF-0DFE1A6CDC,TikTok,0,0
AF-0DFE1A6CDC,YouTube,0,0
AF-1EB6FB5CE7,Instagram,1,16
AF-1EB6FB5CE7,X,1,35
AF-1EB6FB5CE7,Facebook,0,0
AF-1EB6FB5CE7,TikTok,1,49
AF-1EB6FB5CE7,YouTube,1,103
AF-57809F6A2C,Instagram,1,37
AF-57809F6A2C,X,1,28
AF-57809F6A2C,Facebook,0,0
AF-57809F6A2C,TikTok,0,0
AF-57809F6A2C,YouTube,0,0
AF-84677026B7,Instagram,1,55
AF-84677026B7,X,0,0
AF-84677026B7,Facebook,1,42
AF-84677026B7,TikTok,0,0
AF-84677026B7,YouTube,1,6
AF-500EEF08ED,Instagram,1,15
AF-500EEF08ED,X,0,0
AF-500EEF08ED,Facebook,1,41
AF-500EEF08ED,TikTok,0,0
AF-500EEF08ED,YouTube,0,0
AF-E33131BB8B,Instagram,1,3
AF-E33131BB8B,X,0,0
AF-E33131BB8B,Facebook,0,0
AF-E33131BB8B,TikTok,0,0
AF-E33131BB8B,YouTube,0,0
AF-F3C8510AA6,Instagram,1,15
AF-F3C8510AA6,X,0,0
AF-F3C8510AA6,Facebook,0,0
AF-F3C8510AA6,TikTok,0,0
AF-F3C8510AA6,YouTube,0,0
AF-00518C1731,Instagram,0,0
AF-00518C1731,X,0,0
AF-00518C1731,Facebook,0,0
AF-00518C1731,TikTok,0,0
AF-00518C1731,YouTube,1,15
AF-DD73ADE7FD,Instagram,0,0
AF-DD73ADE7FD,X,1,8
AF-DD73ADE7FD,Facebook,0,0
AF-DD73ADE7FD,TikTok,0,0
AF-DD73ADE7FD,YouTube,0,0
AF-17D4FD15EC,Instagram,0,0
AF-17D4FD15EC,X,0,0
AF-17D4FD15EC,Facebook,1,0
AF-17D4FD15EC,TikTok,0,0
AF-17D4FD15EC,YouTube,1,38
AF-D9B48CFA7C,Instagram,1,101
AF-D9B48CFA7C,X,1,28
AF-D9B48CFA7C,Facebook,1,81
AF-D9B48CFA7C,TikTok,1,147
AF-D9B48CFA7C,YouTube,0,0
AF-C0BC49E0DD,Instagram,0,0
AF-C0BC49E0DD,X,0,0
AF-C0BC49E0DD,Facebook,0,0
AF-C0BC49E0DD,TikTok,0,0
AF-C0BC49E0DD,YouTube,0,0
AF-58A3704A4C,Instagram,1,36
AF-58A3704A4C,X,1,35
AF-58A3704A4C,Facebook,0,0
AF-58A3704A4C,TikTok,0,0
AF-58A3704A4C,YouTube,1,32
AF-90013F04C4,Instagram,1,218
AF-90013F04C4,X,1,55
AF-90013F04C4,Facebook,0,0
AF-90013F04C4,TikTok,0,0
AF-90013F04C4,YouTube,1,62
AF-5E3EAD4383,Instagram,1,104
AF-5E3EAD4383,X,0,0
AF-5E3EAD4383,Facebook,0,0
AF-5E3EAD4383,TikTok,0,0
AF-5E3EAD4383,YouTube,1,51
AF-C43A2C0728,Instagram,1,4
AF-C43A2C0728,X,0,0
AF-C43A2C0728,Facebook,1,17
AF-C43A2C0728,TikTok,1,38
AF-C43A2C0728,YouTube,0,0
AF-209893DA06,Instagram,0,0
AF-209893DA06,X,1,36
AF-209893DA06,Facebook,0,0
AF-209893DA06,TikTok,0,0
AF-209893DA06,YouTube,0,0
AF-7F94C3FD21,Instagram,1,100
AF-7F94C3FD21,X,0,0
AF-7F94C3FD21,Facebook,1,81
AF-7F94C3FD21,TikTok,0,0
AF-7F94C3FD21,YouTube,1,59
AF-27842FC71B,Instagram,0,0
AF-27842FC71B,X,0,0
AF-27842FC71B,Facebook,0,0
AF-27842FC71B,TikTok,1,65
AF-27842FC71B,YouTube,0,0
AF-DAA504E9E4,Instagram,1,40
AF-DAA504E9E4,X,0,0
AF-DAA504E9E4,Facebook,0,0
AF-DAA504E9E4,TikTok,0,0
AF-DAA504E9E4,YouTube,0,0
AF-5A65CCA561,Instagram,0,0
AF-5A65CCA561,X,0,0
AF-5A65CCA561,Facebook,0,0
AF-5A65CCA561,TikTok,0,0
AF-5A65CCA561,YouTube,0,0
AF-F7B9C37CE4,Instagram,0,0
AF-F7B9C37CE4,X,0,0
AF-F7B9C37CE4,Facebook,1,11
AF-F7B9C37CE4,TikTok,0,0
AF-F7B9C37CE4,YouTube,1,41
AF-D3DC773EC5,Instagram,1,16
AF-D3DC773EC5,X,1,24
AF-D3DC773EC5,Facebook,0,0
AF-D3DC773EC5,TikTok,1,25
AF-D3DC773EC5,YouTube,0,0
AF-6858766D03,Instagram,0,0
AF-6858766D03,X,1,23
AF-6858766D03,Facebook,0,0
AF-6858766D03,TikTok,0,0
AF-6858766D03,YouTube,1,149
AF-0C4E00E7E1,Instagram,1,17
AF-0C4E00E7E1,X,0,0
AF-0C4E00E7E1,Facebook,1,18
AF-0C4E00E7E1,TikTok,1,7
AF-0C4E00E7E1,YouTube,0,0
AF-8519E2EC4B,Instagram,1,66
AF-8519E2EC4B,X,1,1
AF-8519E2EC4B,Facebook,0,0
AF-8519E2EC4B,TikTok,0,0
AF-8519E2EC4B,YouTube,0,0
AF-F09419F9A4,Instagram,1,22
AF-F09419F9A4,X,1,70
AF-F09419F9A4,Facebook,0,0
AF-F09419F9A4,TikTok,0,0
AF-F09419F9A4,YouTube,1,11
AF-73A51A19A8,Instagram,0,0
AF-73A51A19A8,X,0,0
AF-73A51A19A8,Facebook,0,0
AF-73A51A19A8,TikTok,0,0
AF-73A51A19A8,YouTube,1,11
AF-9655F1CE81,Instagram,1,15
AF-9655F1CE81,X,0,0
AF-9655F1CE81,Facebook,0,0
AF-9655F1CE81,TikTok,0,0
AF-9655F1CE81,YouTube,0,0
AF-EEA32A92A8,Instagram,1,24
AF-EEA32A92A8,X,0,0
AF-EEA32A92A8,Facebook,1,35
AF-EEA32A92A8,TikTok,0,0
AF-EEA32A92A8,YouTube,1,45
AF-F98E71C778,Instagram,0,0
AF-F98E71C778,X,0,0
AF-F98E71C778,Facebook,1,60
AF-F98E71C778,TikTok,0,0
AF-F98E71C778,YouTube,1,26
AF-0BB1EECB70,Instagram,1,46
AF-0BB1EECB70,X,0,0
AF-0BB1EECB70,Facebook,1,20
AF-0BB1EECB70,TikTok,0,0
AF-0BB1EECB70,YouTube,1,78
AF-D28FFBDC95,Instagram,0,0
AF-D28FFBDC95,X,1,42
AF-D28FFBDC95,Facebook,1,94
AF-D28FFBDC95,TikTok,0,0
AF-D28FFBDC95,YouTube,1,69
AF-5CE06EC95B,Instagram,1,72
AF-5CE06EC95B,X,1,11
AF-5CE06EC95B,Facebook,0,0
AF-5CE06EC95B,TikTok,0,0
AF-5CE06EC95B,YouTube,1,17
AF-4D054E41A1,Instagram,1,14
AF-4D054E41A1,X,1,18
AF-4D054E41A1,Facebook,0,0
AF-4D054E41A1,TikTok,0,0
AF-4D054E41A1,YouTube,0,0
AF-7B67FE5C6E,Instagram,1,9
AF-7B67FE5C6E,X,1,43
AF-7B67FE5C6E,Facebook,0,0
AF-7B67FE5C6E,TikTok,1,34
AF-7B67FE5C6E,YouTube,1,21
AF-3F4151907A,Instagram,0,0
AF-3F4151907A,X,1,30
AF-3F4151907A,Facebook,1,2
AF-3F4151907A,TikTok,1,20
AF-3F4151907A,YouTube,0,0
AF-B4F7F766FE,Instagram,0,0
AF-B4F7F766FE,X,0,0
AF-B4F7F766FE,Facebook,1,37
AF-B4F7F766FE,TikTok,0,0
AF-B4F7F766FE,YouTube,0,0
AF-2672CB72CB,Instagram,1,19
AF-2672CB72CB,X,0,0
AF-2672CB72CB,Facebook,0,0
AF-2672CB72CB,TikTok,0,0
AF-2672CB72CB,YouTube,0,0
AF-973F075E1B,Instagram,1,39
AF-973F075E1B,X,1,22
AF-973F075E1B,Facebook,0,0
AF-973F075E1B,TikTok,1,99
AF-973F075E1B,YouTube,1,55
