post_id,fecha,plataforma,tipo_contenido,formato,es_dia_partido,alcance,impresiones,likes,comentarios,compartidos,guardados,comentarios_positivos,comentarios_negativos
P00001,2024-08-05,Instagram,Entrenamiento,Vídeo corto,0,10352.0,16610.0,470,29,49,41.0,18,4
P00002,2024-08-05,Instagram,Patrocinador,Imagen,0,12634.0,19037.0,196,14,14,13.0,8,2
P00003,2024-08-05,X,Institucional,Imagen,0,28112.0,45544.0,122,6,6,21.0,3,1
P00004,2024-08-05,Facebook,Patrocinador,Imagen,0,17709.0,22778.0,77,6,6,5.0,2,1
P00005,2024-08-05,Facebook,Cantera,Vídeo corto,0,30518.0,36656.0,172,11,8,17.0,6,2
P00006,2024-08-06,Instagram,Resumen,Imagen,0,46075.0,53079.0,3197,297,261,104.0,150,57
P00007,2024-08-06,Instagram,Entrenamiento,Imagen,0,22168.0,27740.0,833,81,91,52.0,46,18
P00008,2024-08-06,Instagram,Efeméride,Vídeo largo,0,26923.0,38123.0,1342,79,119,84.0,45,16
P00009,2024-08-06,X,Patrocinador,Vídeo corto,0,21169.0,24646.0,274,20,20,22.0,11,5
P00010,2024-08-06,X,Fichajes,Vídeo largo,0,14533.0,22640.0,266,18,27,10.0,10,4
P00011,2024-08-06,Facebook,Entrenamiento,Vídeo largo,0,14519.0,16789.0,74,7,5,8.0,3,1
P00012,2024-08-06,Facebook,Entrenamiento,Vídeo corto,0,7852.0,9327.0,99,4,6,7.0,1,1
P00013,2024-08-06,Facebook,Entrenamiento,Imagen,0,16197.0,19351.0,135,12,7,13.0,6,2
P00014,2024-08-06,TikTok,Fichajes,Vídeo corto,0,10964.0,16916.0,1372,96,94,54.0,46,25
P00015,2024-08-07,Instagram,Afición,Vídeo corto,0,20360.0,26734.0,1605,89,153,75.0,48,24
P00016,2024-08-07,Instagram,Cantera,Carrusel,0,8165.0,12746.0,529,26,43,17.0,12,6
P00017,2024-08-07,Instagram,Afición,Imagen,0,16209.0,21518.0,721,43,61,28.0,20,10
P00018,2024-08-07,YouTube,Cantera,Vídeo largo,0,2577.0,3718.0,53,2,3,5.0,0,0
P00019,2024-08-07,YouTube,Efeméride,Vídeo corto,0,4623.0,6682.0,127,10,8,15.0,5,2
P00020,2024-08-07,YouTube,Efeméride,Vídeo largo,0,3353.0,5454.0,69,5,6,1.0,2,1
P00021,2024-08-08,Instagram,Afición,Carrusel,0,44155.0,69828.0,2147,193,161,163.0,111,39
P00022,2024-08-08,Instagram,Previa,Imagen,0,16303.0,20913.0,562,32,58,63.0,16,8
P00023,2024-08-08,X,Entrenamiento,Texto,0,15970.0,24290.0,90,7,5,4.0,4,1
P00024,2024-08-08,X,Cantera,Vídeo corto,0,31690.0,39759.0,719,38,63,71.0,22,6
P00025,2024-08-08,YouTube,Resumen,Vídeo corto,0,6351.0,10404.0,491,32,26,58.0,14,9
P00026,2024-08-08,YouTube,Fichajes,Vídeo corto,0,4775.0,7606.0,261,15,13,18.0,8,3
P00027,2024-08-08,YouTube,Entrenamiento,Vídeo largo,0,5763.0,7898.0,118,7,7,12.0,3,1
P00028,2024-08-09,Instagram,Entrenamiento,Vídeo corto,0,23526.0,38595.0,1203,75,124,50.0,38,16
P00029,2024-08-09,Instagram,Resumen,Imagen,0,18208.0,28163.0,862,66,86,28.0,35,14
P00030,2024-08-09,Instagram,Entrenamiento,Carrusel,0,16855.0,23740.0,286,25,29,25.0,12,4
P00031,2024-08-09,X,Resumen,Vídeo corto,0,14988.0,19301.0,627,56,41,51.0,24,13
P00032,2024-08-09,X,Efeméride,Texto,0,18576.0,22868.0,169,8,15,14.0,4,1
P00033,2024-08-09,Facebook,Afición,Carrusel,0,28377.0,36427.0,398,32,26,48.0,17,8
P00034,2024-08-09,Facebook,Efeméride,Imagen,0,5523.0,7897.0,41,2,3,2.0,1,0
P00035,2024-08-10,Instagram,Institucional,Carrusel,0,16082.0,25533.0,474,39,47,46.0,21,9
P00036,2024-08-10,Instagram,Institucional,Carrusel,0,13341.0,15290.0,273,14,21,15.0,7,3
P00037,2024-08-10,X,Efeméride,Imagen,0,12686.0,17448.0,177,16,9,10.0,7,4
P00038,2024-08-10,X,Efeméride,Texto,0,18592.0,27527.0,248,17,14,24.0,9,2
P00039,2024-08-10,X,Afición,Vídeo corto,0,19118.0,26026.0,299,16,20,40.0,7,3
P00040,2024-08-10,X,Entrenamiento,Imagen,0,20731.0,25303.0,254,16,24,,8,3
P00041,2024-08-10,X,Entrenamiento,Imagen,0,14115.0,16148.0,255,16,19,10.0,7,4
P00042,2024-08-10,Facebook,Efeméride,Vídeo corto,0,4969.0,6214.0,86,8,7,0.0,3,3
P00043,2024-08-10,YouTube,Resumen,Vídeo largo,0,1555.0,,36,1,3,4.0,0,0
P00044,2024-08-10,YouTube,Entrenamiento,Vídeo largo,0,5431.0,8213.0,114,6,9,13.0,3,1
P00045,2024-08-11,Instagram,Afición,Vídeo largo,0,36004.0,55047.0,2164,120,177,160.0,58,21
P00046,2024-08-11,X,Patrocinador,Imagen,0,28419.0,34819.0,120,5,9,9.0,2,0
P00047,2024-08-11,Facebook,Fichajes,Imagen,0,9052.0,13561.0,84,5,7,11.0,3,1
P00048,2024-08-12,Instagram,Entrenamiento,Carrusel,0,8624.0,11326.0,361,24,34,18.0,12,4
P00049,2024-08-12,X,Entrenamiento,Texto,0,18370.0,22070.0,237,21,22,16.0,12,3
P00050,2024-08-12,Facebook,Entrenamiento,Vídeo largo,0,22544.0,26780.0,159,7,8,16.0,3,1
P00051,2024-08-12,YouTube,Entrenamiento,Vídeo largo,0,7628.0,11893.0,91,6,9,9.0,3,1
P00052,2024-08-13,instagram,Entrenamiento,Texto,0,58635.0,91261.0,1750,126,87,168.0,76,21
P00053,2024-08-13,Instagram,Cantera,Imagen,0,24134.0,38280.0,465,37,23,52.0,18,8
P00054,2024-08-13,INSTAGRAM,Previa,Vídeo corto,0,32958.0,43528.0,1790,121,130,77.0,68,22
P00055,2024-08-13,YouTube,Patrocinador,Vídeo corto,0,5773.0,8122.0,86,4,4,6.0,2,0
P00056,2024-08-14,Instagram,Fichajes,Vídeo corto,0,10684.0,16002.0,981,85,85,70.0,39,15
P00057,2024-08-14,Instagram,Resumen,Imagen,0,29972.0,46864.0,2194,106,139,200.0,60,21
P00058,2024-08-14,Instagram,Efeméride,Imagen,0,19064.0,31086.0,598,34,34,59.0,18,9
P00059,2024-08-15,instagram,Institucional,Carrusel,0,66663.0,89255.0,2119,187,137,55.0,73,40
P00060,2024-08-15,X,Cantera,Texto,0,12828.0,15535.0,85,5,8,7.0,2,1
P00061,2024-08-15,Facebook,Afición,Imagen,0,16033.0,22470.0,464,22,38,36.0,11,6
P00062,2024-08-15,TikTok,Afición,Vídeo corto,0,5686.0,7205.0,664,49,62,41.0,29,10
P00063,2024-08-15,YouTube,Entrenamiento,Vídeo corto,0,3761.0,5165.0,170,14,17,9.0,6,3
P00064,2024-08-16,Facebook,Entrenamiento,Vídeo corto,0,10510.0,14950.0,212,19,10,10.0,11,3
P00065,2024-08-16,Facebook,Entrenamiento,Vídeo corto,0,20264.0,24864.0,706,39,51,,23,6
P00066,2024-08-16,YouTube,Previa,Vídeo largo,0,4295.0,4924.0,102,7,11,11.0,4,1
P00067,2024-08-17,Instagram,Afición,Vídeo largo,1,24249.0,27346.0,883,64,88,0.0,29,19
P00068,2024-08-17,Instagram,Directo,Carrusel,1,20673.0,26479.0,1589,98,149,16.0,50,28
P00069,2024-08-17,X,Previa,Imagen,1,16984.0,21807.0,153,10,15,8.0,6,1
P00070,2024-08-17,X,Resumen,Vídeo corto,1,19024.0,22495.0,439,33,38,26.0,16,8
P00071,2024-08-17,Facebook,Resumen,Imagen,1,17880.0,21797.0,312,21,33,31.0,13,4
P00072,2024-08-17,Facebook,Patrocinador,Vídeo corto,1,48391.0,68276.0,380,22,27,14.0,10,5
P00073,2024-08-17,Facebook,Afición,Imagen,1,29187.0,42661.0,312,22,27,19.0,10,5
P00074,2024-08-17,Facebook,Institucional,Imagen,1,26155.0,32101.0,153,8,15,6.0,4,1
P00075,2024-08-17,TikTok,Resumen,Vídeo corto,1,11598.0,14547.0,1754,163,152,179.0,88,30
P00076,2024-08-17,TIKTOK,Afición,Vídeo corto,1,6846.0,8334.0,886,50,73,110.0,25,11
P00077,2024-08-17,TikTok,Resumen,Vídeo corto,1,4333.0,4941.0,1172,93,90,79.0,40,27
P00078,2024-08-17,YouTube,Previa,Vídeo corto,1,8582.0,12972.0,279,22,17,37.0,11,4
P00079,2024-08-17,YouTube,Resumen,Vídeo largo,1,16046.0,19867.0,1147,100,86,67.0,51,18
P00080,2024-08-17,YouTube,Resumen,Vídeo largo,1,2530.0,3988.0,83,7,4,5.0,4,1
P00081,2024-08-18,Instagram,Efeméride,Imagen,0,13172.0,16759.0,508,44,55,37.0,22,7
P00082,2024-08-18,Instagram,Previa,Vídeo largo,0,19465.0,21865.0,398,32,31,12.0,15,6
P00083,2024-08-18,Instagram,Institucional,Carrusel,0,,40881.0,1127,84,81,91.0,40,18
P00084,2024-08-18,X,Entrenamiento,Vídeo corto,0,23148.0,33325.0,267,22,23,22.0,11,4
P00085,2024-08-18,X,Previa,Texto,0,19148.0,28657.0,88,5,7,9.0,2,1
P00086,2024-08-18,Facebook,Directo,Imagen,0,23051.0,33845.0,282,18,17,32.0,8,4
P00087,2024-08-19,Instagram,Entrenamiento,Carrusel,0,21050.0,26163.0,779,39,60,107.0,22,7
P00088,2024-08-19,Instagram,Efeméride,Vídeo corto,0,28290.0,39021.0,2105,142,230,217.0,67,41
P00089,2024-08-19,YouTube,Entrenamiento,Vídeo largo,0,4668.0,6789.0,54,2,3,8.0,1,0
P00090,2024-08-20,Facebook,Entrenamiento,Vídeo largo,0,16714.0,22502.0,100,8,9,4.0,4,1
P00091,2024-08-21,Instagram,Entrenamiento,Imagen,0,11208.0,16099.0,350,22,26,22.0,11,6
P00092,2024-08-21,Instagram,Efeméride,Vídeo corto,0,16197.0,26649.0,888,75,86,42.0,40,18
P00093,2024-08-21,X,Efeméride,Carrusel,0,12390.0,15634.0,324,21,26,9.0,13,3
P00094,2024-08-21,X,Patrocinador,Texto,0,28251.0,46130.0,123,7,12,7.0,3,1
P00095,2024-08-21,TikTok,Entrenamiento,Vídeo corto,0,5021.0,6848.0,284,24,29,11.0,13,6
P00096,2024-08-22,Instagram,Afición,Imagen,0,17469.0,28757.0,1097,67,84,35.0,40,14
P00097,2024-08-22,Instagram,Entrenamiento,Carrusel,0,39193.0,59970.0,811,65,73,67.0,32,19
P00098,2024-08-22,Facebook,Cantera,Imagen,0,11474.0,17165.0,73,3,5,4.0,1,0
P00099,2024-08-22,Facebook,Patrocinador,Vídeo corto,0,18973.0,27939.0,139,11,8,17.0,5,2
P00100,2024-08-22,Facebook,Patrocinador,Vídeo corto,0,12137.0,19771.0,96,7,4,11.0,3,1
P00101,2024-08-22,Facebook,Cantera,Imagen,0,9724.0,15321.0,55,4,3,8.0,2,0
P00102,2024-08-22,Facebook,Entrenamiento,Imagen,0,22995.0,28905.0,331,19,18,26.0,8,6
P00103,2024-08-22,Facebook,Previa,Carrusel,0,5257.0,7209.0,51,4,3,5.0,2,0
P00104,2024-08-22,TikTok,Patrocinador,Vídeo corto,0,5854.0,9658.0,233,22,16,22.0,12,4
P00105,2024-08-23,Instagram,Cantera,Vídeo corto,0,28764.0,44667.0,1357,134,153,80.0,69,26
P00106,2024-08-23,Instagram,Fichajes,Carrusel,0,23478.0,27264.0,2150,176,228,44.0,92,37
P00107,2024-08-23,X,Patrocinador,Imagen,0,7115.0,11104.0,29,2,2,4.0,0,0
P00108,2024-08-23,X,Entrenamiento,Vídeo largo,0,29760.0,47683.0,439,26,23,46.0,14,5
P00109,2024-08-23,Facebook,Previa,Vídeo corto,0,13275.0,18463.0,278,16,24,13.0,8,3
P00110,2024-08-24,X,Institucional,Vídeo corto,1,40560.0,66342.0,726,48,39,36.0,32,5
P00111,2024-08-24,X,Previa,Texto,1,48831.0,67724.0,509,41,36,34.0,26,9
P00112,2024-08-24,Facebook,Directo,Vídeo corto,1,7935.0,11372.0,179,14,11,10.0,10,1
P00113,2024-08-24,Facebook,Resumen,Vídeo corto,1,17255.0,28374.0,556,42,52,62.0,30,5
P00114,2024-08-24,TikTok,Directo,Vídeo corto,1,7451.0,9241.0,858,55,63,69.0,42,5
P00115,2024-08-24,TikTok,Resumen,Vídeo corto,1,8710.0,11669.0,1864,143,204,92.0,96,28
P00116,2024-08-24,YouTube,Patrocinador,Vídeo largo,1,4058.0,5627.0,42,2,4,3.0,1,0
P00117,2024-08-24,YouTube,Resumen,Vídeo corto,1,,10673.0,525,45,39,57.0,30,8
P00118,2024-08-24,YouTube,Previa,Vídeo corto,1,6147.0,9345.0,256,19,27,26.0,13,2
P00119,2024-08-25,Instagram,Resumen,Imagen,0,23611.0,29110.0,1319,99,89,50.0,55,26
P00120,2024-08-25,X,Fichajes,Imagen,0,22937.0,32258.0,549,51,57,21.0,26,8
P00121,2024-08-25,Facebook,Efeméride,Imagen,0,9666.0,11151.0,41,2,3,3.0,1,0
P00122,2024-08-25,TikTok,Patrocinador,Vídeo corto,0,,2975.0,115,10,8,11.0,5,2
P00123,2024-08-25,TikTok,Efeméride,Vídeo corto,0,7097.0,7966.0,493,43,36,29.0,21,10
P00124,2024-08-26,X,Entrenamiento,Vídeo corto,0,10042.0,14312.0,170,14,8,22.0,5,3
P00125,2024-08-26,X,Previa,Vídeo corto,0,18476.0,25908.0,265,20,20,21.0,9,5
P00126,2024-08-26,TikTok,Cantera,Vídeo corto,0,11568.0,17595.0,941,89,57,42.0,52,21
P00127,2024-08-27,Facebook,Efeméride,Carrusel,0,14017.0,20063.0,156,14,12,5.0,5,3
P00128,2024-08-27,Facebook,Entrenamiento,Texto,0,12844.0,18518.0,113,6,12,5.0,2,1
P00129,2024-08-27,Facebook,Fichajes,Vídeo corto,0,13209.0,16408.0,224,17,11,23.0,10,2
P00130,2024-08-27,Facebook,Efeméride,Carrusel,0,6082.0,8494.0,60,4,5,6.0,1,1
P00131,2024-08-27,Facebook,Patrocinador,Vídeo corto,0,11501.0,16822.0,97,7,5,8.0,4,1
P00132,2024-08-28,x,Entrenamiento,Texto,0,32981.0,43886.0,383,30,37,25.0,16,8
P00133,2024-08-28,X,Efeméride,Texto,0,22794.0,36812.0,171,11,10,18.0,6,2
P00134,2024-08-28,Facebook,Efeméride,Vídeo largo,0,6821.0,8520.0,52,3,4,6.0,1,0
P00135,2024-08-28,TikTok,Entrenamiento,Vídeo corto,0,5449.0,6270.0,483,34,45,45.0,20,5
P00136,2024-08-28,TikTok,Afición,Vídeo corto,0,5837.0,6787.0,847,53,55,87.0,27,16
P00137,2024-08-28,TikTok,Patrocinador,Vídeo corto,0,2915.0,4537.0,201,17,18,0.0,9,3
P00138,2024-08-28,TikTok,Afición,Vídeo corto,0,7108.0,8417.0,732,49,71,24.0,27,13
P00139,2024-08-28,YouTube,Cantera,Vídeo largo,0,4944.0,6709.0,101,7,11,7.0,4,1
P00140,2024-08-29,X,Institucional,Imagen,0,26408.0,32079.0,179,11,13,14.0,5,3
P00141,2024-08-29,X,Afición,Texto,0,14956.0,18838.0,169,9,15,,5,2
P00142,2024-08-29,X,Institucional,Vídeo corto,0,22531.0,28424.0,265,15,21,36.0,8,3
P00143,2024-08-29,YouTube,Cantera,Vídeo largo,0,8946.0,10664.0,110,9,9,6.0,5,1
P00144,2024-08-30,Instagram,Institucional,Texto,0,33703.0,53691.0,612,53,33,64.0,28,10
P00145,2024-08-30,X,Efeméride,Carrusel,0,17676.0,21616.0,323,26,18,14.0,14,7
P00146,2024-08-30,Facebook,Entrenamiento,Imagen,0,18877.0,27483.0,163,11,12,18.0,6,1
P00147,2024-08-31,Instagram,Afición,Vídeo corto,1,51962.0,66418.0,5894,360,592,340.0,253,49
P00148,2024-08-31,Instagram,Cantera,Imagen,1,72492.0,117303.0,1797,114,188,110.0,77,23
P00149,2024-08-31,X,Directo,Imagen,1,22964.0,34331.0,795,58,65,16.0,42,8
P00150,2024-08-31,X,Previa,Vídeo corto,1,46287.0,74800.0,1080,58,103,17.0,35,11
P00151,2024-08-31,X,Resumen,Imagen,1,17580.0,26433.0,415,32,42,40.0,19,5
P00152,2024-08-31,Facebook,Previa,Vídeo corto,1,28416.0,38441.0,562,41,28,30.0,27,6
P00153,2024-08-31,TikTok,Previa,Vídeo corto,1,7103.0,9490.0,1231,71,76,74.0,48,10
P00154,2024-08-31,TikTok,Resumen,Vídeo corto,1,13609.0,21553.0,2988,259,189,163.0,181,27
P00155,2024-08-31,YouTube,Patrocinador,Vídeo corto,1,3967.0,5848.0,82,4,8,10.0,3,0
P00156,2024-08-31,youtube,Directo,Vídeo largo,1,8196.0,9511.0,352,30,29,8.0,20,4
P00157,2024-08-31,YouTube,Resumen,Vídeo largo,1,5749.0,9357.0,186,9,13,8.0,5,2
P00158,2024-09-01,Instagram,Patrocinador,Imagen,0,19375.0,29077.0,308,27,29,21.0,14,6
P00159,2024-09-01,Instagram,Fichajes,Imagen,0,26015.0,29263.0,1227,65,128,84.0,31,19
P00160,2024-09-01,X,Fichajes,Vídeo corto,0,13822.0,21190.0,621,55,44,15.0,30,9
P00161,2024-09-01,Facebook,Entrenamiento,Vídeo corto,0,17052.0,19365.0,149,13,12,7.0,8,2
P00162,2024-09-01,Facebook,Entrenamiento,Vídeo corto,0,11149.0,17523.0,182,16,18,0.0,7,5
P00163,2024-09-01,YouTube,Institucional,Vídeo largo,0,4768.0,6937.0,37,2,3,3.0,0,0
P00164,2024-09-02,Instagram,Efeméride,Vídeo largo,0,18822.0,23892.0,808,45,49,46.0,27,10
P00165,2024-09-02,Instagram,Fichajes,Vídeo corto,0,23656.0,35401.0,2871,172,254,234.0,89,39
P00166,2024-09-02,Instagram,Entrenamiento,Imagen,0,16716.0,18897.0,510,37,49,5.0,19,10
P00167,2024-09-02,X,Cantera,Carrusel,0,30223.0,48018.0,286,26,19,6.0,13,6
P00168,2024-09-02,X,Patrocinador,Vídeo largo,0,37245.0,54331.0,233,19,21,8.0,8,3
P00169,2024-09-03,Instagram,Institucional,Imagen,0,25530.0,40102.0,522,40,52,2.0,20,7
P00170,2024-09-03,Instagram,Entrenamiento,Vídeo corto,0,20325.0,24733.0,1647,155,85,111.0,93,34
P00171,2024-09-03,Instagram,Afición,Vídeo corto,0,72858.0,113850.0,9616,797,825,295.0,393,236
P00172,2024-09-03,X,Cantera,Imagen,0,14225.0,17436.0,258,15,26,31.0,8,3
P00173,2024-09-03,Facebook,Fichajes,Vídeo corto,0,8191.0,12396.0,246,19,18,24.0,11,4
P00174,2024-09-03,TikTok,Institucional,Vídeo corto,0,3886.0,4921.0,234,18,22,2.0,9,4
P00175,2024-09-04,X,Afición,Imagen,0,15961.0,23928.0,163,8,12,11.0,4,1
P00176,2024-09-04,Facebook,Previa,Imagen,0,11226.0,12742.0,96,5,6,6.0,2,1
P00177,2024-09-04,Facebook,Afición,Imagen,0,12796.0,14840.0,130,7,11,5.0,2,1
P00178,2024-09-05,X,Patrocinador,Vídeo corto,0,26665.0,32448.0,333,27,22,13.0,16,4
P00179,2024-09-05,Facebook,Fichajes,Imagen,0,14564.0,23939.0,134,9,9,10.0,5,1
P00180,2024-09-05,Facebook,Previa,Vídeo corto,0,21957.0,30622.0,236,15,11,20.0,8,4
P00181,2024-09-06,Instagram,Entrenamiento,Imagen,0,13839.0,20145.0,345,32,30,29.0,15,7
P00182,2024-09-06,Instagram,Efeméride,Imagen,0,9634.0,15424.0,416,30,33,7.0,15,9
P00183,2024-09-06,X,Cantera,Texto,0,18516.0,21083.0,144,11,15,0.0,5,3
P00184,2024-09-06,YouTube,Patrocinador,Vídeo corto,0,4187.0,4945.0,69,4,4,5.0,2,0
P00185,2024-09-06,YouTube,Resumen,Vídeo corto,0,4790.0,5506.0,461,27,46,4.0,14,7
P00186,2024-09-07,Instagram,Efeméride,Imagen,1,37175.0,55914.0,922,49,57,134.0,16,12
P00187,2024-09-07,Instagram,Resumen,Vídeo corto,1,28048.0,31768.0,1925,174,124,60.0,81,34
P00188,2024-09-07,Instagram,Previa,Imagen,1,28899.0,44512.0,1231,109,96,80.0,47,25
P00189,2024-09-07,Instagram,Previa,Carrusel,1,23624.0,37914.0,789,74,66,76.0,23,26
P00190,2024-09-07,Facebook,Afición,Carrusel,1,22756.0,37500.0,406,31,31,26.0,8,8
P00191,2024-09-07,Facebook,Directo,Vídeo corto,1,30437.0,35563.0,621,33,57,17.0,12,9
P00192,2024-09-07,Facebook,Directo,Imagen,1,15989.0,21414.0,155,13,7,16.0,5,3
P00193,2024-09-07,Facebook,Institucional,Vídeo largo,1,33794.0,44553.0,89,8,6,6.0,3,2
P00194,2024-09-07,TikTok,Directo,Vídeo corto,1,6280.0,9217.0,515,32,49,,9,9
P00195,2024-09-07,YouTube,Patrocinador,Vídeo corto,1,4899.0,8031.0,54,3,5,1.0,1,0
P00196,2024-09-07,YouTube,Efeméride,Vídeo corto,1,3150.0,4496.0,79,6,6,8.0,2,1
P00197,2024-09-07,YouTube,Resumen,Vídeo largo,1,9295.0,13619.0,196,19,14,15.0,6,4
P00198,2024-09-08,Instagram,Institucional,Imagen,0,36587.0,41812.0,714,41,57,59.0,22,8
P00199,2024-09-08,Instagram,Entrenamiento,Texto,0,25758.0,36688.0,358,30,35,32.0,16,7
P00200,2024-09-08,Instagram,Afición,Imagen,0,23821.0,31571.0,1171,91,108,108.0,48,16
P00201,2024-09-08,X,Efeméride,Vídeo corto,0,47306.0,65207.0,610,50,41,32.0,35,9
P00202,2024-09-08,X,Efeméride,Texto,0,26042.0,37496.0,183,14,20,14.0,6,3
P00203,2024-09-08,X,Afición,Texto,0,23890.0,34774.0,250,15,19,18.0,8,4
P00204,2024-09-08,X,Entrenamiento,Carrusel,0,12636.0,20303.0,207,15,14,21.0,8,4
P00205,2024-09-08,Facebook,Entrenamiento,Vídeo largo,0,8991.0,10890.0,91,7,6,3.0,3,2
P00206,2024-09-09,Instagram,Entrenamiento,Texto,0,33131.0,45527.0,936,51,95,83.0,26,10
P00207,2024-09-09,Instagram,Fichajes,Vídeo corto,0,36481.0,46488.0,2148,106,186,159.0,57,23
P00208,2024-09-09,Instagram,Institucional,Imagen,0,11578.0,17520.0,289,18,26,35.0,9,5
P00209,2024-09-09,Instagram,Afición,Vídeo corto,0,22825.0,37404.0,1264,119,90,80.0,69,28
P00210,2024-09-09,X,Institucional,Vídeo corto,0,18696.0,24790.0,95,5,6,5.0,2,0
P00211,2024-09-09,Facebook,Previa,Imagen,0,16157.0,18387.0,253,18,14,37.0,11,3
P00212,2024-09-09,Facebook,Entrenamiento,Carrusel,0,18586.0,29209.0,149,11,15,13.0,5,2
P00213,2024-09-10,Instagram,Afición,Carrusel,0,19894.0,24527.0,710,60,47,35.0,30,18
P00214,2024-09-10,Instagram,Efeméride,Imagen,0,15842.0,26109.0,728,68,43,51.0,29,20
P00215,2024-09-10,Facebook,Institucional,Carrusel,0,10791.0,13896.0,53,3,3,8.0,1,0
P00216,2024-09-10,facebook,Efeméride,Carrusel,0,9561.0,14689.0,72,4,7,5.0,1,0
P00217,2024-09-10,YouTube,Patrocinador,Vídeo largo,0,6726.0,8339.0,62,4,6,2.0,2,0
P00218,2024-09-11,Instagram,Cantera,Imagen,0,30380.0,38465.0,775,53,83,69.0,23,14
P00219,2024-09-11,X,Entrenamiento,Texto,0,21158.0,26849.0,152,14,15,11.0,7,3
P00220,2024-09-11,Facebook,Resumen,Imagen,0,50340.0,74958.0,530,27,54,6.0,15,4
P00221,2024-09-11,Facebook,Afición,Carrusel,0,9301.0,14300.0,91,6,4,,3,1
P00222,2024-09-11,TikTok,Patrocinador,Vídeo corto,0,5188.0,6415.0,192,12,16,23.0,6,3
P00223,2024-09-11,TikTok,Institucional,Vídeo corto,0,7005.0,11443.0,274,24,17,7.0,13,5
P00224,2024-09-11,YouTube,Efeméride,Vídeo largo,0,3693.0,4184.0,88,6,4,5.0,3,1
P00225,2024-09-12,Instagram,Cantera,Imagen,0,17486.0,26108.0,279,19,16,39.0,10,4
P00226,2024-09-12,Instagram,Previa,Imagen,0,28598.0,39097.0,1086,92,102,64.0,60,13
P00227,2024-09-12,Instagram,Patrocinador,Imagen,0,21534.0,32862.0,420,30,43,44.0,16,6
P00228,2024-09-12,X,Entrenamiento,Carrusel,0,11235.0,14318.0,191,12,13,22.0,6,2
P00229,2024-09-12,Facebook,Directo,Imagen,0,9681.0,12730.0,179,10,16,11.0,5,2
P00230,2024-09-12,Facebook,Fichajes,Vídeo corto,0,6441.0,7842.0,125,12,7,16.0,6,3
P00231,2024-09-12,TikTok,Institucional,Vídeo corto,0,6303.0,8943.0,377,19,33,26.0,9,4
P00232,2024-09-12,YouTube,Cantera,Vídeo largo,0,5626.0,7738.0,69,6,4,8.0,2,1
P00233,2024-09-12,YouTube,Fichajes,Vídeo corto,0,4411.0,6217.0,472,33,22,27.0,15,9
P00234,2024-09-13,Instagram,Efeméride,Vídeo corto,0,14596.0,17197.0,606,38,36,44.0,21,8
P00235,2024-09-13,X,Entrenamiento,Texto,0,10736.0,17075.0,87,8,7,9.0,3,2
P00236,2024-09-13,X,Entrenamiento,Carrusel,0,15770.0,20429.0,226,21,13,8.0,11,5
P00237,2024-09-13,Facebook,Fichajes,Imagen,0,13805.0,19670.0,233,16,13,24.0,8,3
P00238,2024-09-13,YouTube,Patrocinador,Vídeo corto,0,4285.0,6033.0,44,3,3,3.0,1,0
P00239,2024-09-14,Instagram,Resumen,Imagen,1,35668.0,52303.0,1389,124,113,41.0,39,34
P00240,2024-09-14,Instagram,Previa,Carrusel,1,47336.0,70628.0,1123,86,57,60.0,28,23
P00241,2024-09-14,Instagram,Afición,Vídeo corto,1,21377.0,24584.0,-1,101,86,107.0,35,30
P00242,2024-09-14,Instagram,Institucional,Vídeo largo,1,30692.0,50242.0,354,32,25,36.0,11,8
P00243,2024-09-14,instagram,Directo,Vídeo corto,1,29070.0,39927.0,1758,150,104,96.0,37,53
P00244,2024-09-14,X,Resumen,Vídeo corto,1,18197.0,21981.0,357,27,21,35.0,9,10
P00245,2024-09-14,X,Previa,Texto,1,26360.0,37134.0,169,11,18,11.0,3,4
P00246,2024-09-14,X,Directo,Carrusel,1,23171.0,29341.0,295,15,27,26.0,4,5
P00247,2024-09-14,X,Previa,Texto,1,47125.0,61483.0,296,21,14,16.0,5,7
P00248,2024-09-14,X,Patrocinador,Texto,1,14846.0,19754.0,35,2,3,1.0,0,0
P00249,2024-09-14,Facebook,Directo,Imagen,1,10575.0,15230.0,105,10,9,8.0,3,2
P00250,2024-09-14,Facebook,Efeméride,Carrusel,1,26699.0,31748.0,172,14,13,20.0,4,6
P00251,2024-09-14,Facebook,Previa,Texto,1,20806.0,26307.0,185,16,13,9.0,4,4
P00252,2024-09-14,TikTok,Efeméride,Vídeo corto,1,10653.0,14749.0,868,62,80,73.0,24,23
P00253,2024-09-14,TikTok,Directo,Vídeo corto,1,8066.0,10272.0,608,45,30,67.0,9,16
P00254,2024-09-14,tiktok,Previa,Vídeo corto,1,6635.0,9654.0,515,32,46,31.0,15,8
P00255,2024-09-14,YouTube,Entrenamiento,Vídeo corto,1,17852.0,23944.0,391,22,37,32.0,4,6
P00256,2024-09-14,YouTube,Fichajes,Vídeo largo,1,2762.0,3975.0,66,5,5,1.0,1,1
P00257,2024-09-15,Instagram,Afición,Texto,0,12944.0,14521.0,658,42,58,27.0,24,7
P00258,2024-09-15,Facebook,Cantera,Vídeo corto,0,16861.0,23971.0,197,13,18,19.0,6,3
P00259,2024-09-15,Facebook,Entrenamiento,Vídeo corto,0,7731.0,11755.0,69,5,5,3.0,3,1
P00260,2024-09-15,Facebook,Resumen,Imagen,0,13993.0,21752.0,288,15,29,17.0,6,4
P00261,2024-09-15,Facebook,Afición,Carrusel,0,7990.0,11394.0,115,8,8,6.0,4,1
P00262,2024-09-15,TikTok,Afición,Vídeo corto,0,7888.0,10157.0,981,69,59,149.0,32,21
P00263,2024-09-15,YouTube,Entrenamiento,Vídeo corto,0,7740.0,12121.0,218,17,20,16.0,9,3
P00264,2024-09-16,Instagram,Institucional,Vídeo corto,0,42715.0,54666.0,1781,164,132,11.0,78,48
P00265,2024-09-16,Instagram,Resumen,Imagen,0,12311.0,20072.0,639,58,34,20.0,33,15
P00266,2024-09-16,Instagram,Entrenamiento,Imagen,0,37773.0,57889.0,1594,104,110,78.0,46,35
P00267,2024-09-16,Instagram,Patrocinador,Vídeo corto,0,41466.0,55115.0,862,70,42,83.0,36,12
P00268,2024-09-16,X,Afición,Texto,0,11560.0,17761.0,162,14,13,0.0,7,2
P00269,2024-09-16,Facebook,Fichajes,Vídeo corto,0,12637.0,19114.0,319,18,18,21.0,10,3
P00270,2024-09-16,TikTok,Afición,Vídeo corto,0,11242.0,16916.0,913,69,92,24.0,43,11
P00271,2024-09-16,YouTube,Resumen,Vídeo corto,0,3112.0,3889.0,198,14,15,16.0,7,3
P00272,2024-09-16,YouTube,Cantera,Vídeo largo,0,3827.0,6184.0,42,2,2,4.0,1,0
P00273,2024-09-17,X,Fichajes,Imagen,0,14728.0,20060.0,258,22,28,14.0,11,5
P00274,2024-09-17,Facebook,Cantera,Imagen,0,17816.0,27626.0,110,9,9,2.0,4,2
P00275,2024-09-17,TikTok,Fichajes,Vídeo corto,0,6047.0,7631.0,654,60,36,45.0,29,14
P00276,2024-09-17,TikTok,Patrocinador,Vídeo corto,0,4137.0,6630.0,252,17,17,9.0,8,3
P00277,2024-09-18,INSTAGRAM,Entrenamiento,Carrusel,0,16961.0,22439.0,864,57,80,94.0,27,17
P00278,2024-09-18,X,Institucional,Texto,0,33440.0,50451.0,137,8,7,22.0,4,2
P00279,2024-09-18,X,Entrenamiento,Imagen,0,19624.0,27532.0,330,25,19,19.0,13,5
P00280,2024-09-18,X,Resumen,Texto,0,20116.0,23222.0,161,10,16,10.0,5,2
P00281,2024-09-18,Facebook,Fichajes,Imagen,0,19976.0,25138.0,348,27,23,32.0,16,6
P00282,2024-09-18,Facebook,Resumen,Carrusel,0,26119.0,38287.0,284,22,16,36.0,13,3
P00283,2024-09-18,Facebook,Patrocinador,Carrusel,0,6370.0,8952.0,21,1,1,4.0,0,0
P00284,2024-09-18,Facebook,Entrenamiento,Imagen,0,18347.0,24182.0,172,8,12,12.0,3,2
P00285,2024-09-18,Facebook,Fichajes,Vídeo largo,0,7416.0,10990.0,110,10,8,12.0,5,2
P00286,2024-09-18,Facebook,Afición,Imagen,0,24829.0,36835.0,309,25,32,0.0,13,6
P00287,2024-09-18,YouTube,Directo,Vídeo largo,0,3924.0,4439.0,118,6,6,12.0,3,1
P00288,2024-09-19,X,Directo,Texto,0,22746.0,31130.0,189,14,11,10.0,7,2
P00289,2024-09-19,X,Directo,Imagen,0,36593.0,46215.0,812,59,41,33.0,26,12
P00290,2024-09-19,Facebook,Fichajes,Vídeo corto,0,13389.0,15051.0,240,16,14,17.0,9,4
P00291,2024-09-19,YouTube,Cantera,Vídeo largo,0,3975.0,5541.0,56,3,6,7.0,1,0
P00292,2024-09-20,Instagram,Entrenamiento,Imagen,0,18105.0,25164.0,870,76,48,92.0,46,16
P00293,2024-09-20,Instagram,Entrenamiento,Carrusel,0,21980.0,28983.0,920,50,53,64.0,23,14
P00294,2024-09-20,Facebook,Entrenamiento,Vídeo corto,0,6636.0,10421.0,100,6,11,11.0,3,1
P00295,2024-09-21,Instagram,Entrenamiento,Imagen,0,15611.0,20384.0,550,40,57,7.0,21,11
P00296,2024-09-22,Instagram,Directo,Vídeo corto,0,27816.0,44406.0,2132,110,194,120.0,55,29
P00297,2024-09-22,X,Efeméride,Imagen,0,23936.0,37886.0,402,20,37,35.0,10,5
P00298,2024-09-22,TikTok,Patrocinador,Vídeo corto,0,6519.0,8052.0,222,13,11,38.0,7,2
P00299,2024-09-23,Instagram,Fichajes,Imagen,0,32041.0,48288.0,2036,155,207,107.0,68,39
P00300,2024-09-23,Instagram,Afición,Texto,0,17033.0,26364.0,393,23,34,54.0,15,4
P00301,2024-09-23,Facebook,Cantera,Imagen,0,17733.0,28947.0,113,9,8,9.0,4,2
P00302,2024-09-23,TikTok,Entrenamiento,Vídeo corto,0,5785.0,7068.0,670,39,43,95.0,19,12
P00303,2024-09-23,TikTok,Cantera,Vídeo corto,0,7071.0,9501.0,541,27,40,28.0,14,5
P00304,2024-09-23,YouTube,Previa,Vídeo largo,0,3391.0,5502.0,62,3,5,5.0,1,0
P00305,2024-09-23,YouTube,Efeméride,Vídeo largo,0,9909.0,14524.0,306,14,17,25.0,7,2
P00306,2024-09-23,YouTube,Patrocinador,Vídeo corto,0,3891.0,4454.0,61,3,4,9.0,1,0
P00307,2024-09-24,Facebook,Institucional,Carrusel,0,22475.0,36377.0,130,7,8,8.0,3,1
P00308,2024-09-25,Instagram,Patrocinador,Texto,0,20695.0,32757.0,324,20,21,50.0,10,5
P00309,2024-09-25,X,Cantera,Imagen,0,18676.0,21884.0,172,14,13,2.0,8,3
P00310,2024-09-25,X,Resumen,Vídeo largo,0,20225.0,22700.0,273,26,27,21.0,15,6
P00311,2024-09-25,Facebook,Fichajes,Vídeo corto,0,25182.0,36057.0,443,31,39,49.0,16,5
P00312,2024-09-25,Facebook,Efeméride,Imagen,0,39182.0,45889.0,336,21,15,27.0,13,3
P00313,2024-09-25,Facebook,Patrocinador,Imagen,0,11062.0,13887.0,66,4,6,5.0,1,0
P00314,2024-09-25,facebook,Efeméride,Carrusel,0,6693.0,7930.0,67,3,5,4.0,1,0
P00315,2024-09-25,Facebook,Resumen,Vídeo corto,0,20701.0,,492,44,24,32.0,21,12
P00316,2024-09-25,Facebook,Entrenamiento,Vídeo largo,0,9474.0,12802.0,89,4,4,11.0,1,1
P00317,2024-09-25,TikTok,Resumen,Vídeo corto,0,21508.0,32661.0,2846,181,157,297.0,83,51
P00318,2024-09-25,TikTok,Institucional,Vídeo corto,0,7580.0,11071.0,390,20,24,35.0,11,3
P00319,2024-09-26,Instagram,Patrocinador,Imagen,0,14471.0,21966.0,152,13,7,18.0,7,2
P00320,2024-09-26,Facebook,Resumen,Vídeo corto,0,27808.0,32236.0,477,27,46,16.0,14,4
P00321,2024-09-26,TikTok,Fichajes,Vídeo corto,0,7402.0,8668.0,920,52,91,78.0,24,11
P00322,2024-09-27,YouTube,Resumen,Vídeo corto,0,7054.0,10323.0,426,21,45,23.0,10,5
P00323,2024-09-28,Instagram,Resumen,Carrusel,1,24181.0,37672.0,1937,115,134,145.0,55,31
P00324,2024-09-28,Instagram,Directo,Vídeo largo,1,34689.0,52667.0,2825,259,265,84.0,126,81
P00325,2024-09-28,Instagram,Directo,Carrusel,1,16963.0,22726.0,971,61,75,51.0,31,14
P00326,2024-09-28,X,Resumen,Imagen,1,14641.0,17365.0,331,30,33,11.0,15,6
P00327,2024-09-28,X,Fichajes,Imagen,1,18453.0,27650.0,364,18,36,39.0,8,5
P00328,2024-09-28,FACEBOOK,Previa,Imagen,1,15834.0,19355.0,146,7,9,9.0,3,2
P00329,2024-09-28,Facebook,Afición,Imagen,1,18411.0,25159.0,248,13,22,,6,3
P00330,2024-09-28,TikTok,Afición,Vídeo corto,1,11993.0,18963.0,537,44,45,29.0,21,9
P00331,2024-09-28,TikTok,Resumen,Vídeo corto,1,7599.0,8870.0,1297,119,114,62.0,59,36
P00332,2024-09-29,Instagram,Patrocinador,Imagen,0,23113.0,34001.0,279,19,22,20.0,9,4
P00333,2024-09-29,Instagram,Efeméride,Imagen,0,21270.0,32509.0,602,42,61,11.0,22,7
P00334,2024-09-29,Instagram,Resumen,Vídeo corto,0,16033.0,26207.0,1683,105,85,117.0,62,20
P00335,2024-09-29,X,Patrocinador,Imagen,0,22164.0,31340.0,89,4,7,10.0,1,1
P00336,2024-09-29,Facebook,Entrenamiento,Imagen,0,14573.0,16969.0,135,7,14,15.0,3,1
P00337,2024-09-29,TikTok,Resumen,Vídeo corto,0,5123.0,7067.0,500,37,49,16.0,22,8
P00338,2024-09-29,YouTube,Entrenamiento,Vídeo largo,0,3886.0,4935.0,74,4,3,13.0,2,0
P00339,2024-09-29,YouTube,Resumen,Vídeo largo,0,1309.0,2043.0,36,1,1,8.0,0,0
P00340,2024-09-30,Instagram,Institucional,Imagen,0,58893.0,79015.0,1382,126,102,102.0,74,23
P00341,2024-09-30,Facebook,Institucional,Carrusel,0,10660.0,15591.0,50,4,4,1.0,2,0
P00342,2024-09-30,Facebook,Cantera,Imagen,0,15726.0,20128.0,166,11,16,,5,2
P00343,2024-09-30,Facebook,Afición,Imagen,0,13782.0,19407.0,169,16,15,12.0,8,3
P00344,2024-10-01,Instagram,Previa,Vídeo corto,0,35930.0,56378.0,2183,140,170,277.0,55,38
P00345,2024-10-01,Instagram,Fichajes,Texto,0,21320.0,30067.0,1052,101,85,90.0,51,24
P00346,2024-10-01,Instagram,Cantera,Vídeo corto,0,21974.0,27813.0,880,50,98,88.0,25,10
P00347,2024-10-01,X,Previa,Texto,0,10547.0,13133.0,73,5,5,4.0,2,1
P00348,2024-10-01,Facebook,Institucional,Imagen,0,7799.0,11984.0,28,1,2,3.0,0,0
P00349,2024-10-01,Facebook,Institucional,Vídeo corto,0,12483.0,16291.0,107,8,9,5.0,4,1
P00350,2024-10-02,Instagram,Previa,Imagen,0,25620.0,39486.0,693,40,48,60.0,22,7
P00351,2024-10-02,Facebook,Patrocinador,Vídeo corto,0,19216.0,25031.0,121,7,8,14.0,4,1
P00352,2024-10-02,Facebook,Entrenamiento,Vídeo corto,0,10956.0,17624.0,93,6,7,7.0,2,1
P00353,2024-10-03,Instagram,Patrocinador,Carrusel,0,19101.0,26884.0,598,34,51,46.0,12,10
P00354,2024-10-03,Instagram,Institucional,Imagen,0,44121.0,61148.0,723,51,37,55.0,29,12
P00355,2024-10-03,X,Entrenamiento,Imagen,0,36319.0,47108.0,524,35,41,38.0,19,10
P00356,2024-10-03,TikTok,Resumen,Vídeo corto,0,12265.0,19759.0,1107,60,85,44.0,26,19
P00357,2024-10-03,TikTok,Directo,Vídeo corto,0,10815.0,16724.0,1458,79,143,96.0,35,20
P00358,2024-10-03,TikTok,Resumen,Vídeo corto,0,5823.0,8712.0,791,78,78,38.0,42,13
P00359,2024-10-03,TikTok,Cantera,Vídeo corto,0,4261.0,5539.0,337,27,26,7.0,15,4
P00360,2024-10-03,YouTube,Institucional,Vídeo largo,0,9503.0,13568.0,92,8,5,6.0,4,1
P00361,2024-10-04,Instagram,Efeméride,Imagen,0,25733.0,31563.0,612,41,70,57.0,20,8
P00362,2024-10-04,Instagram,Patrocinador,Vídeo corto,0,77714.0,120143.0,2855,207,214,200.0,112,53
P00363,2024-10-04,Instagram,Entrenamiento,Imagen,0,12412.0,18150.0,354,17,18,41.0,10,3
P00364,2024-10-04,Instagram,Afición,Carrusel,0,6760.0,8398.0,310,21,26,10.0,10,5
P00365,2024-10-04,X,Cantera,Imagen,0,28268.0,33685.0,247,16,22,17.0,6,5
P00366,2024-10-04,X,Efeméride,Texto,0,12495.0,14355.0,114,6,8,8.0,3,1
P00367,2024-10-04,YouTube,Afición,Vídeo largo,0,2098.0,2667.0,39,2,2,3.0,1,0
P00368,2024-10-05,Instagram,Resumen,Imagen,1,24679.0,30375.0,1552,114,136,33.0,79,12
P00369,2024-10-05,Instagram,Directo,Texto,1,16165.0,23483.0,630,40,50,65.0,29,3
P00370,2024-10-05,X,Entrenamiento,Carrusel,1,18706.0,21584.0,231,11,20,12.0,7,1
P00371,2024-10-05,X,Resumen,Imagen,1,29283.0,46031.0,351,25,22,50.0,19,3
P00372,2024-10-05,X,Resumen,Vídeo corto,1,14601.0,21001.0,477,38,34,22.0,23,7
P00373,2024-10-05,X,Directo,Imagen,1,36033.0,56235.0,981,74,50,122.0,51,14
P00374,2024-10-05,Facebook,Afición,Imagen,1,41216.0,56810.0,696,57,71,9.0,35,7
P00375,2024-10-05,TikTok,Directo,Vídeo corto,1,9950.0,14326.0,1420,85,80,117.0,56,16
P00376,2024-10-05,TikTok,Fichajes,Vídeo corto,1,9977.0,,1104,99,55,43.0,62,20
P00377,2024-10-05,TikTok,Resumen,Vídeo corto,1,5553.0,6301.0,1110,78,81,102.0,52,14
P00378,2024-10-05,TikTok,Resumen,Vídeo corto,1,10971.0,13747.0,2131,142,144,240.0,93,17
P00379,2024-10-05,YouTube,Directo,Vídeo largo,1,1581.0,2251.0,48,4,4,1.0,2,0
P00380,2024-10-06,Instagram,Patrocinador,Carrusel,0,31354.0,36905.0,704,45,49,102.0,27,9
P00381,2024-10-06,Instagram,Patrocinador,Imagen,0,47073.0,69898.0,786,60,77,17.0,32,14
P00382,2024-10-06,TikTok,Institucional,Vídeo corto,0,12071.0,14004.0,654,59,46,27.0,25,20
P00383,2024-10-06,YouTube,Entrenamiento,Vídeo largo,0,3280.0,4942.0,88,5,4,11.0,3,0
P00384,2024-10-07,Instagram,Fichajes,Vídeo corto,0,22878.0,36082.0,1850,152,154,39.0,97,23
P00385,2024-10-07,Instagram,Cantera,Vídeo corto,0,12315.0,18281.0,870,62,58,115.0,31,18
P00386,2024-10-07,Instagram,Previa,Vídeo corto,0,39553.0,58052.0,1684,100,82,199.0,61,24
P00387,2024-10-07,Facebook,Entrenamiento,Carrusel,0,10834.0,12805.0,118,6,9,9.0,2,1
P00388,2024-10-07,Facebook,Resumen,Vídeo largo,0,34622.0,56720.0,448,25,35,51.0,11,6
P00389,2024-10-07,tiktok,Previa,Vídeo corto,0,4807.0,6653.0,448,22,47,38.0,10,5
P00390,2024-10-08,Instagram,Efeméride,Vídeo largo,0,46330.0,51920.0,2126,198,183,182.0,107,38
P00391,2024-10-08,Instagram,Previa,Vídeo corto,0,31347.0,48759.0,1244,107,114,55.0,57,29
P00392,2024-10-08,Instagram,Patrocinador,Vídeo corto,0,32752.0,52919.0,938,47,53,78.0,24,14
P00393,2024-10-08,Instagram,Entrenamiento,Vídeo corto,0,22750.0,34630.0,1330,64,140,83.0,30,12
P00394,2024-10-08,X,Efeméride,Vídeo corto,0,42830.0,55551.0,805,67,64,54.0,39,13
P00395,2024-10-08,Facebook,Cantera,Imagen,0,15797.0,23886.0,82,6,8,5.0,3,1
P00396,2024-10-08,YouTube,Patrocinador,Vídeo corto,0,1764.0,2048.0,30,2,2,1.0,1,0
P00397,2024-10-08,YouTube,Efeméride,Vídeo corto,0,3003.0,3397.0,99,8,5,11.0,5,1
P00398,2024-10-09,X,Entrenamiento,Vídeo largo,0,44836.0,68804.0,632,59,62,26.0,34,15
P00399,2024-10-09,Facebook,Entrenamiento,Carrusel,0,15737.0,23350.0,75,3,5,9.0,1,0
P00400,2024-10-10,Instagram,Institucional,Carrusel,0,46354.0,53918.0,1061,66,55,157.0,29,21
P00401,2024-10-10,Instagram,Fichajes,Vídeo corto,0,14434.0,20056.0,1156,109,101,91.0,50,25
P00402,2024-10-10,Instagram,Efeméride,Vídeo corto,0,36436.0,54181.0,2618,139,251,247.0,68,29
P00403,2024-10-10,Instagram,Entrenamiento,Vídeo corto,0,63132.0,86329.0,2546,197,184,69.0,106,39
P00404,2024-10-10,X,Cantera,Vídeo corto,0,22135.0,28277.0,305,21,18,35.0,12,3
P00405,2024-10-10,X,Entrenamiento,Texto,0,16520.0,22064.0,90,6,4,13.0,3,1
P00406,2024-10-10,X,Efeméride,Imagen,0,18795.0,27540.0,221,16,18,25.0,9,3
P00407,2024-10-10,FACEBOOK,Resumen,Carrusel,0,14849.0,22222.0,288,21,26,12.0,10,4
P00408,2024-10-10,Facebook,Institucional,Imagen,0,6427.0,8532.0,32,3,1,3.0,1,0
P00409,2024-10-10,TikTok,Entrenamiento,Vídeo corto,0,10563.0,16522.0,1037,73,83,90.0,41,11
P00410,2024-10-11,x,Patrocinador,Imagen,0,10646.0,12880.0,71,4,5,11.0,1,1
P00411,2024-10-11,X,Directo,Imagen,0,18592.0,25157.0,350,23,31,15.0,10,7
P00412,2024-10-11,X,Efeméride,Carrusel,0,21580.0,32826.0,247,17,15,19.0,7,4
P00413,2024-10-11,Facebook,Previa,Vídeo corto,0,22107.0,27401.0,387,20,26,57.0,8,5
P00414,2024-10-11,Facebook,Fichajes,Carrusel,0,9483.0,11651.0,121,10,12,0.0,5,2
P00415,2024-10-11,Facebook,Cantera,Vídeo corto,0,21552.0,29919.0,219,12,16,24.0,6,3
P00416,2024-10-11,TikTok,Cantera,Vídeo corto,0,6633.0,8564.0,394,34,19,42.0,17,9
P00417,2024-10-11,TikTok,Cantera,Vídeo corto,0,8811.0,13440.0,461,42,46,35.0,21,7
P00418,2024-10-12,Instagram,Previa,Vídeo corto,1,17071.0,20256.0,605,56,41,18.0,21,13
P00419,2024-10-12,Instagram,Directo,Vídeo largo,1,33672.0,48519.0,1607,110,135,,40,37
P00420,2024-10-12,Instagram,Patrocinador,Vídeo corto,1,15676.0,23826.0,337,27,24,31.0,11,7
P00421,2024-10-12,X,Patrocinador,Texto,1,35605.0,56645.0,56,3,4,7.0,0,1
P00422,2024-10-12,X,Fichajes,Texto,1,15090.0,20357.0,203,15,12,13.0,5,5
P00423,2024-10-12,X,Resumen,Texto,1,16589.0,22288.0,178,16,10,5.0,4,6
P00424,2024-10-12,X,Afición,Imagen,1,21183.0,31775.0,241,16,13,23.0,4,6
P00425,2024-10-12,X,Afición,Vídeo corto,1,27350.0,39516.0,642,36,35,37.0,10,16
P00426,2024-10-12,X,Afición,Imagen,1,12747.0,14415.0,184,14,11,14.0,3,4
P00427,2024-10-12,Facebook,Entrenamiento,Imagen,1,9588.0,14307.0,51,2,4,4.0,0,0
P00428,2024-10-12,Facebook,Resumen,Imagen,1,37789.0,50515.0,383,33,38,0.0,13,9
P00429,2024-10-12,Facebook,Directo,Vídeo corto,1,23346.0,27817.0,323,22,31,33.0,5,5
P00430,2024-10-12,Facebook,Patrocinador,Carrusel,1,41184.0,61161.0,206,18,14,6.0,7,5
P00431,2024-10-12,TikTok,Patrocinador,Vídeo corto,1,7991.0,10476.0,248,21,13,26.0,7,8
P00432,2024-10-13,instagram,Entrenamiento,Texto,0,24124.0,29376.0,527,51,39,58.0,28,12
P00433,2024-10-13,Instagram,Institucional,Vídeo largo,0,36583.0,57879.0,401,29,21,35.0,18,5
P00434,2024-10-13,YouTube,Resumen,Vídeo largo,0,6331.0,8649.0,321,20,32,7.0,13,3
P00435,2024-10-14,Instagram,Patrocinador,Vídeo corto,0,17177.0,23788.0,525,43,45,14.0,24,7
P00436,2024-10-14,Instagram,Institucional,Imagen,0,27539.0,40222.0,573,43,49,10.0,26,9
P00437,2024-10-14,Instagram,Previa,Vídeo corto,0,22109.0,34000.0,-1,107,101,23.0,52,25
P00438,2024-10-14,X,Patrocinador,Imagen,0,43433.0,67097.0,174,12,8,20.0,5,2
P00439,2024-10-14,Facebook,Institucional,Imagen,0,7377.0,9835.0,31,1,2,3.0,0,0
P00440,2024-10-14,YouTube,Resumen,Vídeo largo,0,4615.0,7009.0,127,10,6,8.0,4,2
P00441,2024-10-15,Instagram,Previa,Vídeo largo,0,29099.0,40912.0,464,25,52,41.0,14,4
P00442,2024-10-15,Instagram,Entrenamiento,Vídeo corto,0,33120.0,46311.0,1364,106,151,120.0,55,22
P00443,2024-10-15,X,Patrocinador,Texto,0,9566.0,14185.0,64,5,4,4.0,2,1
P00444,2024-10-15,Facebook,Afición,Carrusel,0,7751.0,11156.0,81,4,8,10.0,2,0
P00445,2024-10-15,Facebook,Cantera,Vídeo corto,0,11852.0,15747.0,176,13,19,8.0,7,2
P00446,2024-10-15,YouTube,Institucional,Vídeo largo,0,8445.0,12595.0,76,6,8,5.0,3,1
P00447,2024-10-16,Instagram,Institucional,Vídeo corto,0,13413.0,18860.0,492,34,28,65.0,19,6
P00448,2024-10-16,X,Entrenamiento,Vídeo corto,0,30253.0,43465.0,669,39,60,71.0,21,8
P00449,2024-10-16,Facebook,Resumen,Imagen,0,57188.0,68507.0,758,47,40,93.0,27,9
P00450,2024-10-16,TikTok,Cantera,Vídeo corto,0,6181.0,9276.0,352,31,17,34.0,16,8
P00451,2024-10-16,YouTube,Efeméride,Vídeo corto,0,,3607.0,123,8,7,14.0,3,1
P00452,2024-10-16,YouTube,Previa,Vídeo largo,0,1228.0,1882.0,23,1,2,3.0,0,0
P00453,2024-10-16,YouTube,Previa,Vídeo largo,0,4008.0,5093.0,108,8,9,9.0,4,1
P00454,2024-10-17,Instagram,Fichajes,Texto,0,20869.0,26524.0,1614,119,158,0.0,66,28
P00455,2024-10-17,Instagram,Efeméride,Carrusel,0,33882.0,42494.0,2185,178,114,90.0,108,27
P00456,2024-10-17,Facebook,Patrocinador,Imagen,0,29429.0,45124.0,78,5,7,7.0,2,1
P00457,2024-10-17,TikTok,Efeméride,Vídeo corto,0,9369.0,12211.0,1038,62,87,27.0,32,14
P00458,2024-10-18,Instagram,Institucional,Imagen,0,13198.0,15483.0,358,26,32,20.0,15,6
P00459,2024-10-18,Instagram,Entrenamiento,Vídeo corto,0,35974.0,50368.0,2454,188,167,108.0,80,46
P00460,2024-10-18,Instagram,Efeméride,Texto,0,37036.0,46307.0,945,55,84,92.0,32,10
P00461,2024-10-18,X,Resumen,Carrusel,0,38192.0,56180.0,1036,63,98,126.0,29,17
P00462,2024-10-18,X,Cantera,Texto,0,16041.0,22566.0,78,4,5,7.0,2,0
P00463,2024-10-18,X,Cantera,Vídeo corto,0,20770.0,28467.0,265,15,16,20.0,8,3
P00464,2024-10-18,YouTube,Patrocinador,Vídeo corto,0,7189.0,10183.0,87,7,4,5.0,4,1
P00465,2024-10-19,Instagram,Resumen,Imagen,1,10730.0,15142.0,569,47,38,59.0,36,4
P00466,2024-10-19,X,Efeméride,Vídeo corto,1,14724.0,17255.0,261,20,22,15.0,12,4
P00467,2024-10-19,X,Previa,Imagen,1,29622.0,36557.0,440,31,22,39.0,22,3
P00468,2024-10-19,X,Resumen,Vídeo largo,1,10312.0,15889.0,278,14,28,14.0,9,2
P00469,2024-10-19,Facebook,Directo,Imagen,1,32702.0,49380.0,469,28,36,43.0,13,5
P00470,2024-10-19,Facebook,Previa,Vídeo corto,1,10900.0,16252.0,256,23,17,17.0,14,3
P00471,2024-10-19,Facebook,Directo,Vídeo corto,1,17422.0,22402.0,368,30,37,1.0,17,6
P00472,2024-10-19,Facebook,Resumen,Vídeo corto,1,24032.0,31558.0,463,34,28,32.0,22,5
P00473,2024-10-19,TikTok,Directo,Vídeo corto,1,12189.0,17599.0,1514,114,107,32.0,81,19
P00474,2024-10-19,TikTok,Directo,Vídeo corto,1,12041.0,14582.0,1271,73,74,74.0,55,6
P00475,2024-10-20,Instagram,Resumen,Carrusel,0,55399.0,64159.0,3167,261,242,91.0,131,81
P00476,2024-10-20,X,Afición,Texto,0,8353.0,10346.0,63,5,4,4.0,1,1
P00477,2024-10-20,X,Cantera,Texto,0,17273.0,20609.0,110,6,11,4.0,3,1
P00478,2024-10-20,X,Institucional,Vídeo largo,0,12065.0,19549.0,90,5,8,11.0,2,1
P00479,2024-10-20,X,Patrocinador,Vídeo corto,0,41927.0,58762.0,413,31,27,39.0,14,6
P00480,2024-10-20,Facebook,Fichajes,Vídeo corto,0,3751.0,4717.0,80,6,4,8.0,3,1
P00481,2024-10-20,Facebook,Cantera,Imagen,0,15525.0,20075.0,99,7,9,1.0,3,1
P00482,2024-10-20,Facebook,Entrenamiento,Carrusel,0,15886.0,22806.0,169,16,12,18.0,10,2
P00483,2024-10-20,TikTok,Cantera,Vídeo corto,0,14231.0,21302.0,883,48,52,80.0,26,12
P00484,2024-10-20,TikTok,Resumen,Vídeo corto,0,,4721.0,450,35,47,0.0,18,6
P00485,2024-10-20,tiktok,Patrocinador,Vídeo corto,0,9876.0,,299,25,19,35.0,12,6
P00486,2024-10-20,YouTube,Institucional,Vídeo largo,0,9545.0,12438.0,134,8,13,6.0,3,2
P00487,2024-10-20,YouTube,Patrocinador,Vídeo corto,0,7252.0,8699.0,160,9,13,22.0,6,1
P00488,2024-10-21,X,Resumen,Texto,0,20056.0,22807.0,329,20,26,17.0,11,4
P00489,2024-10-21,YouTube,Entrenamiento,Vídeo largo,0,1608.0,2342.0,28,1,1,3.0,0,0
P00490,2024-10-22,Instagram,Previa,Imagen,0,571800.0,643320.0,20832,1896,1296,66.0,34,19
P00491,2024-10-22,Instagram,Afición,Carrusel,0,12390.0,18878.0,704,62,62,69.0,29,17
P00492,2024-10-22,Instagram,Patrocinador,Imagen,0,16311.0,23851.0,258,21,13,37.0,10,3
P00493,2024-10-22,X,Patrocinador,Texto,0,75245.0,98146.0,110,9,7,14.0,5,1
P00494,2024-10-22,Facebook,Cantera,Carrusel,0,6009.0,6974.0,52,4,3,2.0,2,0
P00495,2024-10-22,Facebook,Patrocinador,Vídeo corto,0,25017.0,29371.0,384,30,20,44.0,15,7
P00496,2024-10-22,Facebook,Fichajes,Imagen,0,19284.0,31224.0,215,15,24,17.0,8,3
P00497,2024-10-22,Facebook,Entrenamiento,Carrusel,0,32701.0,44949.0,339,20,26,45.0,11,3
P00498,2024-10-23,Instagram,Directo,Imagen,0,41055.0,59180.0,1931,107,158,78.0,67,15
P00499,2024-10-23,Facebook,Entrenamiento,Carrusel,0,17326.0,20485.0,177,10,16,,5,2
P00500,2024-10-23,Facebook,Patrocinador,Vídeo corto,0,25443.0,40741.0,193,12,16,10.0,6,2
P00501,2024-10-23,Facebook,Fichajes,Carrusel,0,13199.0,17341.0,283,19,27,32.0,10,3
P00502,2024-10-23,TikTok,Afición,Vídeo corto,0,7361.0,10762.0,812,78,76,61.0,49,13
P00503,2024-10-23,TikTok,Patrocinador,Vídeo corto,0,4178.0,5041.0,188,15,16,11.0,7,4
P00504,2024-10-23,YouTube,Entrenamiento,Vídeo corto,0,4326.0,5142.0,87,8,9,7.0,3,1
P00505,2024-10-24,X,Previa,Vídeo largo,0,39389.0,50523.0,539,49,54,0.0,26,8
P00506,2024-10-24,X,Efeméride,Texto,0,8546.0,9882.0,87,5,5,10.0,2,0
P00507,2024-10-24,Facebook,Cantera,Carrusel,0,10354.0,12724.0,97,7,8,2.0,2,1
P00508,2024-10-25,INSTAGRAM,Cantera,Vídeo corto,0,27511.0,32072.0,1002,81,85,110.0,44,20
P00509,2024-10-25,Facebook,Afición,Imagen,0,29753.0,48812.0,406,29,38,35.0,16,6
P00510,2024-10-25,TikTok,Patrocinador,Vídeo corto,0,5072.0,6321.0,237,19,14,21.0,9,3
P00511,2024-10-26,Instagram,Previa,Imagen,1,18273.0,25842.0,411,41,29,37.0,11,16
P00512,2024-10-26,Instagram,Previa,Carrusel,1,34791.0,54418.0,1305,72,76,182.0,20,22
P00513,2024-10-26,X,Institucional,Carrusel,1,25036.0,38713.0,189,12,15,21.0,4,3
P00514,2024-10-26,X,Institucional,Texto,1,31658.0,42458.0,89,6,8,8.0,1,2
P00515,2024-10-26,X,Previa,Vídeo corto,1,15056.0,19965.0,199,13,20,21.0,4,4
P00516,2024-10-26,X,Directo,Imagen,1,14190.0,16319.0,342,23,21,18.0,5,8
P00517,2024-10-26,Facebook,Directo,Vídeo largo,1,18616.0,30557.0,134,9,7,12.0,3,2
P00518,2024-10-26,Facebook,Resumen,Vídeo largo,1,17855.0,29208.0,98,8,6,4.0,2,3
P00519,2024-10-26,Facebook,Directo,Carrusel,1,28877.0,33577.0,218,20,21,4.0,7,7
P00520,2024-10-26,Facebook,Fichajes,Vídeo corto,1,14218.0,19591.0,222,19,16,8.0,6,5
P00521,2024-10-26,Facebook,Entrenamiento,Carrusel,1,25092.0,31334.0,178,14,18,0.0,3,4
P00522,2024-10-26,Facebook,Fichajes,Imagen,1,28190.0,35518.0,434,22,33,27.0,6,5
P00523,2024-10-26,TIKTOK,Entrenamiento,Vídeo corto,1,10304.0,15602.0,468,22,47,16.0,8,5
P00524,2024-10-26,TikTok,Fichajes,Vídeo corto,1,8244.0,9565.0,1763,163,141,35.0,59,46
P00525,2024-10-26,YouTube,Efeméride,Vídeo corto,1,17934.0,25213.0,569,39,42,27.0,10,11
P00526,2024-10-27,X,Fichajes,Texto,0,27809.0,42768.0,391,29,41,34.0,15,7
P00527,2024-10-27,X,Cantera,Texto,0,16480.0,22732.0,113,10,7,4.0,5,2
P00528,2024-10-27,Facebook,Fichajes,Imagen,0,26438.0,38517.0,413,32,27,17.0,20,5
P00529,2024-10-27,Facebook,Fichajes,Imagen,0,10658.0,14248.0,199,11,20,17.0,5,3
P00530,2024-10-27,TikTok,Entrenamiento,Vídeo corto,0,7340.0,9074.0,732,49,55,46.0,25,11
P00531,2024-10-27,YouTube,Resumen,Vídeo corto,0,3268.0,3704.0,248,19,18,6.0,9,4
P00532,2024-10-28,Instagram,Efeméride,Vídeo corto,0,23649.0,33084.0,1745,130,113,107.0,86,23
P00533,2024-10-28,Instagram,Resumen,Imagen,0,33510.0,49407.0,1320,92,92,53.0,48,27
P00534,2024-10-28,Instagram,Institucional,Imagen,0,17428.0,21017.0,192,15,10,18.0,7,4
P00535,2024-10-28,X,Cantera,Vídeo corto,0,24510.0,36708.0,294,15,25,35.0,8,3
P00536,2024-10-28,Facebook,Entrenamiento,Carrusel,0,16850.0,26152.0,144,11,14,11.0,6,2
P00537,2024-10-28,Facebook,Efeméride,Carrusel,0,16897.0,19110.0,213,19,22,7.0,9,4
P00538,2024-10-28,Facebook,Entrenamiento,Texto,0,26010.0,41346.0,248,14,18,39.0,7,2
P00539,2024-10-28,YouTube,Efeméride,Vídeo largo,0,3755.0,5406.0,98,6,5,7.0,2,1
P00540,2024-10-28,YouTube,Resumen,Vídeo corto,0,3856.0,5500.0,214,11,13,13.0,6,2
P00541,2024-10-29,Instagram,Entrenamiento,Imagen,0,31999.0,38716.0,1148,94,64,63.0,60,13
P00542,2024-10-29,Instagram,Patrocinador,Imagen,0,25055.0,34410.0,457,27,40,48.0,14,5
P00543,2024-10-29,X,Patrocinador,Texto,0,14053.0,21546.0,84,6,8,2.0,2,1
P00544,2024-10-29,X,Afición,Vídeo corto,0,44156.0,62981.0,1024,65,98,107.0,33,15
P00545,2024-10-29,Facebook,Entrenamiento,Imagen,0,16415.0,18909.0,141,13,15,12.0,7,2
P00546,2024-10-29,TikTok,Patrocinador,Vídeo corto,0,3607.0,4620.0,207,10,10,31.0,5,2
P00547,2024-10-29,TikTok,Fichajes,Vídeo corto,0,6176.0,7551.0,884,63,53,58.0,32,15
P00548,2024-10-30,Instagram,Entrenamiento,Texto,0,50735.0,83186.0,1181,117,66,125.0,62,23
P00549,2024-10-30,Instagram,Cantera,Vídeo corto,0,55274.0,62393.0,3693,177,346,193.0,95,31
P00550,2024-10-30,X,Patrocinador,Vídeo corto,0,19405.0,30717.0,147,7,14,10.0,4,1
P00551,2024-10-30,X,Efeméride,Texto,0,17549.0,24193.0,148,9,8,14.0,5,1
P00552,2024-10-30,FACEBOOK,Cantera,Vídeo corto,0,13423.0,15807.0,118,7,9,10.0,4,1
P00553,2024-10-31,Instagram,Patrocinador,Vídeo corto,0,12018.0,16064.0,287,24,28,1.0,12,5
P00554,2024-10-31,X,Entrenamiento,Vídeo corto,0,18677.0,23662.0,290,23,25,17.0,11,5
P00555,2024-10-31,Facebook,Patrocinador,Imagen,0,11406.0,13030.0,40,2,3,5.0,1,0
P00556,2024-10-31,Facebook,Entrenamiento,Vídeo corto,0,7185.0,10901.0,100,5,7,6.0,2,1
P00557,2024-10-31,Facebook,Cantera,Imagen,0,10171.0,,53,2,5,4.0,1,0
P00558,2024-10-31,TikTok,Efeméride,Vídeo corto,0,8865.0,13630.0,708,62,38,25.0,35,13
P00559,2024-11-01,Instagram,Cantera,Imagen,0,21252.0,26905.0,445,37,45,44.0,22,7
P00560,2024-11-01,X,Patrocinador,Vídeo corto,0,25643.0,34805.0,195,13,17,23.0,6,3
P00561,2024-11-01,Facebook,Patrocinador,Imagen,0,17267.0,21646.0,83,5,4,11.0,2,1
P00562,2024-11-01,TikTok,Patrocinador,Vídeo corto,0,6773.0,10543.0,328,25,26,17.0,13,5
P00563,2024-11-02,Instagram,Institucional,Imagen,0,27499.0,44905.0,569,38,28,31.0,22,6
P00564,2024-11-02,Instagram,Entrenamiento,Imagen,0,51425.0,63608.0,1134,67,76,125.0,36,16
P00565,2024-11-02,Facebook,Resumen,Vídeo corto,0,13721.0,21455.0,332,29,29,8.0,18,5
P00566,2024-11-02,Facebook,Entrenamiento,Vídeo largo,0,19029.0,25157.0,156,13,8,15.0,7,3
P00567,2024-11-02,YouTube,Efeméride,Vídeo largo,0,5782.0,6570.0,141,10,9,14.0,5,1
P00568,2024-11-03,Instagram,Efeméride,Vídeo corto,0,18498.0,30077.0,925,54,96,104.0,30,14
P00569,2024-11-03,Instagram,Entrenamiento,Imagen,0,47549.0,60714.0,1794,96,192,103.0,55,15
P00570,2024-11-03,Instagram,Entrenamiento,Vídeo corto,0,15037.0,17754.0,609,58,64,28.0,31,10
P00571,2024-11-03,X,Entrenamiento,Vídeo corto,0,29820.0,39882.0,604,54,48,57.0,32,11
P00572,2024-11-03,X,Institucional,Imagen,0,24105.0,34301.0,214,14,13,16.0,6,2
P00573,2024-11-03,X,Entrenamiento,Imagen,0,18783.0,22918.0,177,17,12,20.0,7,4
P00574,2024-11-03,Facebook,Entrenamiento,Imagen,0,13461.0,19704.0,122,10,13,11.0,5,2
P00575,2024-11-03,Facebook,Directo,Imagen,0,13810.0,16497.0,143,8,10,19.0,4,1
P00576,2024-11-03,Facebook,Entrenamiento,Vídeo corto,0,23806.0,29573.0,361,28,33,22.0,16,5
P00577,2024-11-03,Facebook,Patrocinador,Imagen,0,17211.0,26919.0,55,4,4,5.0,2,1
P00578,2024-11-03,TikTok,Resumen,Vídeo corto,0,11197.0,18417.0,1386,129,144,0.0,58,43
P00579,2024-11-04,Instagram,Previa,Carrusel,0,25288.0,40161.0,655,36,49,72.0,18,9
P00580,2024-11-04,Instagram,Patrocinador,Vídeo corto,0,50861.0,60449.0,1918,117,198,153.0,60,21
P00581,2024-11-04,X,Efeméride,Imagen,0,9845.0,14852.0,122,11,6,5.0,6,1
P00582,2024-11-04,X,Previa,Texto,0,23649.0,35448.0,211,17,15,22.0,8,3
P00583,2024-11-04,X,Cantera,Imagen,0,12735.0,16815.0,122,8,9,10.0,4,1
P00584,2024-11-04,X,Cantera,Imagen,0,14769.0,16919.0,107,9,6,11.0,4,3
P00585,2024-11-04,Facebook,Institucional,Carrusel,0,12754.0,16671.0,80,7,4,7.0,4,1
P00586,2024-11-04,facebook,Cantera,Texto,0,8744.0,10301.0,42,2,3,6.0,1,0
P00587,2024-11-05,Instagram,Resumen,Vídeo corto,0,18349.0,27730.0,1079,90,106,0.0,53,13
P00588,2024-11-05,X,Institucional,Texto,0,16641.0,20960.0,-1,9,9,2.0,4,2
P00589,2024-11-05,X,Entrenamiento,Texto,0,14814.0,23375.0,110,5,7,14.0,2,1
P00590,2024-11-05,YouTube,Patrocinador,Vídeo corto,0,6919.0,7996.0,100,5,6,10.0,2,0
P00591,2024-11-06,X,Entrenamiento,Texto,0,25108.0,37039.0,174,14,16,15.0,7,3
P00592,2024-11-06,X,Institucional,Imagen,0,27098.0,41192.0,99,8,6,2.0,3,1
P00593,2024-11-06,X,Entrenamiento,Vídeo largo,0,29076.0,35872.0,259,21,23,8.0,11,3
P00594,2024-11-06,X,Previa,Vídeo corto,0,27888.0,37725.0,640,36,41,65.0,26,3
P00595,2024-11-06,X,Afición,Imagen,0,25207.0,37267.0,294,25,24,0.0,13,4
P00596,2024-11-06,Facebook,Efeméride,Carrusel,0,8231.0,13179.0,114,7,6,8.0,3,1
P00597,2024-11-07,Instagram,Cantera,Imagen,0,16067.0,18706.0,346,19,32,43.0,11,4
P00598,2024-11-07,Instagram,Cantera,Carrusel,0,39753.0,64486.0,970,88,49,87.0,45,16
P00599,2024-11-07,Instagram,Entrenamiento,Carrusel,0,35667.0,44802.0,1343,69,114,102.0,46,13
P00600,2024-11-07,Instagram,Previa,Vídeo corto,0,15442.0,23607.0,1266,61,86,82.0,33,11
P00601,2024-11-07,X,Entrenamiento,Imagen,0,9435.0,11427.0,115,5,9,8.0,2,1
P00602,2024-11-07,X,Efeméride,Imagen,0,,44836.0,311,21,25,37.0,10,5
P00603,2024-11-07,YouTube,Entrenamiento,Vídeo corto,0,2117.0,2587.0,69,5,6,9.0,2,1
P00604,2024-11-08,X,Cantera,Texto,0,29643.0,37561.0,259,15,21,21.0,8,3
P00605,2024-11-08,X,Institucional,Texto,0,15463.0,21172.0,113,6,11,5.0,3,1
P00606,2024-11-08,X,Resumen,Vídeo corto,0,18560.0,20834.0,456,35,34,27.0,15,10
P00607,2024-11-08,X,Institucional,Texto,0,17620.0,24424.0,149,8,11,17.0,4,1
P00608,2024-11-08,YouTube,Afición,Vídeo largo,0,7693.0,10369.0,187,11,18,11.0,5,2
P00609,2024-11-08,YouTube,Entrenamiento,Vídeo largo,0,8365.0,13002.0,131,11,6,15.0,6,2
P00610,2024-11-09,Instagram,Directo,Carrusel,1,44399.0,59342.0,1502,83,108,55.0,23,23
P00611,2024-11-09,Instagram,Resumen,Vídeo corto,1,10952.0,12401.0,880,65,87,0.0,31,19
P00612,2024-11-09,Instagram,Directo,Vídeo corto,1,35166.0,50616.0,2794,194,212,160.0,63,63
P00613,2024-11-09,Instagram,Directo,Texto,1,28860.0,46347.0,860,67,57,45.0,23,27
P00614,2024-11-09,Instagram,Previa,Vídeo corto,1,31304.0,39347.0,1079,96,99,79.0,11,45
P00615,2024-11-09,Instagram,Previa,Imagen,1,41600.0,57896.0,1380,103,153,131.0,24,28
P00616,2024-11-09,Instagram,Resumen,Carrusel,1,30170.0,37985.0,1049,96,65,104.0,33,22
P00617,2024-11-09,X,Directo,Imagen,1,10026.0,12994.0,106,6,9,12.0,1,2
P00618,2024-11-09,X,Institucional,Carrusel,1,39559.0,58563.0,196,10,10,27.0,2,2
P00619,2024-11-09,X,Directo,Vídeo corto,1,19717.0,23860.0,298,25,17,7.0,7,10
P00620,2024-11-09,X,Afición,Texto,1,37758.0,44609.0,200,13,21,13.0,3,3
P00621,2024-11-09,Facebook,Resumen,Imagen,1,37373.0,42184.0,455,35,24,16.0,10,9
P00622,2024-11-09,Facebook,Institucional,Carrusel,1,21486.0,26858.0,97,8,8,3.0,2,3
P00623,2024-11-09,Facebook,Directo,Texto,1,15129.0,23168.0,91,8,7,4.0,2,2
P00624,2024-11-09,Facebook,Patrocinador,Vídeo corto,1,9567.0,15120.0,41,2,3,6.0,0,0
P00625,2024-11-09,TikTok,Institucional,Vídeo corto,1,8302.0,12629.0,247,14,21,30.0,4,5
P00626,2024-11-09,TikTok,Afición,Vídeo corto,1,13722.0,16923.0,1225,80,75,116.0,28,18
P00627,2024-11-09,YouTube,Directo,Vídeo largo,1,4530.0,5589.0,109,5,11,7.0,1,1
P00628,2024-11-10,X,Entrenamiento,Imagen,0,26209.0,39053.0,323,16,17,20.0,10,3
P00629,2024-11-10,x,Entrenamiento,Texto,0,31994.0,40527.0,385,26,23,47.0,14,5
P00630,2024-11-10,Facebook,Entrenamiento,Imagen,0,9925.0,15460.0,55,5,5,0.0,2,0
P00631,2024-11-11,Instagram,Entrenamiento,Imagen,0,49740.0,66245.0,2015,127,200,29.0,60,23
P00632,2024-11-11,X,Patrocinador,Texto,0,31810.0,37226.0,102,8,5,8.0,3,1
P00633,2024-11-11,TikTok,Cantera,Vídeo corto,0,3885.0,5913.0,312,23,22,12.0,13,5
P00634,2024-11-11,TikTok,Cantera,Vídeo corto,0,10234.0,15511.0,768,68,51,77.0,36,14
P00635,2024-11-12,Instagram,Directo,Carrusel,0,40254.0,63987.0,1943,171,175,33.0,118,31
P00636,2024-11-12,X,Fichajes,Vídeo corto,0,10742.0,13316.0,206,14,16,8.0,8,3
P00637,2024-11-12,Facebook,Patrocinador,Texto,0,13649.0,17556.0,40,3,2,3.0,1,0
P00638,2024-11-12,facebook,Entrenamiento,Vídeo corto,0,11361.0,15883.0,130,10,11,6.0,5,2
P00639,2024-11-12,TikTok,Institucional,Vídeo corto,0,,11724.0,606,49,39,41.0,27,8
P00640,2024-11-12,TikTok,Patrocinador,Vídeo corto,0,16509.0,22148.0,788,50,46,68.0,25,12
P00641,2024-11-13,Instagram,Afición,Carrusel,0,24732.0,29937.0,1211,108,134,55.0,57,23
P00642,2024-11-13,X,Entrenamiento,Carrusel,0,8737.0,12596.0,126,9,10,4.0,4,2
P00643,2024-11-13,Facebook,Entrenamiento,Imagen,0,15725.0,24299.0,89,4,8,6.0,2,0
P00644,2024-11-13,Facebook,Efeméride,Imagen,0,9329.0,14592.0,53,3,3,6.0,1,0
P00645,2024-11-13,YouTube,Patrocinador,Vídeo largo,0,3004.0,3748.0,52,4,5,,1,1
P00646,2024-11-14,Facebook,Patrocinador,Imagen,0,7053.0,9017.0,33,2,3,1.0,1,0
P00647,2024-11-14,Facebook,Resumen,Carrusel,0,13102.0,16269.0,113,10,6,9.0,5,1
P00648,2024-11-14,Facebook,Entrenamiento,Vídeo corto,0,16629.0,27404.0,169,9,10,24.0,5,1
P00649,2024-11-14,TikTok,Entrenamiento,Vídeo corto,0,6873.0,10740.0,601,45,32,59.0,29,8
P00650,2024-11-15,X,Entrenamiento,Vídeo corto,0,29346.0,35581.0,579,42,47,12.0,19,8
P00651,2024-11-15,X,Resumen,Vídeo largo,0,17389.0,21461.0,335,24,19,20.0,14,4
P00652,2024-11-15,Facebook,Cantera,Vídeo corto,0,9905.0,11373.0,94,6,8,8.0,3,1
P00653,2024-11-15,TikTok,Institucional,Vídeo corto,0,7334.0,9487.0,280,27,25,20.0,13,6
P00654,2024-11-15,TikTok,Patrocinador,Vídeo corto,0,15445.0,20348.0,873,72,45,75.0,39,16
P00655,2024-11-15,TikTok,Institucional,Vídeo corto,0,8303.0,12985.0,411,37,24,32.0,19,9
P00656,2024-11-15,YouTube,Institucional,Vídeo largo,0,4724.0,5400.0,45,4,3,6.0,2,1
P00657,2024-11-15,YouTube,Directo,Vídeo corto,0,2986.0,4555.0,133,9,9,7.0,4,1
P00658,2024-11-16,Instagram,Resumen,Carrusel,1,59857.0,67642.0,4076,254,424,18.0,100,78
P00659,2024-11-16,Instagram,Previa,Vídeo corto,1,16617.0,25981.0,904,69,46,51.0,26,27
P00660,2024-11-16,X,Directo,Imagen,1,15839.0,22752.0,212,18,10,,7,5
P00661,2024-11-16,X,Resumen,Imagen,1,20831.0,24654.0,305,27,28,21.0,10,10
P00662,2024-11-16,X,Cantera,Vídeo corto,1,12864.0,20909.0,130,8,8,19.0,2,3
P00663,2024-11-16,X,Afición,Imagen,1,21648.0,32909.0,367,29,40,27.0,11,7
P00664,2024-11-16,X,Afición,Imagen,1,19355.0,25988.0,220,12,16,11.0,5,2
P00665,2024-11-16,Facebook,Institucional,Carrusel,1,13846.0,17712.0,86,7,6,2.0,2,1
P00666,2024-11-16,Facebook,Efeméride,Imagen,1,19414.0,24502.0,164,16,11,13.0,4,6
P00667,2024-11-16,Facebook,Fichajes,Imagen,1,36492.0,54625.0,513,27,45,39.0,10,6
P00668,2024-11-16,TikTok,Directo,Vídeo corto,1,7550.0,12332.0,573,41,44,27.0,12,15
P00669,2024-11-16,YouTube,Afición,Vídeo largo,1,5583.0,8287.0,94,7,7,10.0,2,2
P00670,2024-11-17,X,Cantera,Imagen,0,22431.0,26873.0,272,24,17,27.0,15,3
P00671,2024-11-17,X,Entrenamiento,Imagen,0,16457.0,26001.0,255,22,14,31.0,12,4
P00672,2024-11-17,X,Cantera,Texto,0,36421.0,56159.0,203,10,19,15.0,5,2
P00673,2024-11-17,X,Patrocinador,Imagen,0,23703.0,32941.0,113,8,8,14.0,4,1
P00674,2024-11-17,Facebook,Patrocinador,Vídeo corto,0,16379.0,19432.0,91,7,7,4.0,3,1
P00675,2024-11-17,Facebook,Efeméride,Texto,0,16487.0,24453.0,101,6,6,16.0,3,1
P00676,2024-11-17,Facebook,Afición,Imagen,0,,29984.0,182,11,11,14.0,6,2
P00677,2024-11-17,TikTok,Cantera,Vídeo corto,0,4386.0,5185.0,242,24,18,24.0,14,5
P00678,2024-11-18,Instagram,Patrocinador,Vídeo corto,0,19908.0,23038.0,581,54,36,71.0,24,18
P00679,2024-11-18,Instagram,Afición,Vídeo corto,0,22318.0,33005.0,1446,78,108,62.0,43,21
P00680,2024-11-18,X,Efeméride,Imagen,0,47460.0,55930.0,1000,86,50,54.0,44,24
P00681,2024-11-18,X,Patrocinador,Vídeo corto,0,13114.0,17244.0,136,11,12,0.0,5,2
P00682,2024-11-18,Facebook,Efeméride,Imagen,0,13249.0,19129.0,80,3,7,4.0,1,0
P00683,2024-11-18,Facebook,Resumen,Vídeo corto,0,8661.0,9979.0,145,13,13,4.0,6,2
P00684,2024-11-18,TikTok,Fichajes,Vídeo corto,0,7781.0,9125.0,831,50,86,89.0,28,11
P00685,2024-11-18,TikTok,Previa,Vídeo corto,0,5375.0,7488.0,519,46,54,0.0,24,9
P00686,2024-11-19,X,Resumen,Texto,0,9450.0,12386.0,163,11,11,13.0,5,2
P00687,2024-11-19,Facebook,Institucional,Vídeo corto,0,29018.0,38047.0,154,8,12,15.0,5,1
P00688,2024-11-19,Facebook,Fichajes,Imagen,0,22397.0,34908.0,479,38,51,,20,8
P00689,2024-11-19,TikTok,Cantera,Vídeo corto,0,5074.0,5797.0,404,19,20,43.0,9,3
P00690,2024-11-19,TikTok,Resumen,Vídeo corto,0,13503.0,20810.0,2046,139,178,56.0,66,46
P00691,2024-11-20,Instagram,Resumen,Carrusel,0,27836.0,33414.0,1757,101,179,143.0,44,35
P00692,2024-11-20,Facebook,Cantera,Vídeo corto,0,15103.0,17906.0,105,10,8,10.0,5,2
P00693,2024-11-20,Facebook,Entrenamiento,Imagen,0,21448.0,26071.0,101,8,7,5.0,3,1
P00694,2024-11-20,TikTok,Patrocinador,Vídeo corto,0,14230.0,20214.0,634,61,68,41.0,32,12
P00695,2024-11-20,TikTok,Entrenamiento,Vídeo corto,0,10294.0,14437.0,759,56,49,70.0,22,12
P00696,2024-11-20,YouTube,Efeméride,Vídeo corto,0,6062.0,9837.0,242,15,17,33.0,7,3
P00697,2024-11-21,Instagram,Entrenamiento,Carrusel,0,21227.0,26362.0,896,75,52,98.0,38,15
P00698,2024-11-21,Instagram,Fichajes,Carrusel,0,18323.0,23072.0,1082,79,94,110.0,36,17
P00699,2024-11-21,Facebook,Cantera,Imagen,0,20904.0,33492.0,179,12,18,9.0,5,2
P00700,2024-11-21,YouTube,Cantera,Vídeo largo,0,6197.0,9619.0,98,8,9,6.0,4,2
P00701,2024-11-21,YouTube,Fichajes,Vídeo corto,0,4240.0,6709.0,424,37,35,8.0,19,7
P00702,2024-11-22,Instagram,Entrenamiento,Imagen,0,41518.0,60303.0,1735,126,172,30.0,68,26
P00703,2024-11-22,Instagram,Efeméride,Imagen,0,37010.0,55326.0,1074,67,107,108.0,40,11
P00704,2024-11-22,X,Patrocinador,Imagen,0,39952.0,50270.0,180,15,12,17.0,8,3
P00705,2024-11-22,X,Efeméride,Carrusel,0,15935.0,19537.0,212,14,16,15.0,6,3
P00706,2024-11-22,TikTok,Institucional,Vídeo corto,0,,10883.0,383,27,24,44.0,9,8
P00707,2024-11-22,TikTok,Efeméride,Vídeo corto,0,6423.0,10155.0,544,41,51,31.0,24,6
P00708,2024-11-23,Instagram,Resumen,Vídeo corto,1,15215.0,24263.0,2702,200,212,218.0,148,22
P00709,2024-11-23,Instagram,Directo,Vídeo largo,1,85466.0,109633.0,3411,185,345,,122,28
P00710,2024-11-23,X,Entrenamiento,Imagen,1,21966.0,34504.0,374,23,39,17.0,16,3
P00711,2024-11-23,X,Cantera,Vídeo largo,1,25676.0,40562.0,317,16,33,36.0,10,2
P00712,2024-11-23,X,Previa,Texto,1,50913.0,57752.0,509,37,55,36.0,30,2
P00713,2024-11-23,X,Resumen,Vídeo corto,1,23369.0,26908.0,663,54,47,27.0,39,5
P00714,2024-11-23,Facebook,Resumen,Vídeo largo,1,19748.0,25364.0,406,36,38,31.0,22,7
P00715,2024-11-23,Facebook,Directo,Vídeo largo,1,90132.0,147451.0,1745,166,147,126.0,128,22
P00716,2024-11-23,Facebook,Previa,Vídeo largo,1,14720.0,17513.0,123,8,7,16.0,4,1
P00717,2024-11-23,YouTube,Cantera,Vídeo largo,1,5628.0,6553.0,164,14,12,5.0,9,2
P00718,2024-11-24,Instagram,Resumen,Vídeo corto,0,14719.0,18954.0,1172,72,118,116.0,36,16
P00719,2024-11-24,Instagram,Entrenamiento,Imagen,0,18231.0,21545.0,338,31,22,19.0,17,6
P00720,2024-11-24,X,Previa,Carrusel,0,28666.0,43418.0,478,45,29,15.0,30,9
P00721,2024-11-24,Facebook,Cantera,Imagen,0,44148.0,60165.0,380,34,38,34.0,20,8
P00722,2024-11-24,Facebook,Patrocinador,Vídeo corto,0,21064.0,32292.0,156,9,14,5.0,4,2
P00723,2024-11-24,Facebook,Institucional,Imagen,0,7645.0,12592.0,44,3,2,6.0,1,0
P00724,2024-11-24,FACEBOOK,Patrocinador,Texto,0,8767.0,11588.0,20,1,1,2.0,0,0
P00725,2024-11-25,Instagram,Fichajes,Imagen,0,21388.0,35176.0,1408,89,126,141.0,43,18
P00726,2024-11-25,X,Entrenamiento,Texto,0,12596.0,17254.0,129,8,7,11.0,5,1
P00727,2024-11-25,Facebook,Patrocinador,Vídeo corto,0,5389.0,6750.0,47,3,3,7.0,1,0
P00728,2024-11-25,Facebook,Institucional,Imagen,0,22609.0,36761.0,162,8,14,15.0,3,2
P00729,2024-11-25,Facebook,Entrenamiento,Imagen,0,21987.0,27012.0,194,12,10,18.0,6,3
P00730,2024-11-25,Facebook,Efeméride,Vídeo corto,0,12938.0,15721.0,182,13,18,1.0,6,3
P00731,2024-11-25,YouTube,Efeméride,Vídeo largo,0,6911.0,8987.0,95,7,5,7.0,3,1
P00732,2024-11-25,YouTube,Efeméride,Vídeo corto,0,4473.0,7101.0,100,6,9,9.0,3,1
P00733,2024-11-25,YouTube,Patrocinador,Vídeo largo,0,3868.0,5296.0,46,2,4,3.0,1,0
P00734,2024-11-26,Instagram,Institucional,Carrusel,0,17014.0,27466.0,659,59,56,56.0,27,15
P00735,2024-11-26,Instagram,Cantera,Vídeo largo,0,14353.0,19692.0,283,25,20,7.0,12,4
P00736,2024-11-26,Instagram,Cantera,Imagen,0,35349.0,52226.0,1283,124,112,93.0,73,23
P00737,2024-11-26,X,Institucional,Imagen,0,34418.0,52665.0,487,40,32,37.0,21,10
P00738,2024-11-26,X,Entrenamiento,Texto,0,29979.0,47500.0,308,25,23,39.0,10,7
P00739,2024-11-26,X,Resumen,Imagen,0,18692.0,28747.0,311,20,28,7.0,10,5
P00740,2024-11-26,FACEBOOK,Patrocinador,Vídeo corto,0,16722.0,20520.0,116,10,6,11.0,5,2
P00741,2024-11-26,Facebook,Entrenamiento,Vídeo corto,0,22789.0,25613.0,300,25,15,36.0,12,5
P00742,2024-11-26,Facebook,Previa,Vídeo corto,0,30012.0,,391,31,40,20.0,16,8
P00743,2024-11-26,Facebook,Institucional,Vídeo corto,0,18723.0,30120.0,86,8,8,7.0,4,2
P00744,2024-11-26,YouTube,Entrenamiento,Vídeo largo,0,2895.0,3413.0,54,3,5,2.0,1,0
P00745,2024-11-27,Instagram,Entrenamiento,Imagen,0,36888.0,55819.0,1746,148,114,136.0,78,36
P00746,2024-11-27,X,Afición,Vídeo corto,0,35233.0,54912.0,754,72,68,32.0,38,14
P00747,2024-11-27,X,Fichajes,Texto,0,24039.0,38877.0,469,40,42,0.0,23,8
P00748,2024-11-27,Facebook,Efeméride,Imagen,0,10246.0,14450.0,71,4,5,3.0,2,0
P00749,2024-11-28,Instagram,Entrenamiento,Imagen,0,47994.0,73920.0,1939,178,97,184.0,96,32
P00750,2024-11-28,X,Fichajes,Imagen,0,16196.0,19469.0,363,18,33,21.0,9,5
P00751,2024-11-28,X,Previa,Texto,0,15715.0,20652.0,139,13,9,14.0,7,3
P00752,2024-11-28,X,Entrenamiento,Imagen,0,14451.0,17878.0,229,11,12,25.0,6,2
P00753,2024-11-28,X,Afición,Texto,0,12698.0,20637.0,259,15,18,23.0,9,3
P00754,2024-11-28,Facebook,Cantera,Vídeo largo,0,14850.0,19901.0,85,6,8,7.0,3,1
P00755,2024-11-28,FACEBOOK,Patrocinador,Carrusel,0,21533.0,26490.0,110,9,11,5.0,5,1
P00756,2024-11-28,Facebook,Cantera,Imagen,0,42468.0,57784.0,279,18,22,21.0,8,5
P00757,2024-11-28,YouTube,Institucional,Vídeo largo,0,13269.0,17954.0,215,12,12,17.0,7,1
P00758,2024-11-29,Instagram,Previa,Texto,0,34588.0,50753.0,1053,77,76,135.0,39,19
P00759,2024-11-29,Instagram,Cantera,Imagen,0,9440.0,11380.0,179,13,18,18.0,7,3
P00760,2024-11-29,Instagram,Entrenamiento,Imagen,0,22995.0,34682.0,584,37,61,61.0,18,8
P00761,2024-11-29,X,Previa,Imagen,0,33119.0,43358.0,330,23,19,35.0,13,3
P00762,2024-11-29,X,Cantera,Texto,0,10749.0,15159.0,76,6,8,3.0,3,1
P00763,2024-11-29,Facebook,Institucional,Vídeo corto,0,20107.0,33099.0,275,19,21,,10,3
P00764,2024-11-29,facebook,Directo,Imagen,0,15524.0,25404.0,175,15,10,9.0,7,3
P00765,2024-11-29,Facebook,Entrenamiento,Carrusel,0,10159.0,16362.0,108,6,7,12.0,3,1
P00766,2024-11-30,Instagram,Resumen,Carrusel,1,50178.0,69830.0,4947,240,454,168.0,155,31
P00767,2024-11-30,Instagram,Institucional,Vídeo corto,1,43952.0,55271.0,1823,91,150,134.0,56,13
P00768,2024-11-30,Instagram,Entrenamiento,Vídeo corto,1,35350.0,40949.0,1858,143,204,71.0,98,23
P00769,2024-11-30,X,Resumen,Imagen,1,11727.0,18332.0,256,21,13,13.0,16,1
P00770,2024-11-30,X,Resumen,Carrusel,1,21497.0,34860.0,613,36,39,45.0,23,5
P00771,2024-11-30,X,Afición,Imagen,1,24820.0,30680.0,648,44,50,62.0,29,6
P00772,2024-11-30,X,Previa,Imagen,1,8666.0,9889.0,100,5,10,1.0,3,0
P00773,2024-11-30,Facebook,Directo,Imagen,1,15220.0,20411.0,325,28,20,8.0,16,4
P00774,2024-11-30,Facebook,Directo,Vídeo corto,1,26941.0,30552.0,647,32,38,44.0,21,5
P00775,2024-11-30,TikTok,Resumen,Vídeo corto,1,35464.0,43830.0,8579,432,685,441.0,263,105
P00776,2024-11-30,TikTok,Resumen,Vídeo corto,1,6958.0,10424.0,1087,90,104,38.0,58,13
P00777,2024-11-30,TikTok,Afición,Vídeo corto,1,6787.0,10678.0,1578,89,91,153.0,62,13
P00778,2024-11-30,TikTok,Resumen,Vídeo corto,1,6457.0,10641.0,1748,101,186,162.0,67,13
P00779,2024-11-30,YouTube,Cantera,Vídeo largo,1,3645.0,,68,4,3,10.0,2,0
P00780,2024-11-30,YouTube,Directo,Vídeo largo,1,5346.0,7295.0,178,9,14,26.0,5,2
P00781,2024-12-01,Instagram,Cantera,Imagen,0,31119.0,35627.0,1035,82,92,0.0,44,15
P00782,2024-12-01,Facebook,Afición,Imagen,0,30506.0,50163.0,481,23,23,52.0,14,4
P00783,2024-12-02,Instagram,Entrenamiento,Carrusel,0,39543.0,62347.0,1258,92,92,109.0,51,22
P00784,2024-12-02,X,Entrenamiento,Vídeo corto,0,12828.0,16006.0,230,18,12,17.0,9,4
P00785,2024-12-02,facebook,Efeméride,Carrusel,0,13008.0,20332.0,113,6,6,18.0,2,1
P00786,2024-12-02,TikTok,Afición,Vídeo corto,0,9063.0,11737.0,870,63,51,41.0,32,19
P00787,2024-12-03,Instagram,Institucional,Imagen,0,40484.0,49748.0,1391,99,102,38.0,48,26
P00788,2024-12-03,Instagram,Afición,Imagen,0,25224.0,31578.0,1091,103,93,112.0,50,18
P00789,2024-12-03,X,Previa,Imagen,0,19628.0,30566.0,335,20,31,42.0,10,3
P00790,2024-12-03,Facebook,Resumen,Carrusel,0,20266.0,24954.0,362,21,29,24.0,11,3
P00791,2024-12-03,TikTok,Directo,Vídeo corto,0,8820.0,12748.0,782,78,51,90.0,43,21
P00792,2024-12-03,YouTube,Previa,Vídeo largo,0,9081.0,13318.0,114,9,6,8.0,4,2
P00793,2024-12-03,YouTube,Cantera,Vídeo corto,0,3466.0,4517.0,125,11,10,2.0,6,2
P00794,2024-12-04,Instagram,Cantera,Texto,0,19445.0,24903.0,374,36,20,32.0,18,10
P00795,2024-12-04,Instagram,Resumen,Vídeo corto,0,9328.0,15274.0,1465,92,74,183.0,60,17
P00796,2024-12-04,X,Entrenamiento,Vídeo corto,0,28178.0,45949.0,377,27,42,37.0,13,8
P00797,2024-12-04,X,Patrocinador,Vídeo corto,0,10544.0,14750.0,139,7,7,22.0,3,1
P00798,2024-12-04,Facebook,Efeméride,Imagen,0,13574.0,19848.0,82,7,5,10.0,3,1
P00799,2024-12-04,Facebook,Institucional,Imagen,0,11619.0,14915.0,58,2,6,2.0,0,0
P00800,2024-12-04,TikTok,Entrenamiento,Vídeo corto,0,7167.0,8837.0,533,40,27,34.0,19,8
P00801,2024-12-04,YOUTUBE,Institucional,Vídeo largo,0,6192.0,7924.0,65,6,6,3.0,3,1
P00802,2024-12-05,Instagram,Resumen,Carrusel,0,41290.0,49009.0,2858,157,175,322.0,88,32
P00803,2024-12-05,Instagram,Entrenamiento,Vídeo corto,0,31307.0,40418.0,1549,138,167,104.0,83,22
P00804,2024-12-05,Instagram,Institucional,Carrusel,0,598944.0,700488.0,17664,1032,1800,88.0,19,10
P00805,2024-12-05,Instagram,Cantera,Texto,0,61657.0,82560.0,1050,54,114,91.0,29,10
P00806,2024-12-05,Facebook,Entrenamiento,Imagen,0,20758.0,33663.0,166,12,9,17.0,6,2
P00807,2024-12-06,Instagram,Entrenamiento,Carrusel,0,18218.0,23022.0,744,45,66,66.0,21,11
P00808,2024-12-06,Facebook,Institucional,Texto,0,14448.0,22027.0,44,2,3,3.0,1,0
P00809,2024-12-06,TikTok,Entrenamiento,Vídeo corto,0,15863.0,26127.0,1331,85,140,33.0,35,24
P00810,2024-12-07,Instagram,Resumen,Vídeo corto,1,35854.0,45131.0,1701,85,179,131.0,29,32
P00811,2024-12-07,Instagram,Afición,Vídeo corto,1,25052.0,36465.0,1087,82,62,116.0,29,31
P00812,2024-12-07,Instagram,Previa,Imagen,1,18768.0,30512.0,643,45,66,71.0,14,11
P00813,2024-12-07,X,Resumen,Vídeo corto,1,22746.0,27284.0,308,23,29,3.0,7,6
P00814,2024-12-07,X,Previa,Vídeo largo,1,53356.0,70048.0,707,59,70,0.0,21,22
P00815,2024-12-07,X,Afición,Imagen,1,48593.0,69876.0,710,62,45,58.0,23,18
P00816,2024-12-07,X,Resumen,Texto,1,21888.0,31002.0,268,23,26,0.0,7,7
P00817,2024-12-07,X,Directo,Texto,1,40173.0,56518.0,479,40,32,25.0,10,16
P00818,2024-12-07,X,Efeméride,Imagen,1,17770.0,28915.0,112,8,11,12.0,1,2
P00819,2024-12-07,Facebook,Resumen,Vídeo corto,1,7463.0,11872.0,90,4,9,7.0,1,1
P00820,2024-12-07,Facebook,Cantera,Vídeo corto,1,14791.0,23020.0,109,10,11,0.0,3,3
P00821,2024-12-07,TikTok,Afición,Vídeo corto,1,13704.0,19392.0,1335,77,109,93.0,27,29
P00822,2024-12-07,TikTok,Resumen,Vídeo corto,1,6939.0,9082.0,870,46,74,78.0,18,15
P00823,2024-12-07,YouTube,Resumen,Vídeo largo,1,7054.0,10443.0,151,12,12,6.0,5,2
P00824,2024-12-07,YouTube,Institucional,Vídeo largo,1,13310.0,16573.0,112,10,5,9.0,3,4
P00825,2024-12-07,YouTube,Previa,Vídeo largo,1,4223.0,4982.0,62,4,5,4.0,1,1
P00826,2024-12-08,Instagram,Efeméride,Imagen,0,28989.0,35182.0,1814,166,87,82.0,87,28
P00827,2024-12-08,Instagram,Institucional,Imagen,0,22276.0,33997.0,471,30,35,25.0,16,4
P00828,2024-12-08,X,Institucional,Imagen,0,9110.0,12616.0,65,4,3,8.0,2,0
P00829,2024-12-08,X,Afición,Imagen,0,29955.0,42369.0,682,48,66,21.0,27,9
P00830,2024-12-08,Facebook,Patrocinador,Imagen,0,18423.0,26490.0,64,5,5,3.0,3,0
P00831,2024-12-08,Facebook,Institucional,Vídeo corto,0,34956.0,44454.0,516,29,45,52.0,16,5
P00832,2024-12-08,YouTube,Entrenamiento,Vídeo largo,0,7386.0,10378.0,166,13,12,9.0,8,2
P00833,2024-12-09,Instagram,Institucional,Imagen,0,22314.0,32553.0,467,29,39,35.0,15,5
P00834,2024-12-10,X,Institucional,Imagen,0,19142.0,26693.0,137,10,7,7.0,5,2
P00835,2024-12-11,Instagram,Entrenamiento,Imagen,0,14693.0,20806.0,379,31,41,13.0,17,7
P00836,2024-12-11,X,Fichajes,Imagen,0,13999.0,20313.0,224,18,15,8.0,10,3
P00837,2024-12-11,X,Fichajes,Imagen,0,13806.0,20969.0,233,15,12,17.0,7,3
P00838,2024-12-11,X,Entrenamiento,Texto,0,18143.0,26576.0,132,6,11,6.0,2,1
P00839,2024-12-11,Facebook,Fichajes,Carrusel,0,12314.0,19305.0,329,28,16,11.0,15,6
P00840,2024-12-11,Facebook,Efeméride,Carrusel,0,7422.0,10996.0,56,3,5,2.0,1,0
P00841,2024-12-12,Facebook,Institucional,Texto,0,10313.0,14334.0,56,4,3,7.0,2,0
P00842,2024-12-12,Facebook,Cantera,Vídeo corto,0,19923.0,30660.0,429,30,42,19.0,13,8
P00843,2024-12-12,YouTube,Patrocinador,Vídeo corto,0,1724.0,2326.0,35,2,2,2.0,0,0
P00844,2024-12-13,Instagram,Efeméride,Imagen,0,27326.0,31702.0,1282,108,127,50.0,56,32
P00845,2024-12-13,X,Cantera,Imagen,0,13403.0,20071.0,142,10,9,10.0,6,1
P00846,2024-12-13,X,Resumen,Imagen,0,16135.0,21247.0,349,31,37,9.0,16,7
P00847,2024-12-13,X,Institucional,Imagen,0,30084.0,46423.0,233,22,16,14.0,10,5
P00848,2024-12-13,X,Institucional,Imagen,0,25676.0,36481.0,142,8,12,5.0,4,1
P00849,2024-12-13,YouTube,Efeméride,Vídeo largo,0,4384.0,5152.0,85,5,6,13.0,2,1
P00850,2024-12-14,Instagram,Directo,Carrusel,0,21069.0,31654.0,1395,90,108,186.0,45,24
P00851,2024-12-14,X,Patrocinador,Texto,0,17919.0,25923.0,105,7,5,9.0,3,1
P00852,2024-12-14,Facebook,Afición,Vídeo corto,0,,23217.0,206,17,20,1.0,9,3
P00853,2024-12-14,Facebook,Entrenamiento,Imagen,0,39261.0,51200.0,501,49,55,31.0,28,11
P00854,2024-12-14,Facebook,Fichajes,Imagen,0,10834.0,17817.0,232,17,24,6.0,12,2
P00855,2024-12-14,TikTok,Fichajes,Vídeo corto,0,5980.0,8143.0,903,56,75,59.0,35,11
P00856,2024-12-14,TikTok,Patrocinador,Vídeo corto,0,14816.0,23022.0,1118,62,122,71.0,35,13
P00857,2024-12-15,X,Efeméride,Vídeo corto,0,16990.0,25584.0,341,33,26,29.0,17,8
P00858,2024-12-15,X,Fichajes,Imagen,0,14017.0,20171.0,288,25,25,0.0,14,5
P00859,2024-12-15,Facebook,Efeméride,Imagen,0,13598.0,15235.0,80,6,4,7.0,3,1
P00860,2024-12-15,Facebook,Entrenamiento,Imagen,0,23666.0,32597.0,145,9,10,6.0,4,1
P00861,2024-12-15,tiktok,Previa,Vídeo corto,0,8095.0,11019.0,632,33,39,36.0,16,6
P00862,2024-12-15,YouTube,Cantera,Vídeo corto,0,3995.0,4875.0,111,9,8,6.0,4,2
P00863,2024-12-17,Instagram,Cantera,Imagen,0,17226.0,28000.0,502,45,26,52.0,21,13
P00864,2024-12-17,Instagram,Fichajes,Imagen,0,26927.0,38575.0,1714,124,172,3.0,71,24
P00865,2024-12-17,Instagram,Previa,Carrusel,0,40620.0,50650.0,1226,105,69,133.0,70,11
P00866,2024-12-17,FACEBOOK,Entrenamiento,Vídeo corto,0,11979.0,13906.0,120,10,9,6.0,6,1
P00867,2024-12-17,Facebook,Institucional,Carrusel,0,,23454.0,149,10,8,21.0,6,1
P00868,2024-12-17,Facebook,Entrenamiento,Vídeo corto,0,13964.0,19566.0,231,20,22,5.0,10,5
P00869,2024-12-17,YouTube,Entrenamiento,Vídeo largo,0,8710.0,12535.0,185,9,9,13.0,4,2
P00870,2024-12-18,Instagram,Resumen,Imagen,0,35431.0,41173.0,1360,113,129,31.0,54,32
P00871,2024-12-18,Instagram,Efeméride,Vídeo corto,0,23104.0,26182.0,1325,76,83,178.0,39,18
P00872,2024-12-18,Facebook,Fichajes,Carrusel,0,6116.0,7280.0,138,11,12,5.0,7,1
P00873,2024-12-18,YouTube,Fichajes,Vídeo corto,0,4521.0,6501.0,350,35,21,40.0,19,8
P00874,2024-12-18,YouTube,Previa,Vídeo largo,0,5608.0,6565.0,156,9,15,8.0,4,1
P00875,2024-12-19,Instagram,Entrenamiento,Texto,0,26355.0,32931.0,816,57,50,32.0,28,13
P00876,2024-12-19,Facebook,Patrocinador,Vídeo corto,0,18118.0,21361.0,138,13,9,5.0,7,2
P00877,2024-12-19,TikTok,Previa,Vídeo corto,0,2677.0,3357.0,248,16,25,14.0,10,1
P00878,2024-12-19,YouTube,Cantera,Vídeo corto,0,5159.0,8230.0,-1,8,5,13.0,4,1
P00879,2024-12-20,Instagram,Entrenamiento,Vídeo corto,0,26482.0,31745.0,980,81,67,86.0,48,14
P00880,2024-12-20,Instagram,Cantera,Texto,0,15858.0,22217.0,294,18,30,6.0,9,4
P00881,2024-12-20,X,Cantera,Imagen,0,10758.0,,78,4,5,8.0,2,0
P00882,2024-12-20,X,Entrenamiento,Imagen,0,7566.0,12057.0,78,7,4,9.0,3,2
P00883,2024-12-20,X,Patrocinador,Texto,0,7054.0,9844.0,32,2,2,3.0,0,0
P00884,2024-12-20,X,Patrocinador,Imagen,0,35984.0,49289.0,190,12,17,17.0,5,3
P00885,2024-12-20,YouTube,Previa,Vídeo largo,0,9798.0,15637.0,268,22,26,27.0,12,3
P00886,2024-12-21,Instagram,Fichajes,Carrusel,1,31195.0,40376.0,1852,118,105,147.0,93,10
P00887,2024-12-21,Instagram,Previa,Imagen,1,32473.0,53563.0,1849,92,129,217.0,62,12
P00888,2024-12-21,X,Directo,Imagen,1,22955.0,31754.0,581,53,51,11.0,44,5
P00889,2024-12-21,X,Resumen,Vídeo corto,1,25186.0,,594,36,51,54.0,25,6
P00890,2024-12-21,X,Directo,Texto,1,19677.0,27457.0,220,16,13,16.0,10,2
P00891,2024-12-21,X,Directo,Vídeo corto,1,54063.0,82103.0,2651,185,264,270.0,141,17
P00892,2024-12-21,Facebook,Efeméride,Vídeo corto,1,20432.0,32902.0,373,26,23,19.0,16,4
P00893,2024-12-21,Facebook,Previa,Imagen,1,25453.0,29165.0,328,29,23,16.0,22,2
P00894,2024-12-21,Facebook,Directo,Imagen,1,40915.0,46738.0,796,67,55,31.0,49,6
P00895,2024-12-21,TikTok,Directo,Vídeo corto,1,10496.0,14136.0,2002,172,148,68.0,111,36
P00896,2024-12-21,TikTok,Directo,Vídeo corto,1,5965.0,9024.0,1336,121,70,57.0,79,21
P00897,2024-12-22,Instagram,Resumen,Vídeo corto,0,24814.0,31123.0,2244,153,233,173.0,82,25
P00898,2024-12-22,Instagram,Patrocinador,Imagen,0,49695.0,69378.0,879,76,69,14.0,42,21
P00899,2024-12-22,X,Entrenamiento,Texto,0,24649.0,31510.0,137,7,10,13.0,3,1
P00900,2024-12-22,X,Entrenamiento,Texto,0,10807.0,15149.0,59,4,6,1.0,2,0
P00901,2024-12-22,Facebook,Cantera,Imagen,0,6718.0,9672.0,29,2,3,0.0,0,0
P00902,2024-12-22,Facebook,Cantera,Vídeo corto,0,20080.0,24151.0,156,7,9,12.0,3,1
P00903,2024-12-22,TikTok,Cantera,Vídeo corto,0,10969.0,12856.0,1276,92,80,113.0,54,17
P00904,2024-12-23,Instagram,Entrenamiento,Imagen,0,20026.0,29447.0,610,52,38,80.0,26,16
P00905,2024-12-23,Instagram,Cantera,Vídeo corto,0,26058.0,38411.0,971,79,103,4.0,31,24
P00906,2024-12-23,Facebook,Cantera,Texto,0,11109.0,15028.0,47,3,3,7.0,1,0
P00907,2024-12-23,Facebook,Patrocinador,Imagen,0,16114.0,23650.0,97,7,8,4.0,3,1
P00908,2024-12-23,Facebook,Resumen,Imagen,0,33436.0,45549.0,433,35,21,19.0,17,8
P00909,2024-12-23,TikTok,Cantera,Vídeo corto,0,5967.0,7106.0,467,26,29,49.0,14,5
P00910,2024-12-23,YouTube,Fichajes,Vídeo largo,0,4360.0,6437.0,243,16,16,9.0,8,3
P00911,2024-12-24,Instagram,Previa,Vídeo corto,0,21953.0,35555.0,1863,88,92,137.0,47,15
P00912,2024-12-24,Instagram,Previa,Carrusel,0,19463.0,22540.0,991,63,90,111.0,25,21
P00913,2024-12-24,Instagram,Institucional,Carrusel,0,15331.0,19865.0,468,28,32,,14,5
P00914,2024-12-24,Instagram,Previa,Vídeo largo,0,18344.0,22041.0,566,30,54,67.0,15,8
P00915,2024-12-24,X,Patrocinador,Imagen,0,,19272.0,43,2,3,4.0,1,0
P00916,2024-12-24,X,Entrenamiento,Imagen,0,17654.0,25718.0,213,12,13,23.0,6,1
P00917,2024-12-24,X,Fichajes,Vídeo corto,0,41947.0,63681.0,1835,131,107,138.0,74,35
P00918,2024-12-24,Facebook,Institucional,Carrusel,0,22355.0,33154.0,107,9,9,11.0,4,1
P00919,2024-12-24,Facebook,Institucional,Imagen,0,22046.0,27116.0,135,10,9,18.0,5,1
P00920,2024-12-24,TikTok,Entrenamiento,Vídeo corto,0,8065.0,11435.0,711,36,73,46.0,21,8
P00921,2024-12-24,YouTube,Cantera,Vídeo corto,0,4294.0,6063.0,78,5,8,8.0,2,1
P00922,2024-12-25,X,Afición,Vídeo corto,0,11166.0,12821.0,303,16,21,14.0,8,3
P00923,2024-12-25,Facebook,Afición,Vídeo corto,0,14191.0,20196.0,384,21,20,60.0,12,4
P00924,2024-12-25,TikTok,Efeméride,Vídeo corto,0,4689.0,7513.0,456,23,39,30.0,14,3
P00925,2024-12-26,Instagram,Patrocinador,Vídeo largo,0,20707.0,23617.0,327,16,32,13.0,8,4
P00926,2024-12-26,X,Institucional,Imagen,0,42599.0,58913.0,315,19,19,34.0,7,7
P00927,2024-12-26,X,Entrenamiento,Texto,0,15179.0,21198.0,117,10,6,6.0,5,1
P00928,2024-12-26,Facebook,Efeméride,Imagen,0,16720.0,19537.0,96,6,5,15.0,3,1
P00929,2024-12-26,TikTok,Efeméride,Vídeo corto,0,9649.0,11215.0,674,34,53,100.0,17,9
P00930,2024-12-27,Instagram,Institucional,Vídeo corto,0,31532.0,47608.0,1097,101,87,23.0,64,18
P00931,2024-12-27,X,Entrenamiento,Imagen,0,12683.0,,198,20,10,24.0,11,3
P00932,2024-12-27,TikTok,Cantera,Vídeo corto,0,11660.0,17377.0,1154,94,126,76.0,45,29
P00933,2024-12-28,Instagram,Previa,Vídeo corto,1,46011.0,61352.0,2589,140,205,349.0,60,47
P00934,2024-12-28,Instagram,Resumen,Vídeo corto,1,66996.0,104619.0,3795,294,238,148.0,183,54
P00935,2024-12-28,Instagram,Afición,Imagen,1,15276.0,18524.0,1246,77,121,119.0,41,18
P00936,2024-12-28,Instagram,Resumen,Imagen,1,36616.0,58159.0,3047,193,316,250.0,96,60
P00937,2024-12-28,Instagram,Previa,Carrusel,1,40608.0,52299.0,1565,81,104,254.0,40,14
P00938,2024-12-28,X,Afición,Imagen,1,29911.0,48963.0,453,43,35,44.0,24,9
P00939,2024-12-28,X,Directo,Texto,1,83244.0,125989.0,1710,87,167,55.0,45,25
P00940,2024-12-28,X,Patrocinador,Texto,1,25936.0,33553.0,202,14,16,14.0,8,2
P00941,2024-12-28,X,Institucional,Vídeo corto,1,26909.0,39897.0,417,33,29,14.0,16,6
P00942,2024-12-28,Facebook,Previa,Imagen,1,7157.0,9226.0,75,5,7,2.0,1,1
P00943,2024-12-28,Facebook,Resumen,Vídeo corto,1,17711.0,29208.0,348,34,30,23.0,17,10
P00944,2024-12-28,TikTok,Efeméride,Vídeo corto,1,6285.0,8332.0,534,29,55,10.0,18,3
P00945,2024-12-29,Instagram,Fichajes,Vídeo corto,0,26982.0,42485.0,2465,215,159,223.0,130,35
P00946,2024-12-29,X,Resumen,Carrusel,0,29729.0,34151.0,541,39,36,51.0,22,8
P00947,2024-12-29,TikTok,Entrenamiento,Vídeo corto,0,,11301.0,734,49,67,11.0,31,7
P00948,2024-12-29,tiktok,Cantera,Vídeo corto,0,6005.0,6948.0,371,20,28,46.0,11,4
P00949,2024-12-30,Instagram,Fichajes,Vídeo corto,0,34418.0,42404.0,3307,256,218,151.0,145,48
P00950,2024-12-30,Instagram,Efeméride,Imagen,0,32337.0,40651.0,1204,64,74,83.0,34,16
P00951,2024-12-30,X,Entrenamiento,Texto,0,18989.0,22575.0,137,10,10,14.0,4,2
P00952,2024-12-30,Facebook,Afición,Vídeo largo,0,16921.0,20818.0,122,9,12,12.0,4,1
P00953,2024-12-30,Facebook,Entrenamiento,Carrusel,0,30282.0,49635.0,404,39,25,25.0,17,8
P00954,2024-12-30,Facebook,Institucional,Imagen,0,19096.0,31203.0,63,4,3,7.0,2,0
P00955,2024-12-31,Instagram,Cantera,Imagen,0,40299.0,51412.0,2177,153,184,45.0,85,25
P00956,2024-12-31,YouTube,Resumen,Vídeo largo,0,4966.0,6648.0,141,8,13,2.0,4,1
P00957,2024-12-31,YouTube,Afición,Vídeo largo,0,7856.0,12293.0,140,7,11,16.0,3,1
P00958,2025-01-01,Instagram,Previa,Imagen,0,39009.0,52549.0,1391,96,129,37.0,56,24
P00959,2025-01-01,Instagram,Entrenamiento,Vídeo corto,0,47940.0,58277.0,4008,312,335,120.0,151,70
P00960,2025-01-01,X,Efeméride,Vídeo corto,0,27230.0,41062.0,642,51,46,58.0,29,9
P00961,2025-01-02,Instagram,Entrenamiento,Imagen,0,30753.0,39635.0,1296,72,97,57.0,39,19
P00962,2025-01-02,TikTok,Entrenamiento,Vídeo corto,0,9476.0,13352.0,714,67,58,44.0,40,15
P00963,2025-01-03,Instagram,Fichajes,Carrusel,0,24074.0,32031.0,2429,199,122,232.0,105,39
P00964,2025-01-03,Instagram,Cantera,Texto,0,41599.0,58810.0,1137,83,64,50.0,41,23
P00965,2025-01-03,X,Institucional,Imagen,0,10575.0,14446.0,111,7,12,8.0,3,1
P00966,2025-01-03,Facebook,Entrenamiento,Carrusel,0,19018.0,25587.0,257,18,25,20.0,10,4
P00967,2025-01-04,Instagram,Previa,Imagen,1,,87232.0,2945,222,203,110.0,116,41
P00968,2025-01-04,Instagram,Patrocinador,Carrusel,1,43866.0,54750.0,928,82,84,0.0,59,13
P00969,2025-01-04,X,Institucional,Vídeo corto,1,39694.0,54800.0,517,46,39,3.0,32,6
P00970,2025-01-04,X,Previa,Vídeo corto,1,29949.0,45267.0,808,38,62,33.0,27,4
P00971,2025-01-04,X,Resumen,Texto,1,23183.0,35153.0,483,29,35,38.0,18,5
P00972,2025-01-04,Facebook,Directo,Carrusel,1,14524.0,17710.0,366,27,37,3.0,19,3
P00973,2025-01-04,Facebook,Directo,Carrusel,1,26428.0,39044.0,462,34,48,17.0,23,4
P00974,2025-01-04,Facebook,Directo,Vídeo largo,1,16873.0,27574.0,280,26,15,31.0,18,4
P00975,2025-01-04,Facebook,Previa,Vídeo corto,1,19154.0,25416.0,276,25,24,11.0,15,5
P00976,2025-01-04,YouTube,Directo,Vídeo largo,1,6802.0,9035.0,160,15,9,19.0,11,2
P00977,2025-01-05,X,Patrocinador,Imagen,0,11220.0,14531.0,56,5,3,6.0,2,1
P00978,2025-01-06,Instagram,Cantera,Carrusel,0,45283.0,69999.0,1245,117,73,84.0,54,34
P00979,2025-01-06,Instagram,Fichajes,Imagen,0,37115.0,53077.0,2555,157,237,93.0,91,34
P00980,2025-01-06,X,Institucional,Texto,0,61092.0,76078.0,250,22,12,21.0,9,6
P00981,2025-01-06,X,Afición,Vídeo corto,0,33952.0,52532.0,479,46,53,25.0,19,14
P00982,2025-01-06,X,Entrenamiento,Texto,0,22001.0,26211.0,217,19,21,6.0,10,4
P00983,2025-01-06,Facebook,Fichajes,Imagen,0,28843.0,42938.0,609,50,57,51.0,30,8
P00984,2025-01-06,TikTok,Patrocinador,Vídeo corto,0,11015.0,14694.0,843,52,53,90.0,22,16
P00985,2025-01-07,Instagram,Fichajes,Imagen,0,30760.0,39294.0,1929,98,171,158.0,60,15
P00986,2025-01-07,Facebook,Entrenamiento,Texto,0,19150.0,28014.0,87,5,5,7.0,2,0
P00987,2025-01-07,TikTok,Fichajes,Vídeo corto,0,8111.0,12556.0,1620,98,92,138.0,56,16
P00988,2025-01-07,TikTok,Resumen,Vídeo corto,0,11338.0,13007.0,1845,159,99,70.0,91,42
P00989,2025-01-08,Instagram,Cantera,Texto,0,25509.0,41597.0,639,40,37,50.0,19,8
P00990,2025-01-08,X,Efeméride,Carrusel,0,43914.0,67784.0,807,53,50,92.0,27,12
P00991,2025-01-08,YouTube,Entrenamiento,Vídeo corto,0,4949.0,6594.0,166,11,10,10.0,6,2
P00992,2025-01-08,YouTube,Efeméride,Vídeo largo,0,6352.0,7930.0,95,5,8,4.0,3,0
P00993,2025-01-08,YouTube,Efeméride,Vídeo largo,0,3611.0,4775.0,69,3,5,11.0,1,0
P00994,2025-01-09,Instagram,Fichajes,Vídeo corto,0,96333.0,141474.0,11362,939,1041,317.0,530,156
P00995,2025-01-09,Instagram,Patrocinador,Vídeo corto,0,44619.0,54767.0,1059,93,80,125.0,49,15
P00996,2025-01-09,X,Cantera,Texto,0,34717.0,49224.0,199,18,16,19.0,10,4
P00997,2025-01-09,YouTube,Afición,Vídeo largo,0,4322.0,5053.0,193,11,10,24.0,6,1
P00998,2025-01-10,Instagram,Resumen,Imagen,0,22507.0,27797.0,1809,88,153,57.0,40,17
P00999,2025-01-10,X,Afición,Texto,0,29069.0,47157.0,362,36,39,22.0,17,8
P01000,2025-01-10,X,Previa,Imagen,0,33282.0,44562.0,289,19,24,22.0,9,4
P01001,2025-01-10,X,Cantera,Vídeo corto,0,19269.0,25084.0,219,17,20,9.0,10,3
P01002,2025-01-10,X,Fichajes,Imagen,0,13314.0,20860.0,303,18,21,13.0,9,3
P01003,2025-01-10,Facebook,Entrenamiento,Vídeo largo,0,27405.0,39192.0,252,16,19,28.0,9,3
P01004,2025-01-10,Facebook,Fichajes,Imagen,0,33726.0,55605.0,767,42,52,34.0,23,7
P01005,2025-01-10,Facebook,Institucional,Carrusel,0,15791.0,22878.0,71,4,6,10.0,2,0
P01006,2025-01-10,TikTok,Efeméride,Vídeo corto,0,5060.0,6782.0,321,27,35,15.0,13,7
P01007,2025-01-11,Instagram,Patrocinador,Vídeo corto,1,46140.0,58858.0,808,44,44,132.0,23,7
P01008,2025-01-11,Instagram,Institucional,Vídeo corto,1,22131.0,25599.0,503,27,52,31.0,12,8
P01009,2025-01-11,Instagram,Resumen,Carrusel,1,32641.0,40537.0,1390,108,89,83.0,51,21
P01010,2025-01-11,Instagram,Fichajes,Imagen,1,38760.0,47647.0,2308,119,169,136.0,81,15
P01011,2025-01-11,Instagram,Directo,Carrusel,1,31904.0,51958.0,1789,134,171,190.0,71,38
P01012,2025-01-11,X,Institucional,Carrusel,1,12233.0,16217.0,103,6,6,13.0,2,1
P01013,2025-01-11,X,Afición,Carrusel,1,11699.0,17793.0,253,18,15,38.0,7,5
P01014,2025-01-11,Facebook,Entrenamiento,Carrusel,1,8675.0,10070.0,98,6,8,4.0,2,1
P01015,2025-01-11,Facebook,Afición,Vídeo corto,1,33779.0,54100.0,469,42,28,55.0,23,7
P01016,2025-01-11,TikTok,Directo,Vídeo corto,1,6964.0,10931.0,1507,79,123,214.0,44,17
P01017,2025-01-11,TikTok,Resumen,Vídeo corto,1,11599.0,16615.0,971,55,61,114.0,27,12
P01018,2025-01-11,TikTok,Afición,Vídeo corto,1,10569.0,12390.0,1578,151,80,150.0,81,33
P01019,2025-01-11,YouTube,Afición,Vídeo largo,1,9312.0,13768.0,250,16,15,33.0,8,3
P01020,2025-01-12,Instagram,Patrocinador,Carrusel,0,15049.0,22145.0,326,17,30,43.0,9,3
P01021,2025-01-12,X,Patrocinador,Texto,0,20053.0,29099.0,126,11,13,1.0,6,2
P01022,2025-01-12,Facebook,Entrenamiento,Texto,0,23255.0,30634.0,141,8,13,8.0,4,1
P01023,2025-01-12,Facebook,Institucional,Imagen,0,19812.0,25460.0,116,9,7,4.0,4,3
P01024,2025-01-12,Facebook,Patrocinador,Imagen,0,31658.0,51062.0,95,5,6,8.0,2,0
P01025,2025-01-12,YouTube,Efeméride,Vídeo largo,0,10175.0,14496.0,249,14,20,,6,3
P01026,2025-01-13,Instagram,Patrocinador,Carrusel,0,28448.0,44627.0,672,34,58,36.0,19,5
P01027,2025-01-13,X,Entrenamiento,Texto,0,38185.0,62054.0,144,9,13,18.0,5,2
P01028,2025-01-13,Facebook,Entrenamiento,Vídeo corto,0,13196.0,17917.0,179,9,18,12.0,5,1
P01029,2025-01-13,Facebook,Patrocinador,Imagen,0,6021.0,8527.0,30,1,3,2.0,0,0
P01030,2025-01-13,TikTok,Fichajes,Vídeo corto,0,8969.0,12284.0,963,67,101,20.0,37,11
P01031,2025-01-13,TikTok,Afición,Vídeo corto,0,11682.0,13697.0,1223,112,88,73.0,53,32
P01032,2025-01-13,YouTube,Fichajes,Vídeo largo,0,8429.0,10665.0,290,25,24,20.0,14,6
P01033,2025-01-14,Instagram,Efeméride,Vídeo corto,0,47059.0,61565.0,3001,270,165,265.0,148,72
P01034,2025-01-14,X,Entrenamiento,Imagen,0,16716.0,21232.0,235,12,23,28.0,5,3
P01035,2025-01-14,Facebook,Efeméride,Vídeo corto,0,19540.0,27664.0,152,14,16,1.0,6,3
P01036,2025-01-14,YouTube,Institucional,Vídeo largo,0,16701.0,21360.0,156,13,9,11.0,8,2
P01037,2025-01-14,YouTube,Entrenamiento,Vídeo largo,0,3926.0,5245.0,89,5,6,6.0,2,1
P01038,2025-01-15,Instagram,Entrenamiento,Imagen,0,20269.0,26188.0,533,42,37,40.0,18,9
P01039,2025-01-15,Instagram,Efeméride,Imagen,0,8476.0,10437.0,516,34,50,26.0,19,9
P01040,2025-01-15,Facebook,Afición,Imagen,0,23869.0,29735.0,278,16,21,16.0,10,2
P01041,2025-01-15,Facebook,Entrenamiento,Imagen,0,11955.0,17866.0,109,10,8,9.0,5,2
P01042,2025-01-15,Facebook,Directo,Texto,0,10674.0,17482.0,183,10,13,19.0,4,2
P01043,2025-01-15,YouTube,Fichajes,Vídeo largo,0,7098.0,8073.0,231,20,22,10.0,9,6
P01044,2025-01-16,X,Directo,Imagen,0,31521.0,39287.0,726,44,72,24.0,25,9
P01045,2025-01-16,X,Institucional,Texto,0,39482.0,46775.0,187,10,12,27.0,5,1
P01046,2025-01-16,X,Patrocinador,Vídeo largo,0,15136.0,24421.0,127,8,12,11.0,4,1
P01047,2025-01-16,Facebook,Previa,Imagen,0,22345.0,28054.0,250,21,24,10.0,13,4
P01048,2025-01-16,Facebook,Resumen,Vídeo corto,0,11961.0,16508.0,252,18,14,34.0,9,3
P01049,2025-01-16,YouTube,Entrenamiento,Vídeo largo,0,7395.0,12102.0,156,9,12,13.0,4,1
P01050,2025-01-17,Instagram,Previa,Imagen,0,21680.0,30062.0,1355,112,131,,59,25
P01051,2025-01-17,Instagram,Entrenamiento,Carrusel,0,31973.0,47552.0,974,63,98,22.0,33,13
P01052,2025-01-17,X,Previa,Imagen,0,25889.0,30678.0,357,27,36,19.0,14,5
P01053,2025-01-17,X,Previa,Imagen,0,23077.0,27837.0,342,16,27,15.0,9,4
P01054,2025-01-17,X,Resumen,Imagen,0,35379.0,49917.0,491,48,34,49.0,22,12
P01055,2025-01-17,TikTok,Cantera,Vídeo corto,0,11405.0,18597.0,760,49,61,49.0,23,14
P01056,2025-01-18,Instagram,Resumen,Vídeo corto,1,21365.0,26729.0,2832,230,284,46.0,144,36
P01057,2025-01-18,Instagram,Previa,Imagen,1,44644.0,60953.0,2011,192,147,158.0,123,28
P01058,2025-01-18,Instagram,Resumen,Imagen,1,44727.0,61131.0,2323,125,227,158.0,80,28
P01059,2025-01-18,Instagram,Resumen,Vídeo largo,1,40448.0,52236.0,1101,61,111,,41,7
P01060,2025-01-18,Instagram,Afición,Vídeo corto,1,27001.0,40827.0,2562,174,167,276.0,103,40
P01061,2025-01-18,X,Directo,Vídeo corto,1,34097.0,39318.0,897,69,67,96.0,47,12
P01062,2025-01-18,X,Cantera,Texto,1,34630.0,43190.0,217,16,11,34.0,10,2
P01063,2025-01-18,X,Directo,Texto,1,12201.0,16368.0,247,16,22,19.0,9,2
P01064,2025-01-18,Facebook,Institucional,Vídeo corto,1,15148.0,22260.0,165,12,17,5.0,7,2
P01065,2025-01-18,Facebook,Resumen,Vídeo corto,1,33762.0,50068.0,1166,68,99,135.0,45,13
P01066,2025-01-18,FACEBOOK,Directo,Imagen,1,28832.0,45783.0,357,20,33,20.0,12,5
P01067,2025-01-18,TikTok,Fichajes,Vídeo corto,1,4013.0,6391.0,931,80,63,24.0,50,11
P01068,2025-01-18,TikTok,Patrocinador,Vídeo corto,1,29024.0,44848.0,1297,87,127,145.0,62,9
P01069,2025-01-18,TikTok,Patrocinador,Vídeo corto,1,4220.0,6067.0,220,15,18,21.0,10,1
P01070,2025-01-18,TikTok,Previa,Vídeo corto,1,13527.0,20908.0,1492,131,135,95.0,86,25
P01071,2025-01-18,YouTube,Resumen,Vídeo largo,1,7467.0,8980.0,477,45,30,27.0,28,9
P01072,2025-01-19,Instagram,Cantera,Imagen,0,,26392.0,391,23,24,51.0,12,6
P01073,2025-01-19,Facebook,Entrenamiento,Vídeo corto,0,13472.0,16415.0,157,10,9,8.0,5,2
P01074,2025-01-19,Facebook,Entrenamiento,Carrusel,0,23314.0,30240.0,267,14,23,31.0,8,2
P01075,2025-01-19,Facebook,Fichajes,Vídeo corto,0,15545.0,23126.0,415,40,24,25.0,20,11
P01076,2025-01-19,Facebook,Efeméride,Vídeo corto,0,18636.0,22480.0,258,14,25,11.0,8,3
P01077,2025-01-19,TikTok,Efeméride,Vídeo corto,0,7812.0,11376.0,784,43,49,91.0,24,9
P01078,2025-01-19,YouTube,Fichajes,Vídeo largo,0,4219.0,5691.0,158,14,11,3.0,6,3
P01079,2025-01-20,Instagram,Efeméride,Carrusel,0,27084.0,42723.0,762,41,54,78.0,18,12
P01080,2025-01-20,Instagram,Resumen,Carrusel,0,20044.0,24096.0,1137,80,102,23.0,43,13
P01081,2025-01-20,X,Patrocinador,Texto,0,22244.0,27361.0,103,9,10,6.0,5,1
P01082,2025-01-20,TikTok,Efeméride,Vídeo corto,0,26657.0,41081.0,1197,59,62,137.0,31,17
P01083,2025-01-20,TikTok,Directo,Vídeo corto,0,9787.0,14276.0,1359,75,142,66.0,36,18
P01084,2025-01-21,Instagram,Entrenamiento,Carrusel,0,22573.0,30079.0,1007,90,105,60.0,52,17
P01085,2025-01-21,Instagram,Resumen,Carrusel,0,30189.0,42320.0,1215,81,70,186.0,47,21
P01086,2025-01-21,Instagram,Entrenamiento,Vídeo corto,0,50314.0,81435.0,2989,165,185,231.0,87,42
P01087,2025-01-21,Instagram,Fichajes,Imagen,0,26351.0,33139.0,1252,96,102,27.0,49,26
P01088,2025-01-21,X,Entrenamiento,Vídeo largo,0,53689.0,72217.0,476,41,45,0.0,24,8
P01089,2025-01-21,X,Patrocinador,Texto,0,17435.0,21831.0,99,8,5,5.0,4,1
P01090,2025-01-21,X,Institucional,Texto,0,25994.0,35875.0,157,10,14,19.0,4,1
P01091,2025-01-21,X,Fichajes,Texto,0,20735.0,29989.0,278,21,20,20.0,11,3
P01092,2025-01-21,TikTok,Entrenamiento,Vídeo corto,0,10957.0,13907.0,775,70,59,64.0,38,12
P01093,2025-01-22,Instagram,Cantera,Carrusel,0,21721.0,24580.0,612,58,41,29.0,26,14
P01094,2025-01-22,X,Efeméride,Imagen,0,11680.0,17987.0,124,12,8,11.0,6,2
P01095,2025-01-22,Facebook,Efeméride,Vídeo corto,0,29618.0,36143.0,223,15,18,26.0,9,3
P01096,2025-01-22,Facebook,Cantera,Imagen,0,7213.0,11486.0,55,2,4,5.0,0,0
P01097,2025-01-23,X,Patrocinador,Vídeo corto,0,8164.0,10825.0,124,8,12,9.0,4,1
P01098,2025-01-23,X,Fichajes,Vídeo corto,0,20562.0,27257.0,893,72,57,25.0,38,15
P01099,2025-01-23,X,Entrenamiento,Vídeo corto,0,35077.0,49437.0,758,62,70,6.0,35,9
P01100,2025-01-23,Facebook,Patrocinador,Imagen,0,5800.0,9374.0,21,2,1,2.0,1,0
P01101,2025-01-23,YouTube,Directo,Vídeo corto,0,7060.0,10613.0,641,34,56,57.0,17,7
P01102,2025-01-24,Instagram,Patrocinador,Imagen,0,32970.0,51086.0,732,59,74,60.0,28,12
P01103,2025-01-24,Instagram,Fichajes,Imagen,0,8186.0,10400.0,592,35,41,68.0,18,6
P01104,2025-01-24,X,Efeméride,Texto,0,41412.0,60903.0,281,23,24,9.0,12,5
P01105,2025-01-24,X,Afición,Imagen,0,28432.0,34092.0,469,34,46,20.0,19,8
P01106,2025-01-24,Facebook,Resumen,Imagen,0,8547.0,11580.0,83,6,8,7.0,3,1
P01107,2025-01-24,Facebook,Entrenamiento,Carrusel,0,23932.0,31423.0,265,13,18,16.0,5,2
P01108,2025-01-24,YouTube,Patrocinador,Vídeo corto,0,6644.0,7548.0,196,14,10,18.0,7,2
P01109,2025-01-25,Instagram,Afición,Vídeo corto,1,59491.0,92851.0,2227,194,185,41.0,67,44
P01110,2025-01-25,Instagram,Patrocinador,Texto,1,67465.0,107887.0,560,45,28,33.0,18,9
P01111,2025-01-25,Instagram,Previa,Vídeo corto,1,32813.0,45050.0,3103,233,328,275.0,96,51
P01112,2025-01-25,Instagram,Entrenamiento,Carrusel,1,32653.0,44280.0,1024,74,53,133.0,34,20
P01113,2025-01-25,Instagram,Fichajes,Imagen,1,37863.0,61092.0,1952,141,170,177.0,36,40
P01114,2025-01-25,X,Previa,Imagen,1,19788.0,26141.0,157,13,14,17.0,4,3
P01115,2025-01-25,X,Resumen,Imagen,1,18754.0,23028.0,250,13,18,28.0,3,4
P01116,2025-01-25,X,Resumen,Imagen,1,32141.0,50041.0,486,36,49,5.0,11,10
P01117,2025-01-25,Facebook,Resumen,Vídeo corto,1,19079.0,29301.0,355,25,18,23.0,11,6
P01118,2025-01-25,Facebook,Previa,Vídeo corto,1,16834.0,21755.0,242,13,24,19.0,5,3
P01119,2025-01-25,Facebook,Directo,Carrusel,1,17469.0,21378.0,201,15,14,24.0,5,4
P01120,2025-01-25,TikTok,Afición,Vídeo corto,1,13818.0,16611.0,1469,114,157,79.0,42,33
P01121,2025-01-25,TikTok,Resumen,Vídeo corto,1,29535.0,36149.0,2994,260,303,241.0,74,115
P01122,2025-01-25,YouTube,Institucional,Vídeo corto,1,14090.0,17512.0,270,13,26,25.0,3,5
P01123,2025-01-25,YouTube,Resumen,Vídeo largo,1,3426.0,4073.0,87,4,5,6.0,0,1
P01124,2025-01-26,Instagram,Entrenamiento,Vídeo corto,0,23598.0,29263.0,1096,79,115,52.0,41,24
P01125,2025-01-26,Instagram,Fichajes,Carrusel,0,43776.0,66251.0,4242,224,430,77.0,108,50
P01126,2025-01-26,Instagram,Patrocinador,Vídeo corto,0,21112.0,25191.0,558,51,43,6.0,30,10
P01127,2025-01-26,Instagram,Fichajes,Vídeo largo,0,20650.0,25510.0,728,52,79,50.0,31,9
P01128,2025-01-26,X,Entrenamiento,Texto,0,28016.0,39164.0,254,21,15,19.0,11,5
P01129,2025-01-26,TikTok,Cantera,Vídeo corto,0,7004.0,11101.0,363,33,20,38.0,15,7
P01130,2025-01-26,YouTube,Patrocinador,Vídeo largo,0,10136.0,12327.0,158,11,11,14.0,6,1
P01131,2025-01-27,Facebook,Entrenamiento,Imagen,0,14546.0,19632.0,121,8,6,10.0,5,1
P01132,2025-01-27,Facebook,Cantera,Texto,0,25923.0,35956.0,109,10,7,7.0,5,1
P01133,2025-01-27,TikTok,Entrenamiento,Vídeo corto,0,8121.0,9209.0,592,47,30,53.0,22,9
P01134,2025-01-27,YouTube,Entrenamiento,Vídeo corto,0,4747.0,,230,14,22,20.0,6,2
P01135,2025-01-28,Instagram,Entrenamiento,Imagen,0,35483.0,49534.0,1365,77,146,57.0,37,23
P01136,2025-01-28,Instagram,Entrenamiento,Imagen,0,25840.0,31576.0,1065,77,81,60.0,39,21
P01137,2025-01-28,X,Patrocinador,Imagen,0,19116.0,27470.0,91,8,5,8.0,4,1
P01138,2025-01-28,X,Afición,Texto,0,20536.0,26134.0,281,23,29,1.0,11,5
P01139,2025-01-28,Facebook,Efeméride,Imagen,0,33164.0,47835.0,263,20,27,23.0,10,4
P01140,2025-01-28,Facebook,Afición,Texto,0,12171.0,17822.0,68,3,5,7.0,1,0
P01141,2025-01-29,INSTAGRAM,Entrenamiento,Imagen,0,26233.0,42102.0,985,57,49,117.0,29,15
P01142,2025-01-29,Instagram,Institucional,Vídeo corto,0,15539.0,17940.0,483,28,29,42.0,12,6
P01143,2025-01-29,Instagram,Entrenamiento,Imagen,0,22152.0,35589.0,562,43,31,47.0,24,11
P01144,2025-01-29,Instagram,Directo,Imagen,0,25647.0,35720.0,1351,74,100,186.0,45,11
P01145,2025-01-29,X,Patrocinador,Texto,0,24519.0,32665.0,94,6,9,9.0,3,0
P01146,2025-01-29,X,Afición,Vídeo largo,0,34667.0,54473.0,425,34,33,30.0,15,10
P01147,2025-01-29,Facebook,Efeméride,Vídeo corto,0,32394.0,45651.0,448,40,35,24.0,24,7
P01148,2025-01-29,Facebook,Afición,Vídeo corto,0,17765.0,26700.0,289,27,25,27.0,14,6
P01149,2025-01-29,YouTube,Entrenamiento,Vídeo largo,0,5781.0,7081.0,84,6,4,13.0,3,1
P01150,2025-01-29,YouTube,Entrenamiento,Vídeo corto,0,4175.0,,120,9,6,13.0,4,2
P01151,2025-01-30,Instagram,Entrenamiento,Carrusel,0,21473.0,24801.0,921,52,70,122.0,27,13
P01152,2025-01-30,X,Fichajes,Imagen,0,20687.0,34046.0,333,27,33,31.0,18,3
P01153,2025-01-31,Instagram,Fichajes,Imagen,0,13175.0,15120.0,895,63,92,90.0,36,14
P01154,2025-01-31,X,Institucional,Imagen,0,8107.0,10934.0,102,9,8,0.0,4,1
P01155,2025-01-31,X,Institucional,Texto,0,10938.0,13237.0,49,2,3,7.0,1,0
P01156,2025-01-31,TikTok,Afición,Vídeo corto,0,7553.0,9769.0,916,57,75,38.0,28,17
P01157,2025-02-01,Instagram,Afición,Texto,1,34343.0,54791.0,737,59,73,0.0,16,27
P01158,2025-02-01,Instagram,Patrocinador,Carrusel,1,34936.0,53501.0,411,32,25,47.0,10,12
P01159,2025-02-01,Instagram,Directo,Vídeo corto,1,14158.0,18822.0,829,71,86,0.0,16,23
P01160,2025-02-01,X,Efeméride,Vídeo corto,1,15378.0,22048.0,247,12,12,20.0,4,3
P01161,2025-02-01,X,Resumen,Texto,1,18191.0,26778.0,263,16,19,24.0,4,4
P01162,2025-02-01,X,Previa,Imagen,1,16380.0,25155.0,167,16,11,10.0,5,4
P01163,2025-02-01,X,Directo,Imagen,1,22209.0,35740.0,356,23,27,10.0,5,7
P01164,2025-02-01,x,Afición,Vídeo corto,1,33010.0,47878.0,907,69,71,15.0,19,30
P01165,2025-02-01,Facebook,Cantera,Imagen,1,14842.0,21758.0,84,5,7,8.0,2,1
P01166,2025-02-01,Facebook,Afición,Vídeo corto,1,15386.0,19973.0,379,26,37,8.0,10,5
P01167,2025-02-01,Facebook,Resumen,Imagen,1,14266.0,19939.0,233,16,24,0.0,4,4
P01168,2025-02-01,Facebook,Entrenamiento,Vídeo largo,1,35515.0,46353.0,189,8,12,15.0,1,2
P01169,2025-02-01,Facebook,Directo,Imagen,1,15347.0,23033.0,150,14,14,0.0,3,5
P01170,2025-02-01,TikTok,Resumen,Vídeo corto,1,21072.0,32065.0,2097,175,217,66.0,63,56
P01171,2025-02-01,tiktok,Afición,Vídeo corto,1,8966.0,14183.0,564,27,38,51.0,7,11
P01172,2025-02-01,YouTube,Afición,Vídeo corto,1,7584.0,9892.0,263,16,13,31.0,4,7
P01173,2025-02-01,YouTube,Efeméride,Vídeo largo,1,5450.0,6524.0,96,6,6,14.0,2,1
P01174,2025-02-02,X,Entrenamiento,Vídeo corto,0,13708.0,17175.0,172,13,9,15.0,4,3
P01175,2025-02-02,X,Resumen,Imagen,0,25298.0,29370.0,504,31,50,9.0,16,5
P01176,2025-02-02,Facebook,Entrenamiento,Carrusel,0,19161.0,30388.0,232,16,19,15.0,6,5
P01177,2025-02-02,Facebook,Fichajes,Imagen,0,10328.0,13222.0,148,9,11,5.0,5,1
P01178,2025-02-02,Facebook,Entrenamiento,Carrusel,0,7834.0,9110.0,52,2,3,9.0,1,0
P01179,2025-02-03,Instagram,Entrenamiento,Vídeo corto,0,40356.0,65006.0,2493,192,124,108.0,108,51
P01180,2025-02-03,YouTube,Entrenamiento,Vídeo largo,0,2770.0,4165.0,64,5,4,3.0,2,0
P01181,2025-02-03,YouTube,Afición,Vídeo largo,0,5983.0,9010.0,125,11,12,10.0,6,2
P01182,2025-02-04,X,Patrocinador,Texto,0,18532.0,29090.0,87,6,4,6.0,2,1
P01183,2025-02-04,Facebook,Efeméride,Vídeo corto,0,25445.0,29801.0,588,30,29,50.0,18,7
P01184,2025-02-04,Facebook,Efeméride,Texto,0,14749.0,21577.0,90,8,8,7.0,4,1
P01185,2025-02-04,Facebook,Entrenamiento,Carrusel,0,10963.0,12707.0,73,6,7,7.0,3,1
P01186,2025-02-04,TikTok,Fichajes,Vídeo corto,0,6351.0,8548.0,692,66,62,31.0,37,14
P01187,2025-02-04,TikTok,Fichajes,Vídeo corto,0,19535.0,27707.0,3103,177,259,339.0,93,40
P01188,2025-02-05,Instagram,Cantera,Carrusel,0,42540.0,56982.0,1477,78,123,81.0,44,20
P01189,2025-02-05,Instagram,Resumen,Vídeo corto,0,36136.0,,4611,431,367,89.0,254,101
P01190,2025-02-05,Instagram,Institucional,Carrusel,0,34226.0,53000.0,742,52,46,29.0,27,15
P01191,2025-02-05,Instagram,Entrenamiento,Imagen,0,21196.0,29111.0,505,45,44,0.0,25,8
P01192,2025-02-05,X,Fichajes,Texto,0,48412.0,67472.0,848,49,56,43.0,25,8
P01193,2025-02-05,Facebook,Efeméride,Imagen,0,11611.0,18820.0,136,6,9,13.0,3,1
P01194,2025-02-05,Facebook,Entrenamiento,Vídeo corto,0,24223.0,35970.0,251,16,13,17.0,9,2
P01195,2025-02-05,Facebook,Institucional,Vídeo corto,0,21471.0,34341.0,142,9,14,2.0,4,2
P01196,2025-02-05,YouTube,Institucional,Vídeo largo,0,3968.0,6512.0,46,4,4,3.0,2,1
P01197,2025-02-06,X,Efeméride,Vídeo corto,0,29290.0,34950.0,705,53,69,0.0,25,10
P01198,2025-02-06,X,Afición,Vídeo corto,0,9610.0,13920.0,247,13,20,17.0,6,3
P01199,2025-02-06,Facebook,Cantera,Texto,0,14117.0,19995.0,95,5,9,9.0,2,1
P01200,2025-02-06,Facebook,Fichajes,Vídeo corto,0,10072.0,15174.0,199,17,13,4.0,8,3
P01201,2025-02-06,YouTube,Directo,Vídeo largo,0,11598.0,17956.0,415,36,26,28.0,15,12
P01202,2025-02-07,Instagram,Afición,Carrusel,0,30218.0,35138.0,1554,89,152,,50,23
P01203,2025-02-07,X,Resumen,Imagen,0,13162.0,16661.0,167,13,12,9.0,8,2
P01204,2025-02-07,X,Resumen,Vídeo corto,0,30723.0,44157.0,830,43,79,,21,12
P01205,2025-02-07,Facebook,Entrenamiento,Vídeo corto,0,36080.0,56150.0,398,22,40,49.0,11,4
P01206,2025-02-07,TikTok,Resumen,Vídeo corto,0,7494.0,11808.0,664,39,43,32.0,17,13
P01207,2025-02-07,TikTok,Entrenamiento,Vídeo corto,0,8931.0,10734.0,592,28,36,43.0,17,5
P01208,2025-02-08,X,Efeméride,Texto,0,28709.0,44783.0,243,20,23,0.0,11,3
P01209,2025-02-08,X,Afición,Imagen,0,26658.0,35918.0,355,32,31,23.0,17,8
P01210,2025-02-08,Facebook,Entrenamiento,Carrusel,0,19594.0,22027.0,180,10,18,8.0,6,1
P01211,2025-02-09,Instagram,Cantera,Vídeo corto,0,37830.0,51466.0,861,79,73,89.0,46,14
P01212,2025-02-09,Instagram,Resumen,Carrusel,0,23091.0,33215.0,1026,76,75,67.0,38,23
P01213,2025-02-09,Instagram,Entrenamiento,Vídeo largo,0,38384.0,48025.0,1258,69,111,56.0,35,17
P01214,2025-02-09,Instagram,Entrenamiento,Carrusel,0,43664.0,57924.0,1861,97,151,84.0,37,34
P01215,2025-02-09,X,Institucional,Texto,0,29906.0,40354.0,160,12,10,22.0,7,2
P01216,2025-02-09,X,Directo,Vídeo largo,0,33710.0,54501.0,504,25,44,66.0,14,6
P01217,2025-02-09,Facebook,Fichajes,Vídeo corto,0,9875.0,15866.0,532,29,48,11.0,15,6
P01218,2025-02-10,Facebook,Institucional,Vídeo largo,0,15972.0,20353.0,59,4,5,1.0,1,1
P01219,2025-02-10,Facebook,Efeméride,Imagen,0,17415.0,21170.0,117,6,11,8.0,3,1
P01220,2025-02-10,TikTok,Fichajes,Vídeo corto,0,4922.0,6116.0,604,32,38,92.0,16,6
P01221,2025-02-11,Instagram,Afición,Vídeo corto,0,40145.0,51179.0,3808,311,193,411.0,148,76
P01222,2025-02-12,Facebook,Fichajes,Vídeo corto,0,13072.0,18521.0,256,14,15,37.0,7,3
P01223,2025-02-13,Instagram,Afición,Imagen,0,19530.0,32011.0,570,53,65,42.0,26,10
P01224,2025-02-13,instagram,Resumen,Texto,0,15439.0,22272.0,806,40,55,41.0,21,9
P01225,2025-02-13,Instagram,Afición,Vídeo corto,0,33362.0,55031.0,1435,133,143,75.0,73,34
P01226,2025-02-13,X,Afición,Texto,0,15326.0,23845.0,88,5,8,7.0,2,0
P01227,2025-02-13,X,Afición,Imagen,0,11822.0,19278.0,209,14,20,9.0,7,2
P01228,2025-02-13,Facebook,Cantera,Texto,0,13896.0,19293.0,71,4,5,10.0,2,0
P01229,2025-02-13,YouTube,Afición,Vídeo largo,0,12787.0,20642.0,313,23,19,31.0,10,7
P01230,2025-02-13,YouTube,Previa,Vídeo corto,0,4543.0,5693.0,129,6,8,11.0,3,1
P01231,2025-02-14,Instagram,Entrenamiento,Vídeo largo,0,15673.0,19032.0,408,30,24,41.0,19,4
P01232,2025-02-14,Instagram,Directo,Carrusel,0,15403.0,23114.0,503,27,40,44.0,15,5
P01233,2025-02-14,X,Entrenamiento,Texto,0,18409.0,24296.0,212,14,21,0.0,8,2
P01234,2025-02-15,Instagram,Previa,Carrusel,1,10933.0,17813.0,420,22,43,,5,10
P01235,2025-02-15,X,Resumen,Vídeo corto,1,17800.0,20681.0,355,21,21,52.0,3,7
P01236,2025-02-15,X,Previa,Texto,1,11854.0,19345.0,89,8,5,11.0,2,2
P01237,2025-02-15,X,Directo,Carrusel,1,17543.0,28097.0,308,25,32,14.0,5,9
P01238,2025-02-15,Facebook,Previa,Vídeo corto,1,16676.0,27491.0,147,14,15,7.0,3,6
P01239,2025-02-15,Facebook,Resumen,Vídeo corto,1,13812.0,21283.0,149,8,12,9.0,2,1
P01240,2025-02-15,Facebook,Resumen,Vídeo largo,1,24298.0,35189.0,234,20,25,2.0,4,7
P01241,2025-02-15,Facebook,Directo,Imagen,1,23689.0,37854.0,240,19,14,24.0,4,6
P01242,2025-02-15,Facebook,Afición,Vídeo corto,1,16977.0,24177.0,269,21,19,17.0,7,8
P01243,2025-02-15,Facebook,Directo,Imagen,1,11922.0,19359.0,105,9,11,5.0,2,3
P01244,2025-02-15,Facebook,Cantera,Carrusel,1,,,62,5,4,4.0,0,2
P01245,2025-02-15,TikTok,Efeméride,Vídeo corto,1,20544.0,32841.0,699,36,61,42.0,9,14
P01246,2025-02-15,YouTube,Previa,Vídeo corto,1,13844.0,20917.0,277,27,23,19.0,6,9
P01247,2025-02-15,YouTube,Resumen,Vídeo corto,1,5724.0,8295.0,197,16,13,17.0,6,5
P01248,2025-02-16,Instagram,Entrenamiento,Imagen,0,24270.0,36432.0,521,29,36,69.0,15,4
P01249,2025-02-16,instagram,Patrocinador,Imagen,0,33504.0,43300.0,600,32,44,27.0,18,5
P01250,2025-02-16,Instagram,Institucional,Imagen,0,37514.0,47815.0,1123,75,107,20.0,37,22
P01251,2025-02-16,Facebook,Entrenamiento,Vídeo corto,0,21807.0,26956.0,258,13,15,25.0,7,2
P01252,2025-02-16,Facebook,Institucional,Vídeo corto,0,19306.0,23059.0,203,12,18,27.0,6,3
P01253,2025-02-16,YouTube,Resumen,Vídeo largo,0,3251.0,5155.0,149,12,15,13.0,7,1
P01254,2025-02-17,Instagram,Cantera,Imagen,0,26194.0,42379.0,799,53,81,14.0,29,14
P01255,2025-02-17,X,Fichajes,Texto,0,,25015.0,145,13,11,16.0,6,3
P01256,2025-02-17,Facebook,Previa,Imagen,0,27017.0,36109.0,279,26,26,0.0,15,4
P01257,2025-02-17,Facebook,Entrenamiento,Imagen,0,8692.0,12310.0,54,2,4,4.0,1,0
P01258,2025-02-17,TikTok,Afición,Vídeo corto,0,10621.0,14280.0,1526,87,82,193.0,41,17
P01259,2025-02-17,YouTube,Entrenamiento,Vídeo largo,0,5253.0,8192.0,110,6,11,12.0,2,2
P01260,2025-02-18,Instagram,Patrocinador,Imagen,0,29468.0,39475.0,1007,86,79,92.0,55,16
P01261,2025-02-18,Instagram,Fichajes,Imagen,0,37011.0,44971.0,2046,112,118,178.0,67,24
P01262,2025-02-18,Facebook,Afición,Vídeo corto,0,23120.0,29286.0,297,16,25,26.0,7,3
P01263,2025-02-18,YouTube,Cantera,Vídeo largo,0,4739.0,6125.0,45,2,2,4.0,1,0
P01264,2025-02-19,Instagram,Entrenamiento,Texto,0,33667.0,48734.0,652,35,51,80.0,19,8
P01265,2025-02-19,X,Entrenamiento,Texto,0,14969.0,16946.0,101,9,6,9.0,5,2
P01266,2025-02-19,Facebook,Entrenamiento,Carrusel,0,8728.0,11837.0,103,7,7,9.0,3,1
P01267,2025-02-19,Facebook,Cantera,Vídeo corto,0,23523.0,33041.0,309,19,28,26.0,9,3
P01268,2025-02-19,Facebook,Patrocinador,Vídeo corto,0,16923.0,22037.0,103,6,6,18.0,3,0
P01269,2025-02-20,Instagram,Entrenamiento,Vídeo corto,0,29655.0,48041.0,1345,66,71,130.0,32,18
P01270,2025-02-20,X,Entrenamiento,Vídeo corto,0,12809.0,17055.0,254,14,21,18.0,6,3
P01271,2025-02-20,Facebook,Fichajes,Carrusel,0,26969.0,34859.0,341,25,27,6.0,13,6
P01272,2025-02-20,TikTok,Entrenamiento,Vídeo corto,0,12402.0,14553.0,1000,87,52,102.0,51,14
P01273,2025-02-20,YouTube,Entrenamiento,Vídeo corto,0,4497.0,5801.0,154,14,14,5.0,8,3
P01274,2025-02-20,YouTube,Afición,Vídeo largo,0,9911.0,13018.0,308,17,24,13.0,8,2
P01275,2025-02-21,Instagram,Cantera,Carrusel,0,23010.0,27053.0,1162,87,87,29.0,50,19
P01276,2025-02-21,YouTube,Entrenamiento,Vídeo corto,0,6173.0,9567.0,123,8,11,1.0,4,1
P01277,2025-02-21,YouTube,Patrocinador,Vídeo largo,0,2098.0,2456.0,19,1,1,3.0,0,0
P01278,2025-02-22,Instagram,Patrocinador,Vídeo corto,1,24897.0,38068.0,978,97,79,83.0,60,21
P01279,2025-02-22,Instagram,Previa,Vídeo corto,1,67934.0,96454.0,2199,130,143,178.0,78,23
P01280,2025-02-22,Instagram,Directo,Imagen,1,25373.0,36124.0,1439,108,118,9.0,59,25
P01281,2025-02-22,Instagram,Afición,Vídeo corto,1,42222.0,56928.0,-1,188,180,206.0,120,42
P01282,2025-02-22,Facebook,Directo,Texto,1,21884.0,32340.0,252,18,22,22.0,11,3
P01283,2025-02-22,Facebook,Directo,Vídeo largo,1,11867.0,14860.0,106,9,10,0.0,4,2
P01284,2025-02-22,Facebook,Resumen,Carrusel,1,16115.0,22985.0,383,21,39,18.0,14,2
P01285,2025-02-22,Facebook,Patrocinador,Vídeo corto,1,46910.0,61938.0,304,30,22,25.0,22,3
P01286,2025-02-22,Facebook,Afición,Imagen,1,16877.0,24181.0,236,12,12,30.0,7,1
P01287,2025-02-22,TikTok,Fichajes,Vídeo corto,1,16038.0,25021.0,3176,287,283,16.0,168,69
P01288,2025-02-22,TikTok,Fichajes,Vídeo corto,1,14581.0,22175.0,2375,181,200,22.0,114,32
P01289,2025-02-22,YouTube,Resumen,Vídeo largo,1,4184.0,5652.0,134,8,13,7.0,4,1
P01290,2025-02-22,YouTube,Previa,Vídeo corto,1,6530.0,9350.0,284,14,20,36.0,8,1
P01291,2025-02-23,Instagram,Directo,Imagen,0,20087.0,23713.0,788,63,38,28.0,29,18
P01292,2025-02-23,X,Cantera,Vídeo corto,0,20392.0,29967.0,213,11,16,29.0,5,2
P01293,2025-02-23,TikTok,Previa,Vídeo corto,0,16285.0,20012.0,1298,116,72,164.0,74,21
P01294,2025-02-23,YouTube,Entrenamiento,Vídeo largo,0,4679.0,7711.0,49,4,3,4.0,2,0
P01295,2025-02-23,YouTube,Fichajes,Vídeo corto,0,3258.0,5260.0,208,18,10,6.0,10,4
P01296,2025-02-24,Instagram,Fichajes,Vídeo corto,0,19343.0,26906.0,1809,99,191,125.0,54,15
P01297,2025-02-24,Instagram,Entrenamiento,Carrusel,0,74233.0,121650.0,2239,181,220,0.0,100,43
P01298,2025-02-24,X,Patrocinador,Imagen,0,30662.0,47451.0,220,21,23,13.0,12,3
P01299,2025-02-24,TikTok,Entrenamiento,Vídeo corto,0,16894.0,25623.0,1058,60,62,138.0,27,18
P01300,2025-02-24,YouTube,Efeméride,Vídeo largo,0,,8307.0,176,12,15,8.0,5,3
P01301,2025-02-25,X,Efeméride,Vídeo corto,0,17335.0,25562.0,206,15,12,30.0,7,3
P01302,2025-02-25,X,Entrenamiento,Vídeo corto,0,15230.0,23863.0,294,18,32,31.0,10,3
P01303,2025-02-25,Facebook,Cantera,Carrusel,0,15705.0,18528.0,162,8,13,11.0,4,1
P01304,2025-02-25,Facebook,Efeméride,Vídeo corto,0,17016.0,26865.0,218,13,23,,7,3
P01305,2025-02-26,X,Efeméride,Imagen,0,25617.0,29165.0,386,32,19,36.0,16,8
P01306,2025-02-26,X,Institucional,Imagen,0,9281.0,15312.0,63,3,4,4.0,1,0
P01307,2025-02-26,X,Afición,Imagen,0,31262.0,36877.0,466,33,27,31.0,17,8
P01308,2025-02-26,FACEBOOK,Institucional,Carrusel,0,16598.0,27286.0,143,8,11,21.0,3,1
P01309,2025-02-26,TIKTOK,Institucional,Vídeo corto,0,9711.0,14472.0,594,29,57,47.0,12,9
P01310,2025-02-26,TikTok,Afición,Vídeo corto,0,8681.0,13803.0,911,59,82,28.0,31,15
P01311,2025-02-26,YouTube,Previa,Vídeo largo,0,4199.0,5691.0,70,4,7,6.0,2,0
P01312,2025-02-27,Instagram,Entrenamiento,Vídeo corto,0,43643.0,56126.0,2887,214,240,307.0,110,49
P01313,2025-02-27,Instagram,Efeméride,Imagen,0,27202.0,40909.0,1123,93,85,17.0,51,26
P01314,2025-02-27,X,Entrenamiento,Imagen,0,42490.0,49903.0,590,48,48,67.0,28,9
P01315,2025-02-27,Facebook,Patrocinador,Imagen,0,33006.0,37490.0,170,9,11,,5,2
P01316,2025-02-27,Facebook,Fichajes,Vídeo corto,0,6724.0,9678.0,300,18,30,15.0,9,2
P01317,2025-02-27,YouTube,Fichajes,Vídeo largo,0,8901.0,12879.0,564,38,34,30.0,20,10
P01318,2025-02-28,Instagram,Institucional,Imagen,0,37858.0,53895.0,673,42,59,12.0,19,14
P01319,2025-02-28,Instagram,Entrenamiento,Carrusel,0,6134.0,8593.0,189,13,16,8.0,7,3
P01320,2025-02-28,Instagram,Directo,Carrusel,0,42575.0,57140.0,2165,168,181,111.0,82,37
P01321,2025-02-28,X,Fichajes,Texto,0,20423.0,32276.0,280,23,29,0.0,11,5
P01322,2025-02-28,X,Afición,Vídeo largo,0,38102.0,53055.0,557,54,52,42.0,27,12
P01323,2025-02-28,X,Entrenamiento,Texto,0,47213.0,54026.0,373,22,37,23.0,11,4
P01324,2025-02-28,X,Entrenamiento,Texto,0,17303.0,20668.0,196,10,18,11.0,4,2
P01325,2025-02-28,X,Institucional,Texto,0,22847.0,28177.0,92,7,9,10.0,3,1
P01326,2025-02-28,Facebook,Cantera,Texto,0,36458.0,50165.0,198,10,18,,4,3
P01327,2025-02-28,TikTok,Patrocinador,Vídeo corto,0,12414.0,14231.0,275,24,26,21.0,14,3
P01328,2025-02-28,YouTube,Afición,Vídeo largo,0,7744.0,10530.0,188,13,11,27.0,7,2
P01329,2025-03-01,Instagram,Resumen,Carrusel,1,40614.0,66567.0,2330,132,162,356.0,83,18
P01330,2025-03-01,INSTAGRAM,Resumen,Imagen,1,48571.0,58467.0,4277,329,435,426.0,207,48
P01331,2025-03-01,Instagram,Directo,Imagen,1,27668.0,34352.0,2093,107,179,131.0,63,24
P01332,2025-03-01,x,Directo,Vídeo largo,1,32086.0,52538.0,527,30,41,33.0,18,4
P01333,2025-03-01,X,Entrenamiento,Texto,1,18408.0,28269.0,75,7,4,8.0,4,1
P01334,2025-03-01,Facebook,Resumen,Imagen,1,27952.0,42999.0,345,20,35,26.0,13,2
P01335,2025-03-01,Facebook,Efeméride,Vídeo largo,1,11204.0,12635.0,76,4,7,9.0,2,1
P01336,2025-03-01,Facebook,Efeméride,Carrusel,1,22555.0,30506.0,238,17,14,29.0,11,3
P01337,2025-03-01,Facebook,Directo,Carrusel,1,20849.0,32368.0,267,19,21,26.0,10,5
P01338,2025-03-01,Facebook,Directo,Vídeo corto,1,,57005.0,980,72,62,130.0,43,17
P01339,2025-03-01,Facebook,Previa,Imagen,1,15574.0,22145.0,130,8,11,17.0,4,1
P01340,2025-03-01,TikTok,Previa,Vídeo corto,1,12690.0,18608.0,1705,128,105,125.0,74,34
P01341,2025-03-01,YouTube,Directo,Vídeo largo,1,13839.0,22403.0,382,36,19,44.0,20,8
P01342,2025-03-02,Instagram,Entrenamiento,Carrusel,0,50716.0,66607.0,1413,112,120,118.0,62,25
P01343,2025-03-02,Instagram,Resumen,Imagen,0,34057.0,54798.0,1945,145,114,122.0,87,23
P01344,2025-03-02,X,Directo,Imagen,0,9517.0,12843.0,157,14,13,9.0,9,2
P01345,2025-03-02,Facebook,Entrenamiento,Carrusel,0,,16095.0,105,7,6,15.0,3,1
P01346,2025-03-02,Facebook,Entrenamiento,Carrusel,0,12136.0,19289.0,91,5,9,7.0,1,1
P01347,2025-03-02,TikTok,Entrenamiento,Vídeo corto,0,11688.0,,769,48,63,48.0,30,10
P01348,2025-03-02,YouTube,Afición,Vídeo largo,0,3197.0,4127.0,56,2,5,4.0,0,0
P01349,2025-03-02,YouTube,Efeméride,Vídeo corto,0,11828.0,16473.0,470,28,31,57.0,15,6
P01350,2025-03-03,Instagram,Efeméride,Imagen,0,18839.0,25160.0,826,77,45,76.0,40,13
P01351,2025-03-03,X,Institucional,Texto,0,36119.0,44920.0,106,10,5,6.0,5,2
P01352,2025-03-03,X,Fichajes,Imagen,0,24706.0,32077.0,812,41,64,71.0,21,9
P01353,2025-03-03,Facebook,Previa,Carrusel,0,22507.0,29955.0,161,14,10,12.0,6,4
P01354,2025-03-03,Facebook,Entrenamiento,Vídeo corto,0,48762.0,57117.0,941,64,100,55.0,39,12
P01355,2025-03-03,tiktok,Efeméride,Vídeo corto,0,7780.0,11614.0,659,41,35,84.0,20,12
P01356,2025-03-03,TikTok,Fichajes,Vídeo corto,0,9263.0,12740.0,1342,76,136,110.0,43,19
P01357,2025-03-04,Facebook,Previa,Imagen,0,17040.0,27164.0,176,10,14,9.0,5,1
P01358,2025-03-04,TikTok,Afición,Vídeo corto,0,9360.0,13103.0,1222,112,92,127.0,57,34
P01359,2025-03-05,Instagram,Resumen,Imagen,0,21727.0,28882.0,1002,75,54,71.0,44,18
P01360,2025-03-05,X,Patrocinador,Texto,0,18914.0,30631.0,138,11,14,1.0,5,3
P01361,2025-03-05,X,Efeméride,Texto,0,12161.0,14799.0,134,10,10,6.0,5,2
P01362,2025-03-05,Facebook,Fichajes,Imagen,0,13327.0,16120.0,185,12,17,6.0,7,2
P01363,2025-03-05,Facebook,Afición,Vídeo largo,0,13350.0,15068.0,162,11,16,4.0,5,2
P01364,2025-03-05,TikTok,Entrenamiento,Vídeo corto,0,13407.0,21430.0,1545,132,163,10.0,67,37
P01365,2025-03-06,Instagram,Efeméride,Imagen,0,19316.0,28401.0,474,27,39,14.0,15,4
P01366,2025-03-06,X,Afición,Texto,0,18346.0,23085.0,244,18,13,22.0,10,3
P01367,2025-03-06,X,Institucional,Texto,0,13661.0,20680.0,111,7,8,7.0,3,2
P01368,2025-03-06,Facebook,Institucional,Vídeo corto,0,16000.0,18395.0,159,9,15,5.0,4,3
P01369,2025-03-06,TikTok,Patrocinador,Vídeo corto,0,21909.0,34642.0,688,64,48,3.0,37,14
P01370,2025-03-07,Instagram,Institucional,Imagen,0,24289.0,30727.0,401,35,24,14.0,22,4
P01371,2025-03-07,Instagram,Cantera,Imagen,0,31778.0,51422.0,536,33,49,34.0,17,7
P01372,2025-03-07,X,Patrocinador,Vídeo corto,0,22543.0,26957.0,323,18,18,51.0,12,3
P01373,2025-03-07,Facebook,Institucional,Imagen,0,27499.0,36461.0,111,7,6,18.0,4,1
P01374,2025-03-08,Instagram,Resumen,Imagen,1,67269.0,97628.0,3700,286,369,294.0,70,132
P01375,2025-03-08,Instagram,Afición,Imagen,1,20447.0,30235.0,1076,98,109,0.0,24,45
P01376,2025-03-08,Instagram,Directo,Vídeo largo,1,24649.0,39041.0,748,69,79,63.0,14,33
P01377,2025-03-08,Facebook,Directo,Imagen,1,14609.0,17995.0,129,8,13,13.0,2,2
P01378,2025-03-08,Facebook,Patrocinador,Vídeo corto,1,17260.0,25514.0,105,5,5,9.0,1,1
P01379,2025-03-08,Facebook,Fichajes,Vídeo largo,1,29208.0,40960.0,267,18,25,26.0,8,4
P01380,2025-03-08,facebook,Previa,Imagen,1,18130.0,26234.0,125,8,6,16.0,2,1
P01381,2025-03-08,tiktok,Directo,Vídeo corto,1,12455.0,20222.0,1374,115,120,1.0,26,52
P01382,2025-03-08,YouTube,Directo,Vídeo corto,1,4501.0,5248.0,310,22,20,22.0,9,5
P01383,2025-03-09,instagram,Afición,Imagen,0,12075.0,14718.0,694,37,66,25.0,22,5
P01384,2025-03-09,Instagram,Entrenamiento,Imagen,0,16615.0,21161.0,444,43,24,55.0,25,6
P01385,2025-03-09,Facebook,Efeméride,Carrusel,0,27084.0,34191.0,229,11,13,27.0,5,2
P01386,2025-03-09,youtube,Afición,Vídeo corto,0,2866.0,4088.0,233,17,14,9.0,9,3
P01387,2025-03-10,Instagram,Entrenamiento,Imagen,0,36909.0,42318.0,1318,119,125,45.0,51,32
P01388,2025-03-10,X,Efeméride,Imagen,0,10220.0,12557.0,91,7,4,4.0,3,2
P01389,2025-03-10,Facebook,Entrenamiento,Carrusel,0,22611.0,33288.0,301,14,19,31.0,8,2
P01390,2025-03-10,YouTube,Efeméride,Vídeo largo,0,5956.0,9806.0,197,14,10,19.0,7,3
P01391,2025-03-11,Facebook,Afición,Imagen,0,13676.0,15732.0,129,8,9,19.0,5,1
P01392,2025-03-11,Facebook,Afición,Texto,0,32152.0,41857.0,262,17,23,19.0,9,3
P01393,2025-03-11,Facebook,Efeméride,Imagen,0,25998.0,35291.0,184,14,10,19.0,7,3
P01394,2025-03-11,Facebook,Afición,Imagen,0,9254.0,10714.0,146,10,16,7.0,5,1
P01395,2025-03-11,Facebook,Efeméride,Imagen,0,9828.0,15512.0,77,5,7,2.0,2,1
P01396,2025-03-11,YouTube,Patrocinador,Vídeo corto,0,3520.0,4831.0,42,2,2,3.0,1,0
P01397,2025-03-12,Instagram,Institucional,Imagen,0,16166.0,18432.0,174,15,18,4.0,7,2
P01398,2025-03-12,Instagram,Previa,Carrusel,0,43499.0,67395.0,1844,135,180,20.0,74,25
P01399,2025-03-12,X,Fichajes,Texto,0,58301.0,91600.0,648,32,61,43.0,17,6
P01400,2025-03-12,X,Entrenamiento,Vídeo corto,0,26417.0,36983.0,353,22,17,41.0,11,5
P01401,2025-03-12,X,Fichajes,Texto,0,36858.0,57720.0,451,42,32,48.0,19,8
P01402,2025-03-13,X,Patrocinador,Texto,0,24245.0,35921.0,113,6,9,4.0,3,1
P01403,2025-03-13,Facebook,Previa,Imagen,0,10517.0,14794.0,83,7,6,5.0,3,2
P01404,2025-03-14,Instagram,Resumen,Carrusel,0,34303.0,50950.0,1181,100,91,131.0,59,14
P01405,2025-03-14,Instagram,Resumen,Imagen,0,26742.0,33174.0,1324,85,78,177.0,50,12
P01406,2025-03-14,Facebook,Entrenamiento,Carrusel,0,7901.0,11739.0,66,4,6,4.0,1,0
P01407,2025-03-14,Facebook,Efeméride,Carrusel,0,21220.0,31877.0,217,16,15,6.0,7,3
P01408,2025-03-14,Facebook,Patrocinador,Imagen,0,19384.0,26712.0,85,6,6,8.0,3,1
P01409,2025-03-14,YouTube,Entrenamiento,Vídeo largo,0,1626.0,2369.0,37,3,2,2.0,1,0
P01410,2025-03-15,Instagram,Afición,Imagen,1,53736.0,83193.0,2531,159,217,216.0,72,50
P01411,2025-03-15,Instagram,Efeméride,Carrusel,1,47023.0,61764.0,1170,91,76,86.0,42,19
P01412,2025-03-15,Instagram,Resumen,Vídeo corto,1,26945.0,31682.0,2596,209,176,57.0,93,43
P01413,2025-03-15,X,Afición,Vídeo corto,1,33132.0,38083.0,978,84,110,72.0,43,21
P01414,2025-03-15,X,Cantera,Vídeo corto,1,18151.0,21803.0,254,22,20,5.0,10,4
P01415,2025-03-15,Facebook,Resumen,Imagen,1,16887.0,23623.0,181,12,10,12.0,7,2
P01416,2025-03-15,Facebook,Previa,Imagen,1,16775.0,22513.0,189,15,19,18.0,7,4
P01417,2025-03-15,TikTok,Fichajes,Vídeo corto,1,8361.0,11196.0,813,59,58,48.0,29,17
P01418,2025-03-15,TikTok,Afición,Vídeo corto,1,6356.0,9421.0,504,27,43,47.0,13,7
P01419,2025-03-16,Instagram,Entrenamiento,Carrusel,0,21715.0,30928.0,502,47,38,47.0,23,9
P01420,2025-03-16,X,Institucional,Imagen,0,21551.0,25204.0,110,6,8,10.0,2,1
P01421,2025-03-16,X,Afición,Vídeo corto,0,44087.0,53023.0,877,44,62,81.0,28,5
P01422,2025-03-16,Facebook,Afición,Vídeo corto,0,17030.0,20829.0,357,33,20,30.0,17,5
P01423,2025-03-16,Facebook,Cantera,Imagen,0,11478.0,13181.0,78,3,4,7.0,1,0
P01424,2025-03-16,Facebook,Entrenamiento,Imagen,0,25269.0,29938.0,175,14,10,7.0,6,3
P01425,2025-03-16,TikTok,Previa,Vídeo corto,0,13834.0,19565.0,1141,110,60,85.0,53,34
P01426,2025-03-16,TikTok,Resumen,Vídeo corto,0,7328.0,8575.0,973,82,89,72.0,46,19
P01427,2025-03-17,Instagram,Efeméride,Imagen,0,34482.0,52557.0,1031,50,71,62.0,30,11
P01428,2025-03-17,X,Cantera,Vídeo corto,0,18672.0,22812.0,172,13,17,11.0,6,4
P01429,2025-03-17,Facebook,Entrenamiento,Imagen,0,27511.0,44794.0,160,9,16,18.0,4,2
P01430,2025-03-17,YouTube,Patrocinador,Vídeo corto,0,6215.0,9588.0,112,7,6,8.0,3,1
P01431,2025-03-18,Instagram,Fichajes,Vídeo corto,0,22976.0,31244.0,1973,148,120,87.0,80,28
P01432,2025-03-18,Instagram,Entrenamiento,Carrusel,0,44568.0,52388.0,1813,106,189,205.0,55,19
P01433,2025-03-18,X,Patrocinador,Imagen,0,27186.0,34566.0,140,13,14,9.0,6,3
P01434,2025-03-18,X,Afición,Imagen,0,31496.0,47130.0,578,40,31,40.0,16,11
P01435,2025-03-18,Facebook,Patrocinador,Imagen,0,18964.0,30798.0,98,6,6,10.0,3,1
P01436,2025-03-18,Facebook,Institucional,Imagen,0,36004.0,58012.0,128,7,11,17.0,4,1
P01437,2025-03-18,Facebook,Entrenamiento,Carrusel,0,25552.0,34610.0,407,25,21,65.0,12,6
P01438,2025-03-18,TikTok,Efeméride,Vídeo corto,0,19139.0,28226.0,1097,54,111,53.0,21,12
P01439,2025-03-18,YouTube,Efeméride,Vídeo largo,0,16171.0,25668.0,295,22,29,7.0,12,3
P01440,2025-03-19,Instagram,Fichajes,Vídeo corto,0,49551.0,68499.0,5904,549,596,98.0,285,151
P01441,2025-03-19,Instagram,Institucional,Carrusel,0,41107.0,51631.0,943,45,81,33.0,23,9
P01442,2025-03-19,X,Cantera,Texto,0,19060.0,22606.0,111,10,6,9.0,6,2
P01443,2025-03-19,Facebook,Entrenamiento,Imagen,0,15976.0,24867.0,119,6,12,2.0,3,1
P01444,2025-03-21,Instagram,Entrenamiento,Vídeo corto,0,22519.0,28376.0,1608,84,136,175.0,42,24
P01445,2025-03-21,Facebook,Patrocinador,Texto,0,22352.0,29497.0,91,7,9,6.0,3,1
P01446,2025-03-21,Facebook,Fichajes,Imagen,0,15866.0,18419.0,233,13,20,18.0,6,2
P01447,2025-03-21,Facebook,Institucional,Vídeo corto,0,19145.0,29473.0,236,22,25,8.0,11,5
P01448,2025-03-21,facebook,Efeméride,Imagen,0,14769.0,17993.0,133,12,9,2.0,6,2
P01449,2025-03-21,Facebook,Cantera,Imagen,0,,16802.0,112,9,7,9.0,4,2
P01450,2025-03-22,Instagram,Patrocinador,Carrusel,1,28398.0,,399,30,39,,15,7
P01451,2025-03-22,Instagram,Previa,Vídeo corto,1,28287.0,,1223,74,119,94.0,45,11
P01452,2025-03-22,Instagram,Directo,Carrusel,1,89425.0,110207.0,5590,370,326,561.0,171,97
P01453,2025-03-22,X,Previa,Vídeo corto,1,33867.0,55127.0,499,40,26,17.0,14,9
P01454,2025-03-22,X,Fichajes,Carrusel,1,43791.0,68247.0,633,32,58,48.0,15,5
P01455,2025-03-22,X,Cantera,Imagen,1,24691.0,35811.0,199,14,16,11.0,4,5
P01456,2025-03-22,X,Fichajes,Imagen,1,31650.0,46648.0,818,47,88,44.0,26,12
P01457,2025-03-22,Facebook,Cantera,Vídeo largo,1,28429.0,41628.0,116,6,8,10.0,2,1
P01458,2025-03-22,Facebook,Cantera,Carrusel,1,24140.0,37001.0,118,10,10,6.0,4,2
P01459,2025-03-22,Facebook,Previa,Vídeo corto,1,28755.0,35666.0,265,20,23,15.0,8,6
P01460,2025-03-22,Facebook,Resumen,Vídeo corto,1,22500.0,33495.0,332,19,34,35.0,9,3
P01461,2025-03-22,Facebook,Resumen,Imagen,1,16288.0,26363.0,233,21,19,3.0,10,4
P01462,2025-03-22,TikTok,Directo,Vídeo corto,1,8486.0,11173.0,564,35,54,39.0,18,10
P01463,2025-03-22,tiktok,Cantera,Vídeo corto,1,,6087.0,192,9,14,23.0,5,2
P01464,2025-03-22,TikTok,Previa,Vídeo corto,1,9755.0,11538.0,484,24,40,27.0,9,5
P01465,2025-03-22,YouTube,Afición,Vídeo largo,1,10020.0,13973.0,206,18,12,12.0,6,4
P01466,2025-03-22,YouTube,Institucional,Vídeo corto,1,9304.0,12282.0,187,14,15,2.0,5,4
P01467,2025-03-22,YouTube,Institucional,Vídeo largo,1,5996.0,9627.0,57,5,4,3.0,1,1
P01468,2025-03-22,YouTube,Resumen,Vídeo largo,1,8600.0,11544.0,210,13,23,10.0,6,3
P01469,2025-03-23,Instagram,Resumen,Imagen,0,37651.0,59571.0,2639,219,174,223.0,116,39
P01470,2025-03-23,Instagram,Cantera,Imagen,0,56896.0,92207.0,1604,153,142,74.0,60,39
P01471,2025-03-23,X,Institucional,Texto,0,51920.0,71105.0,391,25,22,18.0,10,6
P01472,2025-03-23,facebook,Cantera,Imagen,0,14836.0,17809.0,88,7,7,5.0,3,1
P01473,2025-03-24,Instagram,Entrenamiento,Imagen,0,25469.0,38710.0,550,31,39,81.0,15,9
P01474,2025-03-24,Instagram,Fichajes,Imagen,0,35926.0,52174.0,1885,168,175,0.0,94,32
P01475,2025-03-24,Instagram,Afición,Imagen,0,19178.0,22791.0,1392,126,80,137.0,54,35
P01476,2025-03-25,Instagram,Fichajes,Imagen,0,12024.0,14633.0,633,37,36,92.0,25,5
P01477,2025-03-25,Facebook,Previa,Carrusel,0,31189.0,41152.0,424,37,20,32.0,20,7
P01478,2025-03-25,Facebook,Previa,Imagen,0,16207.0,22474.0,99,6,6,4.0,3,0
P01479,2025-03-25,TikTok,Institucional,Vídeo corto,0,10230.0,16752.0,356,30,36,0.0,15,7
P01480,2025-03-25,YouTube,Efeméride,Vídeo largo,0,12961.0,20939.0,359,33,28,3.0,17,7
P01481,2025-03-26,Instagram,Entrenamiento,Vídeo corto,0,21875.0,34729.0,991,53,89,103.0,24,14
P01482,2025-03-26,X,Cantera,Imagen,0,27089.0,43495.0,230,11,24,20.0,6,2
P01483,2025-03-26,Facebook,Institucional,Texto,0,19520.0,22833.0,57,5,5,5.0,2,0
P01484,2025-03-26,Facebook,Entrenamiento,Imagen,0,20798.0,27755.0,227,17,24,8.0,8,4
P01485,2025-03-26,TikTok,Efeméride,Vídeo corto,0,10761.0,13931.0,1419,78,106,144.0,44,11
P01486,2025-03-26,TikTok,Patrocinador,Vídeo corto,0,11776.0,18798.0,586,40,30,,22,8
P01487,2025-03-26,YouTube,Cantera,Vídeo largo,0,5075.0,6438.0,73,4,4,12.0,2,0
P01488,2025-03-27,X,Afición,Texto,0,22363.0,27828.0,141,13,10,3.0,6,4
P01489,2025-03-27,Facebook,Resumen,Imagen,0,22275.0,26953.0,426,37,41,12.0,22,6
P01490,2025-03-28,Instagram,Entrenamiento,Imagen,0,20157.0,28430.0,579,43,55,34.0,22,10
P01491,2025-03-28,Instagram,Resumen,Texto,0,32520.0,45738.0,988,75,104,47.0,44,15
P01492,2025-03-28,Instagram,Fichajes,Imagen,0,43062.0,53854.0,3185,237,164,331.0,155,48
P01493,2025-03-28,X,Patrocinador,Imagen,0,65801.0,91036.0,492,45,51,24.0,24,10
P01494,2025-03-28,Facebook,Patrocinador,Imagen,0,25769.0,,118,11,8,11.0,4,2
P01495,2025-03-28,Facebook,Resumen,Carrusel,0,7634.0,9343.0,177,8,12,18.0,4,2
P01496,2025-03-28,tiktok,Entrenamiento,Vídeo corto,0,5026.0,6938.0,339,29,28,31.0,13,8
P01497,2025-03-28,YouTube,Entrenamiento,Vídeo largo,0,7773.0,10391.0,129,7,6,9.0,4,1
P01498,2025-03-29,Instagram,Directo,Imagen,1,55035.0,83541.0,3054,158,201,212.0,31,52
P01499,2025-03-29,Instagram,Resumen,Vídeo corto,1,28799.0,45099.0,1795,149,150,158.0,43,56
P01500,2025-03-29,Instagram,Resumen,Vídeo corto,1,20876.0,25028.0,1071,62,74,64.0,16,17
P01501,2025-03-29,Instagram,Previa,Carrusel,1,59514.0,69799.0,1395,79,109,190.0,27,31
P01502,2025-03-29,X,Previa,Carrusel,1,41908.0,47830.0,613,55,64,0.0,16,23
P01503,2025-03-29,x,Patrocinador,Texto,1,11745.0,18487.0,23,1,1,4.0,0,0
P01504,2025-03-29,X,Directo,Vídeo corto,1,16858.0,25649.0,337,29,32,0.0,6,8
P01505,2025-03-29,X,Directo,Imagen,1,26231.0,32814.0,350,32,35,26.0,11,8
P01506,2025-03-29,X,Resumen,Texto,1,30261.0,38893.0,387,21,32,13.0,6,8
P01507,2025-03-29,X,Previa,Vídeo corto,1,41271.0,62419.0,642,33,49,35.0,3,16
P01508,2025-03-29,Facebook,Resumen,Vídeo largo,1,17233.0,22076.0,138,8,12,8.0,2,3
P01509,2025-03-29,Facebook,Efeméride,Vídeo corto,1,46888.0,52797.0,417,27,23,52.0,5,7
P01510,2025-03-29,TikTok,Previa,Vídeo corto,1,16900.0,26805.0,1669,103,110,63.0,29,30
P01511,2025-03-29,YouTube,Entrenamiento,Vídeo largo,1,6294.0,8681.0,78,6,6,1.0,1,2
P01512,2025-03-30,X,Cantera,Imagen,0,40043.0,54457.0,410,38,30,45.0,18,12
P01513,2025-03-30,Facebook,Entrenamiento,Vídeo corto,0,12828.0,20553.0,216,16,11,11.0,5,5
P01514,2025-03-30,Facebook,Previa,Imagen,0,10741.0,13174.0,117,5,7,14.0,2,0
P01515,2025-03-30,YouTube,Fichajes,Vídeo largo,0,8135.0,10217.0,233,12,15,25.0,6,2
P01516,2025-03-31,Instagram,Patrocinador,Imagen,0,32710.0,44040.0,416,31,39,32.0,14,7
P01517,2025-03-31,X,Institucional,Carrusel,0,24466.0,36475.0,117,8,9,6.0,3,1
P01518,2025-03-31,Facebook,Fichajes,Vídeo corto,0,25391.0,40942.0,584,43,54,0.0,25,7
P01519,2025-03-31,YouTube,Efeméride,Vídeo corto,0,6057.0,9370.0,211,16,14,11.0,9,3
P01520,2025-04-01,Instagram,Cantera,Imagen,0,41154.0,48999.0,950,64,63,31.0,31,15
P01521,2025-04-01,Instagram,Institucional,Imagen,0,16364.0,18928.0,382,37,35,23.0,17,10
P01522,2025-04-01,Facebook,Entrenamiento,Imagen,0,21335.0,34412.0,259,16,24,12.0,8,3
P01523,2025-04-02,Instagram,Resumen,Carrusel,0,18979.0,26415.0,1046,94,94,18.0,56,16
P01524,2025-04-02,Instagram,Institucional,Imagen,0,33824.0,41962.0,529,31,30,32.0,15,9
P01525,2025-04-02,Instagram,Entrenamiento,Vídeo corto,0,22454.0,28388.0,2069,170,191,36.0,92,44
P01526,2025-04-02,Instagram,Cantera,Carrusel,0,37737.0,42591.0,1112,96,68,147.0,58,15
P01527,2025-04-02,X,Efeméride,Imagen,0,18129.0,26917.0,169,14,14,5.0,7,3
P01528,2025-04-02,Facebook,Cantera,Carrusel,0,28218.0,35635.0,251,18,28,25.0,9,3
P01529,2025-04-02,YouTube,Previa,Vídeo largo,0,4091.0,6467.0,76,6,4,7.0,3,1
P01530,2025-04-03,Instagram,Efeméride,Imagen,0,27459.0,42926.0,982,59,69,50.0,29,15
P01531,2025-04-03,Instagram,Entrenamiento,Vídeo corto,0,25284.0,30741.0,1473,110,122,140.0,52,26
P01532,2025-04-03,Instagram,Previa,Imagen,0,72159.0,93151.0,2848,227,155,296.0,95,46
P01533,2025-04-03,X,Entrenamiento,Vídeo largo,0,17576.0,27381.0,213,17,19,5.0,8,3
P01534,2025-04-03,X,Entrenamiento,Carrusel,0,19740.0,29822.0,386,20,20,61.0,11,4
P01535,2025-04-03,X,Resumen,Vídeo corto,0,23860.0,34268.0,1002,59,87,70.0,37,7
P01536,2025-04-03,Facebook,Fichajes,Vídeo corto,0,7709.0,10574.0,178,17,9,24.0,9,3
P01537,2025-04-03,Facebook,Entrenamiento,Imagen,0,7889.0,9873.0,58,3,6,2.0,1,0
P01538,2025-04-03,TikTok,Entrenamiento,Vídeo corto,0,15223.0,17759.0,1726,89,126,69.0,39,19
P01539,2025-04-03,TikTok,Resumen,Vídeo corto,0,5546.0,7247.0,599,52,39,38.0,31,10
P01540,2025-04-03,TikTok,Entrenamiento,Vídeo corto,0,16533.0,20135.0,1606,114,88,193.0,55,22
P01541,2025-04-04,Instagram,Fichajes,Carrusel,0,31838.0,49860.0,2425,215,212,132.0,132,35
P01542,2025-04-04,Facebook,Resumen,Vídeo corto,0,7427.0,9080.0,168,8,13,7.0,4,1
P01543,2025-04-05,Instagram,Institucional,Imagen,1,61803.0,100371.0,754,75,61,64.0,17,23
P01544,2025-04-05,Instagram,Efeméride,Vídeo corto,1,28108.0,42913.0,1233,107,64,118.0,35,46
P01545,2025-04-05,Instagram,Resumen,Imagen,1,94366.0,146028.0,3561,263,195,390.0,83,104
P01546,2025-04-05,X,Directo,Texto,1,20125.0,23401.0,270,16,21,13.0,5,4
P01547,2025-04-05,X,Resumen,Texto,1,21477.0,28907.0,201,19,19,,4,6
P01548,2025-04-05,X,Resumen,Imagen,1,13011.0,14659.0,213,17,20,8.0,4,4
P01549,2025-04-05,X,Resumen,Texto,1,30415.0,40983.0,303,16,20,14.0,4,5
P01550,2025-04-05,TikTok,Resumen,Vídeo corto,1,7878.0,11379.0,440,37,38,25.0,8,18
P01551,2025-04-05,YouTube,Efeméride,Vídeo largo,1,,22372.0,307,22,23,21.0,8,6
P01552,2025-04-05,YouTube,Previa,Vídeo largo,1,7002.0,10325.0,130,7,11,13.0,2,1
P01553,2025-04-05,YouTube,Cantera,Vídeo largo,1,10861.0,13517.0,113,6,11,4.0,1,2
P01554,2025-04-06,x,Afición,Vídeo corto,0,14446.0,17885.0,273,13,20,27.0,7,2
P01555,2025-04-06,X,Entrenamiento,Imagen,0,17778.0,25062.0,178,14,11,20.0,6,2
P01556,2025-04-06,TikTok,Cantera,Vídeo corto,0,12835.0,19750.0,664,57,57,15.0,29,11
P01557,2025-04-06,TikTok,Cantera,Vídeo corto,0,12024.0,15618.0,575,43,46,42.0,21,9
P01558,2025-04-06,TikTok,Cantera,Vídeo corto,0,10616.0,13938.0,1027,66,97,125.0,35,14
P01559,2025-04-06,YouTube,Cantera,Vídeo largo,0,13757.0,16288.0,203,16,20,7.0,7,4
P01560,2025-04-07,Instagram,Entrenamiento,Vídeo corto,0,43950.0,49422.0,2232,224,255,140.0,122,47
P01561,2025-04-07,Facebook,Entrenamiento,Imagen,0,22223.0,29126.0,125,11,11,9.0,5,3
P01562,2025-04-07,facebook,Fichajes,Vídeo corto,0,11692.0,17184.0,284,18,15,19.0,10,4
P01563,2025-04-08,Instagram,Previa,Carrusel,0,60136.0,74768.0,3056,257,158,288.0,171,41
P01564,2025-04-08,Instagram,Fichajes,Carrusel,0,,28647.0,1657,82,140,49.0,42,19
P01565,2025-04-08,Instagram,Institucional,Imagen,0,15758.0,20392.0,314,16,17,25.0,9,3
P01566,2025-04-08,X,Resumen,Carrusel,0,40127.0,46193.0,1409,133,154,71.0,65,31
P01567,2025-04-08,X,Afición,Vídeo corto,0,28743.0,44442.0,870,43,49,78.0,26,8
P01568,2025-04-08,x,Fichajes,Carrusel,0,12165.0,19424.0,281,15,15,42.0,8,3
P01569,2025-04-08,Facebook,Institucional,Imagen,0,11762.0,14382.0,61,3,4,6.0,1,0
P01570,2025-04-09,Instagram,Resumen,Imagen,0,35303.0,46075.0,1850,150,196,125.0,65,54
P01571,2025-04-09,Facebook,Patrocinador,Texto,0,23792.0,27821.0,73,5,5,9.0,2,1
P01572,2025-04-09,Facebook,Patrocinador,Carrusel,0,22674.0,29566.0,168,15,8,12.0,7,3
P01573,2025-04-10,X,Previa,Imagen,0,24335.0,29625.0,260,16,29,25.0,8,4
P01574,2025-04-10,Facebook,Efeméride,Texto,0,,44711.0,192,10,19,7.0,4,2
P01575,2025-04-10,Facebook,Afición,Imagen,0,17973.0,20285.0,321,19,31,6.0,10,4
P01576,2025-04-10,YouTube,Patrocinador,Vídeo largo,0,14824.0,23850.0,151,11,15,1.0,4,2
P01577,2025-04-10,YouTube,Patrocinador,Vídeo largo,0,3549.0,5211.0,32,1,1,5.0,0,0
P01578,2025-04-11,Instagram,Afición,Texto,0,20197.0,30224.0,545,44,31,16.0,26,6
P01579,2025-04-11,Facebook,Resumen,Carrusel,0,20534.0,31436.0,214,17,12,15.0,9,2
P01580,2025-04-11,Facebook,Cantera,Texto,0,24066.0,39366.0,118,11,11,10.0,6,1
P01581,2025-04-11,Facebook,Institucional,Imagen,0,15339.0,17582.0,99,7,10,4.0,4,1
P01582,2025-04-12,Instagram,Cantera,Vídeo corto,0,43192.0,57989.0,1134,106,119,94.0,48,23
P01583,2025-04-12,Instagram,Entrenamiento,Imagen,0,24842.0,37520.0,711,42,57,55.0,23,7
P01584,2025-04-12,Facebook,Entrenamiento,Imagen,0,11146.0,18052.0,115,7,5,7.0,4,0
P01585,2025-04-13,Instagram,Patrocinador,Imagen,0,48917.0,59095.0,1008,91,100,0.0,44,27
P01586,2025-04-13,X,Patrocinador,Texto,0,382632.0,604992.0,1464,96,72,4.0,2,1
P01587,2025-04-13,X,Patrocinador,Texto,0,,37750.0,83,4,6,12.0,1,0
P01588,2025-04-14,Instagram,Directo,Vídeo corto,0,49246.0,78592.0,3305,230,341,15.0,136,50
P01589,2025-04-14,Instagram,Afición,Carrusel,0,39599.0,56393.0,2996,257,221,166.0,153,64
P01590,2025-04-14,X,Afición,Texto,0,52141.0,60127.0,442,42,38,4.0,24,7
P01591,2025-04-14,X,Previa,Imagen,0,28291.0,35903.0,399,35,42,0.0,17,10
P01592,2025-04-14,X,Entrenamiento,Texto,0,34301.0,45169.0,217,13,17,6.0,9,2
P01593,2025-04-14,YouTube,Entrenamiento,Vídeo corto,0,4268.0,6950.0,90,6,8,10.0,2,1
P01594,2025-04-15,Instagram,Entrenamiento,Vídeo largo,0,35561.0,44960.0,1085,52,87,49.0,29,7
P01595,2025-04-15,X,Entrenamiento,Imagen,0,26426.0,31169.0,357,27,32,19.0,15,3
P01596,2025-04-15,Facebook,Cantera,Imagen,0,11503.0,14346.0,65,4,5,4.0,2,0
P01597,2025-04-15,TikTok,Cantera,Vídeo corto,0,8133.0,13391.0,372,22,38,23.0,13,3
P01598,2025-04-15,YouTube,Patrocinador,Vídeo corto,0,7227.0,11011.0,146,11,13,12.0,5,2
P01599,2025-04-16,X,Patrocinador,Imagen,0,11035.0,14008.0,112,7,10,6.0,3,1
P01600,2025-04-16,X,Cantera,Texto,0,21599.0,33536.0,132,7,13,2.0,3,1
P01601,2025-04-16,Facebook,Cantera,Vídeo corto,0,22599.0,34800.0,285,28,19,24.0,15,6
P01602,2025-04-16,Facebook,Resumen,Imagen,0,18333.0,29747.0,193,15,10,18.0,8,3
P01603,2025-04-17,Instagram,Previa,Vídeo corto,0,26037.0,29606.0,1935,191,141,205.0,86,50
P01604,2025-04-17,Instagram,Entrenamiento,Vídeo corto,0,20367.0,31072.0,1208,112,86,113.0,54,36
P01605,2025-04-17,Instagram,Entrenamiento,Vídeo corto,0,29244.0,41837.0,1759,120,84,101.0,77,27
P01606,2025-04-17,Instagram,Afición,Imagen,0,25041.0,30659.0,1736,93,109,139.0,44,27
P01607,2025-04-17,X,Afición,Imagen,0,32318.0,46770.0,581,30,41,74.0,18,6
P01608,2025-04-17,X,Cantera,Vídeo corto,0,15395.0,22333.0,210,12,12,14.0,6,3
P01609,2025-04-17,X,Efeméride,Imagen,0,26667.0,42910.0,262,17,20,24.0,7,3
P01610,2025-04-17,X,Efeméride,Imagen,0,23309.0,33021.0,460,38,50,,18,8
P01611,2025-04-17,facebook,Institucional,Vídeo corto,0,15662.0,19544.0,117,5,9,12.0,2,1
P01612,2025-04-18,Instagram,Entrenamiento,Vídeo corto,0,50163.0,62221.0,2205,150,132,109.0,74,39
P01613,2025-04-18,Facebook,Entrenamiento,Imagen,0,13546.0,19255.0,85,5,8,4.0,2,0
P01614,2025-04-18,TikTok,Patrocinador,Vídeo corto,0,8306.0,9990.0,210,15,22,18.0,8,2
P01615,2025-04-19,Instagram,Directo,Vídeo corto,1,27874.0,34283.0,2343,189,139,121.0,112,49
P01616,2025-04-19,Instagram,Directo,Vídeo largo,1,46292.0,65999.0,2479,178,156,102.0,102,43
P01617,2025-04-19,Instagram,Institucional,Vídeo corto,1,32862.0,51818.0,1249,104,71,123.0,55,22
P01618,2025-04-19,Instagram,Fichajes,Vídeo corto,1,40203.0,56153.0,2981,232,306,0.0,130,57
P01619,2025-04-19,Instagram,Resumen,Carrusel,1,37765.0,45814.0,1875,160,142,19.0,93,39
P01620,2025-04-19,X,Directo,Carrusel,1,23087.0,35099.0,537,48,52,10.0,25,11
P01621,2025-04-19,X,Afición,Texto,1,17293.0,25732.0,141,7,13,9.0,3,1
P01622,2025-04-19,Facebook,Afición,Vídeo corto,1,21764.0,28966.0,236,16,12,20.0,9,2
P01623,2025-04-19,Facebook,Directo,Texto,1,19975.0,25181.0,176,16,17,7.0,9,4
P01624,2025-04-19,Facebook,Directo,Imagen,1,7079.0,10618.0,60,4,4,8.0,1,0
P01625,2025-04-19,TikTok,Resumen,Vídeo corto,1,9754.0,15451.0,1476,121,122,157.0,86,20
P01626,2025-04-20,X,Institucional,Texto,0,23395.0,37181.0,73,4,6,8.0,2,1
P01627,2025-04-20,X,Fichajes,Vídeo largo,0,22450.0,28504.0,307,29,34,24.0,14,8
P01628,2025-04-20,Facebook,Institucional,Vídeo corto,0,8364.0,10770.0,67,3,4,5.0,1,0
P01629,2025-04-20,Facebook,Fichajes,Texto,0,21489.0,24095.0,177,11,10,25.0,6,1
P01630,2025-04-20,YouTube,Efeméride,Vídeo largo,0,9187.0,12139.0,230,20,16,13.0,13,2
P01631,2025-04-21,X,Patrocinador,Texto,0,38713.0,45961.0,179,9,16,23.0,5,2
P01632,2025-04-21,X,Institucional,Vídeo corto,0,27098.0,33094.0,268,24,22,12.0,14,5
P01633,2025-04-21,Facebook,Cantera,Carrusel,0,15022.0,21428.0,178,14,10,10.0,7,2
P01634,2025-04-21,Facebook,Fichajes,Carrusel,0,16470.0,26696.0,329,25,28,19.0,12,4
P01635,2025-04-22,Instagram,Afición,Carrusel,0,25698.0,41958.0,1735,129,111,79.0,66,23
P01636,2025-04-22,Instagram,Institucional,Vídeo corto,0,40621.0,63525.0,1023,54,51,72.0,27,10
P01637,2025-04-22,X,Resumen,Vídeo corto,0,26010.0,32938.0,1010,80,71,112.0,51,18
P01638,2025-04-22,X,Patrocinador,Vídeo corto,0,11747.0,17627.0,146,11,16,6.0,6,2
P01639,2025-04-22,X,Cantera,Texto,0,15066.0,19117.0,126,11,10,4.0,5,1
P01640,2025-04-22,X,Patrocinador,Vídeo corto,0,13294.0,21608.0,77,7,5,8.0,4,1
P01641,2025-04-22,Facebook,Resumen,Imagen,0,13047.0,16303.0,253,18,14,36.0,10,2
P01642,2025-04-22,Facebook,Institucional,Vídeo corto,0,8365.0,10273.0,59,5,5,5.0,2,1
P01643,2025-04-23,Instagram,Patrocinador,Carrusel,0,24295.0,28295.0,459,37,37,,20,9
P01644,2025-04-23,X,Entrenamiento,Imagen,0,14844.0,20480.0,223,18,17,16.0,10,2
P01645,2025-04-23,X,Previa,Vídeo corto,0,16312.0,19104.0,364,24,22,43.0,14,3
P01646,2025-04-23,Facebook,Previa,Vídeo corto,0,46654.0,76676.0,444,24,24,51.0,13,3
P01647,2025-04-23,Facebook,Resumen,Imagen,0,22433.0,30445.0,368,20,33,7.0,11,4
P01648,2025-04-23,TikTok,Entrenamiento,Vídeo corto,0,8251.0,12101.0,822,53,83,73.0,26,9
P01649,2025-04-23,YouTube,Resumen,Vídeo largo,0,6463.0,7337.0,125,6,12,8.0,3,1
P01650,2025-04-24,instagram,Previa,Carrusel,0,24808.0,35459.0,1515,134,89,91.0,81,28
P01651,2025-04-24,Facebook,Institucional,Imagen,0,23639.0,34402.0,155,12,8,10.0,7,2
P01652,2025-04-24,Facebook,Institucional,Vídeo corto,0,30388.0,36974.0,348,20,30,30.0,9,5
P01653,2025-04-25,Instagram,Patrocinador,Vídeo largo,0,23707.0,36486.0,582,56,34,67.0,24,15
P01654,2025-04-25,Instagram,Entrenamiento,Carrusel,0,44972.0,73660.0,1684,83,85,196.0,41,20
P01655,2025-04-25,Instagram,Resumen,Imagen,0,42401.0,47837.0,3341,331,244,266.0,192,85
P01656,2025-04-25,Instagram,Directo,Imagen,0,24621.0,31090.0,1584,129,129,105.0,57,27
P01657,2025-04-25,X,Entrenamiento,Imagen,0,38298.0,51033.0,399,34,25,27.0,21,7
P01658,2025-04-25,X,Fichajes,Imagen,0,25926.0,29221.0,361,27,32,1.0,13,5
P01659,2025-04-25,X,Institucional,Vídeo corto,0,26668.0,30507.0,382,20,41,28.0,10,4
P01660,2025-04-25,YouTube,Afición,Vídeo largo,0,5452.0,8565.0,127,12,6,9.0,6,3
P01661,2025-04-26,Instagram,Previa,Imagen,1,31584.0,45941.0,758,62,36,49.0,21,23
P01662,2025-04-26,instagram,Directo,Imagen,1,20146.0,23462.0,550,44,37,52.0,11,16
P01663,2025-04-26,Instagram,Cantera,Vídeo corto,1,22922.0,32411.0,526,41,55,51.0,12,13
P01664,2025-04-26,Instagram,Resumen,Carrusel,1,87212.0,97783.0,3713,186,198,526.0,58,71
P01665,2025-04-26,Instagram,Resumen,Imagen,1,34098.0,40207.0,974,95,76,103.0,25,40
P01666,2025-04-26,X,Resumen,Vídeo corto,1,17647.0,28494.0,349,19,31,9.0,6,6
P01667,2025-04-26,X,Fichajes,Carrusel,1,31275.0,46601.0,370,30,30,27.0,7,14
P01668,2025-04-26,X,Afición,Vídeo corto,1,52012.0,66739.0,728,43,35,77.0,13,15
P01669,2025-04-26,X,Previa,Imagen,1,20361.0,23418.0,111,10,9,2.0,3,3
P01670,2025-04-26,X,Directo,Vídeo corto,1,17285.0,22481.0,183,10,14,13.0,2,2
P01671,2025-04-26,Facebook,Afición,Vídeo corto,1,12006.0,16752.0,134,9,8,17.0,3,3
P01672,2025-04-26,Facebook,Institucional,Carrusel,1,22034.0,26606.0,84,5,6,6.0,1,1
P01673,2025-04-26,Facebook,Fichajes,Vídeo corto,1,29450.0,39503.0,521,31,45,40.0,7,14
P01674,2025-04-26,Facebook,Institucional,Vídeo corto,1,36503.0,55914.0,226,11,11,31.0,2,4
P01675,2025-04-26,Facebook,Afición,Vídeo corto,1,,72251.0,558,47,38,9.0,12,22
P01676,2025-04-26,YouTube,Efeméride,Vídeo largo,1,11167.0,16462.0,139,9,7,19.0,2,3
P01677,2025-04-26,YouTube,Fichajes,Vídeo corto,1,5148.0,7363.0,174,16,13,11.0,4,4
P01678,2025-04-27,Instagram,Entrenamiento,Carrusel,0,55732.0,84916.0,2858,211,313,280.0,91,59
P01679,2025-04-27,Instagram,Afición,Carrusel,0,15623.0,24726.0,555,47,56,50.0,29,7
P01680,2025-04-27,X,Cantera,Imagen,0,8711.0,10171.0,85,6,8,7.0,2,1
P01681,2025-04-27,X,Entrenamiento,Vídeo corto,0,29365.0,42876.0,672,64,58,,36,11
P01682,2025-04-27,X,Efeméride,Vídeo corto,0,20153.0,32787.0,359,21,20,59.0,11,4
P01683,2025-04-27,X,Cantera,Texto,0,21676.0,30364.0,269,23,26,1.0,12,5
P01684,2025-04-27,Facebook,Entrenamiento,Imagen,0,9356.0,13572.0,90,6,9,8.0,3,1
P01685,2025-04-27,Facebook,Patrocinador,Carrusel,0,16250.0,21569.0,99,6,9,7.0,3,1
P01686,2025-04-27,YouTube,Institucional,Vídeo largo,0,2819.0,4259.0,60,4,6,2.0,1,1
P01687,2025-04-28,instagram,Previa,Vídeo corto,0,31382.0,37383.0,2228,157,136,81.0,75,30
P01688,2025-04-28,Instagram,Cantera,Imagen,0,56812.0,81890.0,1255,115,130,80.0,54,29
P01689,2025-04-28,Instagram,Fichajes,Texto,0,39188.0,62822.0,2490,208,145,232.0,134,45
P01690,2025-04-28,X,Entrenamiento,Texto,0,12659.0,19866.0,97,7,7,7.0,3,1
P01691,2025-04-28,Facebook,Cantera,Texto,0,39999.0,,143,9,9,15.0,5,1
P01692,2025-04-30,Instagram,Institucional,Vídeo corto,0,43468.0,58085.0,1101,56,64,66.0,31,10
P01693,2025-04-30,TikTok,Patrocinador,Vídeo corto,0,5081.0,6713.0,265,25,25,8.0,14,4
P01694,2025-04-30,TikTok,Afición,Vídeo corto,0,7859.0,11161.0,939,77,94,1.0,43,19
P01695,2025-05-01,Instagram,Patrocinador,Vídeo largo,0,19758.0,24917.0,400,24,34,17.0,13,5
P01696,2025-05-01,Instagram,Entrenamiento,Imagen,0,31930.0,39385.0,1397,84,72,165.0,55,16
P01697,2025-05-01,X,Institucional,Imagen,0,25158.0,31911.0,219,18,16,,8,3
P01698,2025-05-01,X,Institucional,Imagen,0,12647.0,17004.0,110,8,11,0.0,4,2
P01699,2025-05-01,X,Afición,Imagen,0,8173.0,10038.0,87,8,5,11.0,4,1
P01700,2025-05-02,X,Resumen,Imagen,0,39271.0,63576.0,572,52,32,62.0,21,11
P01701,2025-05-02,Facebook,Entrenamiento,Imagen,0,13446.0,17104.0,85,6,5,4.0,3,1
P01702,2025-05-02,YouTube,Fichajes,Vídeo largo,0,9046.0,13892.0,266,20,20,14.0,11,3
P01703,2025-05-03,INSTAGRAM,Directo,Carrusel,1,95831.0,125064.0,5458,520,518,430.0,367,69
P01704,2025-05-03,Instagram,Entrenamiento,Vídeo corto,1,31185.0,50352.0,1133,106,97,31.0,63,15
P01705,2025-05-03,Instagram,Directo,Imagen,1,36150.0,48819.0,1824,153,183,13.0,76,36
P01706,2025-05-03,X,Previa,Vídeo largo,1,9282.0,12177.0,46,3,4,3.0,1,0
P01707,2025-05-03,X,Directo,Imagen,1,23324.0,33602.0,453,31,35,19.0,17,5
P01708,2025-05-03,X,Resumen,Texto,1,20102.0,27090.0,353,24,35,33.0,16,4
P01709,2025-05-03,Facebook,Patrocinador,Imagen,1,17530.0,23622.0,58,4,5,7.0,2,0
P01710,2025-05-03,Facebook,Directo,Texto,1,20380.0,31353.0,184,18,11,18.0,10,4
P01711,2025-05-03,Facebook,Resumen,Carrusel,1,17705.0,26502.0,300,20,33,21.0,13,3
P01712,2025-05-03,Facebook,Afición,Imagen,1,20819.0,25587.0,373,32,25,18.0,19,5
P01713,2025-05-03,TikTok,Afición,Vídeo corto,1,22944.0,34892.0,1506,132,92,155.0,80,31
P01714,2025-05-03,TikTok,Resumen,Vídeo corto,1,12956.0,17149.0,2321,185,234,45.0,107,50
P01715,2025-05-03,TikTok,Resumen,Vídeo corto,1,9810.0,14658.0,702,40,67,60.0,22,6
P01716,2025-05-03,TikTok,Previa,Vídeo corto,1,19560.0,27940.0,2183,115,226,187.0,66,22
P01717,2025-05-03,YouTube,Directo,Vídeo largo,1,6846.0,10144.0,268,19,23,34.0,12,2
P01718,2025-05-03,YouTube,Directo,Vídeo largo,1,7347.0,8747.0,279,16,14,31.0,8,4
P01719,2025-05-04,Instagram,Previa,Vídeo largo,0,26317.0,40150.0,650,44,54,36.0,20,13
P01720,2025-05-04,Instagram,Efeméride,Imagen,0,23225.0,37410.0,1839,108,180,156.0,63,19
P01721,2025-05-04,X,Entrenamiento,Vídeo largo,0,29064.0,35174.0,400,22,34,9.0,12,5
P01722,2025-05-05,Instagram,Efeméride,Vídeo corto,0,41869.0,68608.0,2033,122,193,33.0,59,26
P01723,2025-05-05,Instagram,Previa,Texto,0,17549.0,25676.0,377,32,41,13.0,19,6
P01724,2025-05-05,X,Afición,Texto,0,17406.0,21446.0,265,17,21,10.0,10,3
P01725,2025-05-05,TikTok,Entrenamiento,Vídeo corto,0,11620.0,18342.0,883,64,44,64.0,37,9
P01726,2025-05-06,Instagram,Afición,Carrusel,0,19001.0,25437.0,1150,64,57,102.0,31,16
P01727,2025-05-06,Instagram,Efeméride,Vídeo corto,0,24184.0,38675.0,2095,171,201,114.0,67,40
P01728,2025-05-06,Instagram,Efeméride,Texto,0,33859.0,38830.0,773,42,84,44.0,21,7
P01729,2025-05-06,X,Cantera,Texto,0,19821.0,26503.0,85,5,4,15.0,2,1
P01730,2025-05-06,X,Directo,Texto,0,16991.0,22655.0,239,20,26,17.0,12,3
P01731,2025-05-06,X,Entrenamiento,Imagen,0,15020.0,19291.0,212,16,22,0.0,9,3
P01732,2025-05-06,Facebook,Afición,Vídeo corto,0,11033.0,15324.0,264,17,18,26.0,7,4
P01733,2025-05-06,Facebook,Afición,Imagen,0,9143.0,13506.0,101,7,9,8.0,3,1
P01734,2025-05-06,Facebook,Efeméride,Vídeo corto,0,11443.0,13672.0,149,14,8,12.0,8,2
P01735,2025-05-06,TikTok,Entrenamiento,Vídeo corto,0,8387.0,12922.0,571,55,38,65.0,25,14
P01736,2025-05-06,YouTube,Cantera,Vídeo corto,0,4254.0,5704.0,108,9,8,4.0,5,1
P01737,2025-05-07,Instagram,Resumen,Imagen,0,17241.0,20763.0,898,46,47,122.0,20,11
P01738,2025-05-07,X,Afición,Texto,0,16049.0,22898.0,173,13,9,16.0,7,2
P01739,2025-05-07,X,Afición,Texto,0,16413.0,24954.0,183,13,11,26.0,7,2
P01740,2025-05-07,X,Fichajes,Vídeo corto,0,22272.0,32591.0,834,39,54,45.0,22,9
P01741,2025-05-07,Facebook,Efeméride,Imagen,0,34504.0,54458.0,286,21,15,31.0,12,5
P01742,2025-05-07,Facebook,Entrenamiento,Carrusel,0,8071.0,12321.0,81,5,7,2.0,2,1
P01743,2025-05-07,Facebook,Patrocinador,Carrusel,0,10915.0,17960.0,55,5,4,1.0,2,1
P01744,2025-05-07,TikTok,Entrenamiento,Vídeo corto,0,20320.0,25231.0,2356,130,128,354.0,67,22
P01745,2025-05-08,Instagram,Patrocinador,Imagen,0,35298.0,51998.0,632,58,35,33.0,33,10
P01746,2025-05-08,Instagram,Resumen,Imagen,0,16294.0,21547.0,637,44,32,48.0,22,10
P01747,2025-05-08,X,Cantera,Vídeo corto,0,39032.0,46363.0,587,54,41,36.0,27,10
P01748,2025-05-08,X,Resumen,Texto,0,16554.0,26907.0,163,10,12,9.0,5,2
P01749,2025-05-08,X,Entrenamiento,Texto,0,14729.0,21748.0,181,13,10,17.0,7,2
P01750,2025-05-08,X,Entrenamiento,Texto,0,13913.0,15980.0,102,9,10,3.0,6,1
P01751,2025-05-08,X,Resumen,Imagen,0,23428.0,29645.0,342,21,16,31.0,12,3
P01752,2025-05-08,Facebook,Resumen,Vídeo largo,0,18031.0,23373.0,188,16,13,3.0,9,3
P01753,2025-05-08,TikTok,Fichajes,Vídeo corto,0,11285.0,15227.0,3121,174,330,197.0,97,29
P01754,2025-05-09,Instagram,Efeméride,Vídeo corto,0,37983.0,51606.0,2443,164,215,244.0,95,29
P01755,2025-05-09,Instagram,Efeméride,Carrusel,0,23212.0,,549,46,36,58.0,20,14
P01756,2025-05-09,X,Cantera,Vídeo corto,0,26220.0,34300.0,580,28,39,36.0,13,6
P01757,2025-05-09,X,Cantera,Texto,0,31267.0,35696.0,262,14,13,33.0,8,2
P01758,2025-05-09,Facebook,Efeméride,Vídeo corto,0,9242.0,12041.0,155,7,12,24.0,4,1
P01759,2025-05-09,Facebook,Entrenamiento,Imagen,0,15828.0,21210.0,84,7,6,2.0,2,2
P01760,2025-05-09,TikTok,Previa,Vídeo corto,0,16363.0,19724.0,775,71,56,90.0,39,11
P01761,2025-05-09,TikTok,Patrocinador,Vídeo corto,0,9566.0,12092.0,586,55,55,11.0,27,15
P01762,2025-05-10,Instagram,Afición,Imagen,1,25606.0,30254.0,820,62,53,46.0,21,21
P01763,2025-05-10,Instagram,Directo,Carrusel,1,35990.0,45684.0,1322,132,116,91.0,35,36
P01764,2025-05-10,Instagram,Afición,Imagen,1,61244.0,91797.0,1856,186,177,151.0,53,73
P01765,2025-05-10,X,Afición,Vídeo corto,1,31305.0,49552.0,551,53,43,26.0,21,11
P01766,2025-05-10,X,Directo,Texto,1,30856.0,49568.0,260,15,21,10.0,4,4
P01767,2025-05-10,X,Directo,Imagen,1,19369.0,30459.0,433,34,32,8.0,10,14
P01768,2025-05-10,X,Fichajes,Texto,1,42197.0,60379.0,778,45,56,39.0,16,11
P01769,2025-05-10,X,Directo,Imagen,1,28658.0,36762.0,225,11,19,19.0,3,4
P01770,2025-05-10,Facebook,Previa,Texto,1,12694.0,16907.0,45,2,3,5.0,0,0
P01771,2025-05-10,Facebook,Efeméride,Vídeo corto,1,25993.0,35669.0,172,9,18,20.0,1,3
P01772,2025-05-10,TikTok,Afición,Vídeo corto,1,17147.0,26497.0,1925,145,134,57.0,53,34
P01773,2025-05-10,YouTube,Resumen,Vídeo largo,1,7812.0,8763.0,197,14,15,11.0,4,5
P01774,2025-05-11,X,Entrenamiento,Vídeo corto,0,12071.0,15288.0,163,9,15,5.0,5,1
P01775,2025-05-11,X,Directo,Texto,0,15721.0,18298.0,254,13,15,18.0,6,2
P01776,2025-05-11,Facebook,Entrenamiento,Carrusel,0,16300.0,20008.0,133,8,7,7.0,4,1
P01777,2025-05-11,Facebook,Entrenamiento,Carrusel,0,16608.0,19654.0,268,22,13,22.0,15,4
P01778,2025-05-11,Facebook,Resumen,Carrusel,0,10386.0,13565.0,143,9,15,13.0,4,2
P01779,2025-05-11,YouTube,Cantera,Vídeo largo,0,6446.0,9006.0,81,7,8,3.0,4,1
P01780,2025-05-12,X,Patrocinador,Vídeo corto,0,16040.0,24142.0,140,13,8,7.0,6,3
P01781,2025-05-12,X,Entrenamiento,Carrusel,0,14885.0,20062.0,-1,10,9,11.0,5,2
P01782,2025-05-12,facebook,Cantera,Vídeo corto,0,18641.0,22115.0,314,27,31,24.0,13,7
P01783,2025-05-13,Instagram,Entrenamiento,Vídeo corto,0,21436.0,26205.0,1277,103,141,82.0,52,29
P01784,2025-05-13,Facebook,Cantera,Vídeo corto,0,17337.0,20014.0,184,13,20,17.0,7,3
P01785,2025-05-13,YouTube,Afición,Vídeo largo,0,,7842.0,148,13,10,10.0,9,1
P01786,2025-05-14,Instagram,Directo,Imagen,0,52737.0,75699.0,3049,219,305,216.0,128,56
P01787,2025-05-15,Instagram,Entrenamiento,Carrusel,0,53789.0,65752.0,2107,148,156,71.0,82,37
P01788,2025-05-15,X,Previa,Imagen,0,11372.0,12949.0,177,15,13,4.0,8,2
P01789,2025-05-15,TikTok,Resumen,Vídeo corto,0,5154.0,8092.0,994,64,100,51.0,39,13
P01790,2025-05-15,TikTok,Patrocinador,Vídeo corto,0,14386.0,22311.0,556,38,32,28.0,15,7
P01791,2025-05-16,Instagram,Institucional,Carrusel,0,35414.0,46075.0,978,79,80,105.0,45,14
P01792,2025-05-16,X,Institucional,Imagen,0,26366.0,37820.0,213,13,21,22.0,7,2
P01793,2025-05-16,X,Patrocinador,Texto,0,22829.0,31383.0,73,5,5,,3,0
P01794,2025-05-16,Facebook,Afición,Imagen,0,45060.0,68033.0,331,20,27,23.0,11,4
P01795,2025-05-17,Instagram,Previa,Imagen,1,43407.0,50828.0,3073,243,178,177.0,140,37
P01796,2025-05-17,Instagram,Resumen,Texto,1,27718.0,40969.0,1085,83,94,,35,28
P01797,2025-05-17,Instagram,Previa,Vídeo corto,1,44782.0,62839.0,1955,103,187,196.0,50,23
P01798,2025-05-17,Instagram,Patrocinador,Vídeo largo,1,96421.0,133764.0,1204,110,97,71.0,46,39
P01799,2025-05-17,X,Institucional,Texto,1,13726.0,16056.0,78,5,6,2.0,1,1
P01800,2025-05-17,X,Fichajes,Vídeo corto,1,49871.0,75747.0,3236,272,262,27.0,134,76
P01801,2025-05-17,Facebook,Previa,Carrusel,1,24478.0,36386.0,125,9,10,12.0,4,2
P01802,2025-05-17,Facebook,Institucional,Vídeo largo,1,34097.0,55063.0,88,5,9,,2,1
P01803,2025-05-17,Facebook,Directo,Vídeo corto,1,10667.0,12742.0,231,14,24,18.0,7,2
P01804,2025-05-17,Facebook,Previa,Carrusel,1,15718.0,19425.0,194,16,16,17.0,7,3
P01805,2025-05-17,Facebook,Directo,Vídeo corto,1,14197.0,17475.0,376,22,21,52.0,10,7
P01806,2025-05-17,TikTok,Patrocinador,Vídeo corto,1,34156.0,41460.0,1199,59,69,68.0,24,12
P01807,2025-05-17,YouTube,Efeméride,Vídeo largo,1,5873.0,8054.0,74,5,8,4.0,2,1
P01808,2025-05-18,X,Cantera,Texto,0,20259.0,26562.0,105,7,5,10.0,3,2
P01809,2025-05-18,X,Patrocinador,Texto,0,21625.0,29445.0,84,4,6,13.0,1,0
P01810,2025-05-18,Facebook,Efeméride,Texto,0,8583.0,11597.0,46,4,2,7.0,2,0
P01811,2025-05-19,Facebook,Institucional,Vídeo corto,0,11456.0,14000.0,58,5,4,4.0,2,1
P01812,2025-05-19,Facebook,Fichajes,Texto,0,13812.0,21910.0,169,12,15,2.0,5,3
P01813,2025-05-19,Facebook,Previa,Texto,0,9017.0,,70,4,4,6.0,1,1
P01814,2025-05-19,Facebook,Patrocinador,Vídeo corto,0,16856.0,24396.0,86,8,8,5.0,4,1
P01815,2025-05-19,Facebook,Afición,Vídeo corto,0,15425.0,19087.0,198,10,16,26.0,4,2
P01816,2025-05-20,Instagram,Institucional,Imagen,0,17880.0,20401.0,422,32,25,31.0,13,11
P01817,2025-05-20,X,Afición,Imagen,0,29532.0,45441.0,473,39,35,15.0,22,6
P01818,2025-05-20,X,Efeméride,Texto,0,9666.0,14753.0,109,6,11,4.0,2,1
P01819,2025-05-20,X,Fichajes,Texto,0,34670.0,49299.0,649,47,49,14.0,26,10
P01820,2025-05-20,X,Cantera,Texto,0,15747.0,25107.0,139,12,7,13.0,5,2
P01821,2025-05-20,TikTok,Entrenamiento,Vídeo corto,0,7638.0,10915.0,1045,75,113,51.0,39,19
P01822,2025-05-20,TikTok,Entrenamiento,Vídeo corto,0,15626.0,19756.0,1510,118,83,55.0,62,27
P01823,2025-05-21,Instagram,Entrenamiento,Vídeo corto,0,20923.0,33373.0,1017,64,89,35.0,36,16
P01824,2025-05-21,Instagram,Fichajes,Vídeo largo,0,32208.0,52828.0,1794,168,183,76.0,63,58
P01825,2025-05-21,Instagram,Patrocinador,Carrusel,0,19588.0,24067.0,437,35,24,18.0,18,5
P01826,2025-05-21,Instagram,Entrenamiento,Imagen,0,18073.0,28130.0,768,58,57,81.0,30,11
P01827,2025-05-21,instagram,Fichajes,Vídeo corto,0,90390.0,146899.0,8167,657,669,343.0,445,103
P01828,2025-05-21,X,Previa,Imagen,0,11408.0,14593.0,139,13,9,9.0,7,2
P01829,2025-05-21,X,Entrenamiento,Vídeo corto,0,13434.0,20596.0,199,11,10,17.0,6,2
P01830,2025-05-21,Facebook,Fichajes,Carrusel,0,47198.0,62979.0,552,45,60,25.0,25,8
P01831,2025-05-21,Facebook,Patrocinador,Imagen,0,21233.0,30901.0,83,6,9,7.0,3,1
P01832,2025-05-21,TikTok,Institucional,Vídeo corto,0,15337.0,18852.0,979,90,104,49.0,56,12
P01833,2025-05-22,X,Entrenamiento,Vídeo corto,0,41470.0,54272.0,620,45,31,41.0,23,8
P01834,2025-05-22,X,Cantera,Imagen,0,23050.0,29284.0,169,14,9,16.0,7,3
P01835,2025-05-22,Facebook,Entrenamiento,Vídeo corto,0,11049.0,12971.0,103,8,8,6.0,4,1
P01836,2025-05-22,Facebook,Afición,Imagen,0,22856.0,26292.0,256,15,23,8.0,8,3
P01837,2025-05-22,Facebook,Resumen,Carrusel,0,7685.0,11397.0,132,7,10,8.0,3,2
P01838,2025-05-22,Facebook,Cantera,Vídeo corto,0,18348.0,22369.0,196,15,22,18.0,7,3
P01839,2025-05-22,YouTube,Efeméride,Vídeo largo,0,4017.0,5193.0,88,6,7,8.0,3,1
P01840,2025-05-23,X,Previa,Vídeo corto,0,25682.0,33281.0,384,23,25,40.0,13,3
P01841,2025-05-23,X,Efeméride,Imagen,0,17483.0,23226.0,144,10,12,18.0,5,2
P01842,2025-05-23,X,Cantera,Vídeo corto,0,14191.0,19213.0,98,5,5,15.0,3,0
P01843,2025-05-24,Instagram,Resumen,Imagen,1,22451.0,29911.0,911,53,54,67.0,25,16
P01844,2025-05-24,Instagram,Patrocinador,Carrusel,1,46012.0,61401.0,708,41,59,97.0,19,7
P01845,2025-05-24,Instagram,Efeméride,Texto,1,38528.0,51108.0,996,70,49,66.0,36,18
P01846,2025-05-24,X,Afición,Texto,1,26204.0,30016.0,248,21,24,16.0,9,7
P01847,2025-05-24,Facebook,Fichajes,Carrusel,1,43232.0,58447.0,704,40,76,42.0,17,10
P01848,2025-05-24,Facebook,Directo,Texto,1,19227.0,29071.0,119,12,8,12.0,4,3
P01849,2025-05-24,Facebook,Resumen,Carrusel,1,36113.0,58926.0,467,38,38,18.0,18,10
P01850,2025-05-24,Facebook,Directo,Imagen,1,35706.0,53668.0,296,16,14,19.0,7,3
P01851,2025-05-24,Facebook,Afición,Vídeo corto,1,22133.0,32568.0,329,24,30,15.0,14,3
P01852,2025-05-24,Facebook,Institucional,Texto,1,12302.0,14709.0,33,2,2,5.0,0,0
P01853,2025-05-24,TikTok,Institucional,Vídeo corto,1,12141.0,15977.0,609,36,46,59.0,15,10
P01854,2025-05-24,TikTok,Institucional,Vídeo corto,1,16338.0,24307.0,610,39,38,65.0,17,12
P01855,2025-05-24,YouTube,Resumen,Vídeo largo,1,13918.0,19798.0,302,26,24,34.0,12,5
P01856,2025-05-24,YouTube,Resumen,Vídeo largo,1,5376.0,6798.0,103,6,6,18.0,2,1
P01857,2025-05-24,YouTube,Previa,Vídeo largo,1,8044.0,10032.0,183,11,20,15.0,5,2
P01858,2025-05-25,Facebook,Entrenamiento,Vídeo corto,0,15602.0,20773.0,256,17,15,36.0,9,4
P01859,2025-05-25,Facebook,Previa,Vídeo corto,0,15562.0,18537.0,123,9,11,9.0,5,1
P01860,2025-05-25,Facebook,Entrenamiento,Vídeo corto,0,12124.0,16888.0,100,5,6,10.0,2,0
P01861,2025-05-25,TikTok,Cantera,Vídeo corto,0,8276.0,12712.0,565,37,60,22.0,19,11
P01862,2025-05-26,Instagram,Resumen,Imagen,0,12678.0,16954.0,638,57,59,44.0,32,15
P01863,2025-05-26,X,Fichajes,Vídeo corto,0,15894.0,19279.0,472,33,30,31.0,18,6
P01864,2025-05-26,X,Fichajes,Vídeo corto,0,32680.0,38724.0,1234,86,116,19.0,45,24
P01865,2025-05-26,X,Resumen,Imagen,0,19445.0,25490.0,267,23,23,12.0,12,4
P01866,2025-05-26,X,Fichajes,Imagen,0,17622.0,26037.0,533,46,35,43.0,29,8
P01867,2025-05-26,Facebook,Entrenamiento,Carrusel,0,17785.0,26830.0,216,14,18,11.0,8,2
P01868,2025-05-26,TikTok,Cantera,Vídeo corto,0,7720.0,12237.0,578,29,42,24.0,14,9
P01869,2025-05-26,YouTube,Institucional,Vídeo largo,0,9238.0,11872.0,102,7,10,2.0,4,1
P01870,2025-05-26,YouTube,Patrocinador,Vídeo largo,0,4452.0,6342.0,35,2,2,5.0,1,0
P01871,2025-05-27,Instagram,Efeméride,Imagen,0,18434.0,25664.0,691,39,36,81.0,17,10
P01872,2025-05-27,X,Entrenamiento,Texto,0,12714.0,17264.0,118,5,6,12.0,2,1
P01873,2025-05-27,x,Efeméride,Texto,0,47617.0,56799.0,306,14,30,12.0,8,3
P01874,2025-05-27,Facebook,Fichajes,Vídeo corto,0,21167.0,24640.0,445,27,23,24.0,18,4
P01875,2025-05-27,Facebook,Institucional,Carrusel,0,12750.0,18757.0,97,8,5,7.0,3,2
P01876,2025-05-28,Instagram,Previa,Imagen,0,35230.0,46001.0,1237,111,127,0.0,64,24
P01877,2025-05-28,Instagram,Institucional,Imagen,0,26965.0,37011.0,466,33,50,9.0,19,6
P01878,2025-05-28,YouTube,Entrenamiento,Vídeo corto,0,8907.0,11123.0,355,29,35,1.0,13,9
P01879,2025-05-29,Instagram,Previa,Imagen,0,16855.0,27733.0,511,33,52,9.0,17,6
P01880,2025-05-29,Facebook,Entrenamiento,Imagen,0,12304.0,14597.0,89,8,7,9.0,4,1
P01881,2025-05-29,Facebook,Entrenamiento,Vídeo corto,0,15346.0,20661.0,130,7,10,11.0,3,1
P01882,2025-05-30,X,Efeméride,Imagen,0,8843.0,11154.0,126,11,13,5.0,5,3
P01883,2025-05-30,X,Afición,Vídeo corto,0,11384.0,16344.0,274,17,20,34.0,10,3
P01884,2025-05-30,X,Efeméride,Imagen,0,40101.0,60711.0,601,34,52,16.0,20,5
P01885,2025-05-30,Facebook,Patrocinador,Carrusel,0,13829.0,17524.0,65,4,4,7.0,1,0
P01886,2025-05-30,YouTube,Previa,Vídeo corto,0,4298.0,5070.0,93,8,10,7.0,5,1
P01887,2025-05-30,YouTube,Afición,Vídeo largo,0,12867.0,19776.0,223,14,13,31.0,5,3
P01888,2025-05-30,YouTube,Entrenamiento,Vídeo largo,0,4861.0,5631.0,100,6,6,14.0,3,0
P01889,2025-05-31,Instagram,Resumen,Carrusel,1,27936.0,35384.0,3294,249,242,195.0,131,50
P01890,2025-05-31,Instagram,Efeméride,Vídeo corto,1,32987.0,52491.0,2286,199,177,173.0,98,49
P01891,2025-05-31,Instagram,Directo,Imagen,1,129593.0,165587.0,7763,497,476,360.0,253,120
P01892,2025-05-31,X,Previa,Imagen,1,16890.0,20426.0,118,8,10,14.0,3,2
P01893,2025-05-31,X,Previa,Vídeo corto,1,26300.0,43106.0,565,43,35,52.0,22,9
P01894,2025-05-31,X,Cantera,Texto,1,28025.0,45491.0,125,11,10,6.0,6,2
P01895,2025-05-31,X,Resumen,Imagen,1,64183.0,103979.0,1119,63,82,57.0,35,11
P01896,2025-05-31,X,Previa,Texto,1,46934.0,74265.0,295,19,29,23.0,8,3
P01897,2025-05-31,Facebook,Resumen,Carrusel,1,19777.0,25296.0,246,15,26,21.0,7,4
P01898,2025-05-31,Facebook,Patrocinador,Vídeo corto,1,22406.0,34849.0,135,9,12,11.0,5,1
P01899,2025-05-31,TikTok,Entrenamiento,Vídeo corto,1,39670.0,61186.0,2641,219,258,0.0,124,58
P01900,2025-05-31,TikTok,Patrocinador,Vídeo corto,1,4783.0,5615.0,213,21,21,16.0,10,5
P01901,2025-05-31,TikTok,Directo,Vídeo corto,1,20757.0,29837.0,2876,172,151,172.0,96,36
P01902,2025-06-01,Instagram,Institucional,Imagen,0,39938.0,56400.0,1398,95,92,74.0,44,27
P01903,2025-06-01,INSTAGRAM,Entrenamiento,Imagen,0,168853.0,216858.0,6495,540,455,66.0,294,123
P01904,2025-06-01,Instagram,Patrocinador,Imagen,0,29214.0,42035.0,583,40,58,8.0,24,6
P01905,2025-06-01,X,Patrocinador,Imagen,0,18181.0,20404.0,120,8,7,10.0,3,2
P01906,2025-06-01,Facebook,Institucional,Vídeo corto,0,11878.0,16460.0,64,5,6,3.0,3,0
P01907,2025-06-01,Facebook,Efeméride,Vídeo corto,0,28279.0,41176.0,232,13,26,25.0,6,3
P01908,2025-06-01,Facebook,Institucional,Vídeo corto,0,23934.0,30227.0,101,8,7,8.0,4,1
P01909,2025-06-01,Facebook,Patrocinador,Carrusel,0,31583.0,37453.0,227,15,20,5.0,9,2
P01910,2025-06-02,Instagram,Previa,Carrusel,0,24423.0,28005.0,835,58,87,5.0,34,13
P01911,2025-06-02,X,Previa,Texto,0,29168.0,46076.0,272,23,14,29.0,13,4
P01912,2025-06-02,Facebook,Patrocinador,Imagen,0,19694.0,32334.0,96,4,5,14.0,1,0
P01913,2025-06-02,Facebook,Efeméride,Imagen,0,14735.0,23484.0,118,7,7,12.0,3,1
P01914,2025-06-02,Facebook,Patrocinador,Vídeo largo,0,17218.0,20560.0,73,4,7,9.0,2,1
P01915,2025-06-03,Instagram,Fichajes,Imagen,0,24894.0,28624.0,1600,115,167,17.0,56,33
P01916,2025-06-03,Instagram,Entrenamiento,Vídeo largo,0,26198.0,36793.0,902,81,54,60.0,44,21
P01917,2025-06-03,X,Patrocinador,Texto,0,18988.0,25483.0,93,9,9,7.0,4,2
P01918,2025-06-03,X,Entrenamiento,Imagen,0,12067.0,18513.0,194,13,18,2.0,7,3
P01919,2025-06-03,Facebook,Fichajes,Imagen,0,12967.0,19192.0,259,24,16,31.0,11,6
P01920,2025-06-03,TikTok,Fichajes,Vídeo corto,0,8756.0,10777.0,1042,59,92,90.0,31,13
P01921,2025-06-03,TikTok,Cantera,Vídeo corto,0,8941.0,13938.0,768,60,50,47.0,33,11
P01922,2025-06-03,YouTube,Institucional,Vídeo largo,0,12276.0,18507.0,120,9,8,9.0,4,1
P01923,2025-06-04,Instagram,Efeméride,Carrusel,0,51362.0,81748.0,2339,182,249,12.0,95,39
P01924,2025-06-04,X,Afición,Imagen,0,35256.0,40846.0,465,41,38,29.0,21,11
P01925,2025-06-04,X,Patrocinador,Imagen,0,33864.0,45373.0,196,13,11,15.0,6,2
P01926,2025-06-04,X,Entrenamiento,Texto,0,40717.0,57614.0,343,23,28,5.0,15,3
P01927,2025-06-04,X,Institucional,Texto,0,16835.0,23578.0,65,5,5,8.0,3,1
P01928,2025-06-04,X,Patrocinador,Imagen,0,26233.0,37206.0,129,12,11,3.0,6,2
P01929,2025-06-04,Facebook,Previa,Texto,0,11893.0,15219.0,61,3,4,9.0,1,0
P01930,2025-06-04,Facebook,Afición,Carrusel,0,7715.0,9970.0,114,10,9,8.0,5,1
P01931,2025-06-04,YouTube,Entrenamiento,Vídeo largo,0,12462.0,17902.0,218,15,11,25.0,7,3
P01932,2025-06-04,YouTube,Afición,Vídeo corto,0,3145.0,4059.0,88,8,7,6.0,4,1
P01933,2025-06-05,X,Entrenamiento,Texto,0,17562.0,26526.0,203,18,17,0.0,8,3
P01934,2025-06-05,YouTube,Entrenamiento,Vídeo largo,0,7828.0,11977.0,196,17,16,20.0,9,5
P01935,2025-06-06,Instagram,Afición,Vídeo corto,0,44678.0,58484.0,2924,184,186,248.0,96,56
P01936,2025-06-06,X,Previa,Vídeo corto,0,23965.0,39261.0,460,27,37,36.0,15,6
P01937,2025-06-06,Facebook,Entrenamiento,Vídeo corto,0,9693.0,14392.0,140,13,10,9.0,5,4
P01938,2025-06-06,Facebook,Previa,Carrusel,0,14615.0,17565.0,250,15,22,22.0,6,3
P01939,2025-06-06,TikTok,Entrenamiento,Vídeo corto,0,6512.0,9595.0,625,56,35,50.0,30,16
P01940,2025-06-06,YouTube,Previa,Vídeo largo,0,3466.0,4203.0,57,3,3,9.0,1,0
P01941,2025-06-07,Instagram,Resumen,Imagen,1,34092.0,43212.0,2258,145,120,298.0,83,34
P01942,2025-06-07,Instagram,Resumen,Carrusel,1,68027.0,81038.0,2596,196,160,262.0,106,53
P01943,2025-06-07,Instagram,Institucional,Vídeo corto,1,53199.0,60228.0,2442,220,127,247.0,112,38
P01944,2025-06-07,Instagram,Previa,Carrusel,1,31100.0,45980.0,1195,82,80,137.0,48,18
P01945,2025-06-07,X,Directo,Imagen,1,27921.0,37865.0,422,40,24,42.0,24,6
P01946,2025-06-07,X,Cantera,Texto,1,71438.0,88440.0,587,30,59,51.0,16,6
P01947,2025-06-07,X,Directo,Texto,1,13666.0,15426.0,195,12,14,12.0,6,3
P01948,2025-06-07,X,Previa,Imagen,1,48278.0,60871.0,705,56,54,28.0,29,11
P01949,2025-06-07,X,Previa,Imagen,1,14734.0,22845.0,290,23,24,25.0,9,6
P01950,2025-06-07,Facebook,Resumen,Carrusel,1,9585.0,11515.0,111,8,6,13.0,4,2
P01951,2025-06-07,TikTok,Previa,Vídeo corto,1,7293.0,8853.0,725,66,44,68.0,33,19
P01952,2025-06-07,YouTube,Patrocinador,Vídeo largo,1,4141.0,5632.0,30,2,3,2.0,0,0
P01953,2025-06-07,YouTube,Afición,Vídeo corto,1,4119.0,6315.0,205,18,16,7.0,9,4
P01954,2025-06-07,YouTube,Fichajes,Vídeo largo,1,7991.0,10311.0,310,18,23,23.0,9,5
P01955,2025-06-07,YouTube,Afición,Vídeo largo,1,8731.0,13321.0,320,16,31,38.0,9,3
P01956,2025-06-08,X,Afición,Texto,0,13854.0,21812.0,129,10,7,5.0,5,2
P01957,2025-06-08,X,Cantera,Imagen,0,18684.0,28920.0,169,13,12,20.0,7,2
P01958,2025-06-08,YouTube,Resumen,Vídeo corto,0,4062.0,5515.0,277,21,30,20.0,11,4
P01959,2025-06-08,YouTube,Previa,Vídeo largo,0,4919.0,5535.0,83,7,7,1.0,3,1
P01960,2025-06-08,YouTube,Entrenamiento,Vídeo corto,0,5563.0,6942.0,180,14,14,16.0,7,3
P01961,2025-06-09,Instagram,Efeméride,Imagen,0,72199.0,104173.0,2375,227,170,262.0,121,45
P01962,2025-06-09,X,Patrocinador,Vídeo corto,0,31309.0,41402.0,283,15,22,20.0,6,3
P01963,2025-06-09,YouTube,Efeméride,Vídeo largo,0,5854.0,7533.0,133,10,7,17.0,5,2
P01964,2025-06-10,Instagram,Patrocinador,Imagen,0,34035.0,52529.0,542,41,41,58.0,21,12
P01965,2025-06-10,Instagram,Cantera,Vídeo corto,0,37820.0,55313.0,1797,106,164,53.0,59,24
P01966,2025-06-10,Instagram,Entrenamiento,Imagen,0,40622.0,56115.0,2783,178,202,156.0,88,51
P01967,2025-06-10,x,Fichajes,Imagen,0,11064.0,13547.0,359,25,32,34.0,14,4
P01968,2025-06-10,X,Entrenamiento,Imagen,0,27507.0,33425.0,214,11,11,,5,3
P01969,2025-06-10,TikTok,Cantera,Vídeo corto,0,6747.0,8242.0,502,38,33,12.0,18,8
P01970,2025-06-11,Instagram,Entrenamiento,Vídeo corto,0,23336.0,30920.0,1016,90,85,102.0,47,26
P01971,2025-06-11,Instagram,Afición,Imagen,0,30801.0,45413.0,2191,168,174,243.0,82,32
P01972,2025-06-11,X,Previa,Imagen,0,9557.0,13054.0,124,12,7,16.0,7,1
P01973,2025-06-11,X,Fichajes,Texto,0,23489.0,36007.0,350,25,24,29.0,12,6
P01974,2025-06-11,X,Entrenamiento,Vídeo corto,0,50076.0,71430.0,904,79,57,73.0,43,19
P01975,2025-06-11,X,Previa,Texto,0,56830.0,72497.0,678,41,51,70.0,21,7
P01976,2025-06-11,TikTok,Afición,Vídeo corto,0,9386.0,14647.0,1025,54,97,20.0,24,10
P01977,2025-06-12,Instagram,Previa,Imagen,0,10032.0,16415.0,487,36,33,21.0,20,7
P01978,2025-06-12,Instagram,Cantera,Imagen,0,32707.0,40095.0,917,84,45,81.0,47,13
P01979,2025-06-12,X,Institucional,Texto,0,22698.0,32349.0,121,7,10,3.0,4,1
P01980,2025-06-12,Facebook,Patrocinador,Imagen,0,9897.0,16048.0,30,1,1,5.0,0,0
P01981,2025-06-12,TikTok,Entrenamiento,Vídeo corto,0,10787.0,16726.0,872,74,79,92.0,46,15
P01982,2025-06-12,YouTube,Entrenamiento,Vídeo largo,0,6738.0,10163.0,203,19,11,27.0,10,3
P01983,2025-06-12,YouTube,Patrocinador,Vídeo largo,0,4658.0,6220.0,27,2,2,1.0,1,0
P01984,2025-06-12,YouTube,Institucional,Vídeo largo,0,6343.0,9943.0,96,8,7,8.0,5,1
P01985,2025-06-13,Instagram,Afición,Imagen,0,55312.0,72027.0,1604,158,162,108.0,104,30
P01986,2025-06-13,Instagram,Institucional,Imagen,0,15638.0,21883.0,405,22,35,39.0,12,6
P01987,2025-06-13,Instagram,Cantera,Carrusel,0,42398.0,53940.0,1408,117,90,29.0,57,31
P01988,2025-06-13,X,Efeméride,Carrusel,0,7337.0,8742.0,81,4,8,6.0,2,1
P01989,2025-06-13,X,Entrenamiento,Vídeo corto,0,16931.0,21247.0,266,16,17,24.0,8,3
P01990,2025-06-13,Facebook,Entrenamiento,Carrusel,0,7308.0,11186.0,54,3,6,5.0,1,0
P01991,2025-06-13,Facebook,Resumen,Carrusel,0,14299.0,17791.0,210,10,21,12.0,6,1
P01992,2025-06-14,Instagram,Resumen,Vídeo corto,1,49039.0,68136.0,5482,452,328,667.0,365,43
P01993,2025-06-14,Instagram,Entrenamiento,Imagen,1,51533.0,71923.0,1327,131,126,66.0,83,22
P01994,2025-06-14,Instagram,Entrenamiento,Vídeo corto,1,27775.0,44250.0,1666,99,179,139.0,66,13
P01995,2025-06-14,INSTAGRAM,Directo,Carrusel,1,39539.0,53852.0,3145,181,253,122.0,110,29
P01996,2025-06-14,X,Efeméride,Imagen,1,38130.0,47230.0,311,28,27,29.0,18,5
P01997,2025-06-14,X,Directo,Texto,1,55106.0,62831.0,1126,62,92,65.0,41,9
P01998,2025-06-14,Facebook,Entrenamiento,Vídeo corto,1,15090.0,18852.0,274,18,26,11.0,12,3
P01999,2025-06-14,Facebook,Entrenamiento,Vídeo corto,1,24870.0,34967.0,271,26,20,26.0,18,3
P02000,2025-06-14,TikTok,Afición,Vídeo corto,1,29286.0,,4904,418,329,275.0,316,41
P02001,2025-06-14,TikTok,Directo,Vídeo corto,1,9049.0,11092.0,1755,111,148,110.0,80,16
P02002,2025-06-14,TikTok,Previa,Vídeo corto,1,4807.0,7122.0,720,52,57,50.0,35,8
P02003,2025-06-14,TikTok,Institucional,Vídeo corto,1,6542.0,9790.0,312,17,30,29.0,11,3
P02004,2025-06-14,YouTube,Directo,Vídeo largo,1,5010.0,6758.0,164,10,12,13.0,6,2
P02005,2025-06-14,YouTube,Previa,Vídeo corto,1,7203.0,8718.0,289,17,28,12.0,12,1
P02006,2025-06-15,Instagram,Entrenamiento,Carrusel,0,25175.0,30193.0,964,52,67,144.0,29,10
P02007,2025-06-15,Instagram,Fichajes,Imagen,0,26396.0,34694.0,2446,225,247,116.0,132,44
P02008,2025-06-15,X,Resumen,Imagen,0,23993.0,33920.0,263,25,19,8.0,10,6
P02009,2025-06-15,Facebook,Efeméride,Texto,0,25144.0,32034.0,167,8,14,14.0,3,2
P02010,2025-06-15,YouTube,Afición,Vídeo largo,0,4965.0,5570.0,135,9,12,10.0,5,2
P00322,2024-09-27,YouTube,Resumen,Vídeo corto,0,7054.0,10323.0,426,21,45,23.0,10,5
P00897,2024-12-22,Instagram,Resumen,Vídeo corto,0,24814.0,31123.0,2244,153,233,173.0,82,25
P00385,2024-10-07,Instagram,Cantera,Vídeo corto,0,12315.0,18281.0,870,62,58,115.0,31,18
P00955,2024-12-31,Instagram,Cantera,Imagen,0,40299.0,51412.0,2177,153,184,45.0,85,25
P01215,2025-02-09,X,Institucional,Texto,0,29906.0,40354.0,160,12,10,22.0,7,2
P00308,2024-09-25,Instagram,Patrocinador,Texto,0,20695.0,32757.0,324,20,21,50.0,10,5
P00426,2024-10-12,X,Afición,Imagen,1,12747.0,14415.0,184,14,11,14.0,3,4
P01293,2025-02-23,TikTok,Previa,Vídeo corto,0,16285.0,20012.0,1298,116,72,164.0,74,21
P00966,2025-01-03,Facebook,Entrenamiento,Carrusel,0,19018.0,25587.0,257,18,25,20.0,10,4
P01729,2025-05-06,X,Cantera,Texto,0,19821.0,26503.0,85,5,4,15.0,2,1
P00044,2024-08-10,YouTube,Entrenamiento,Vídeo largo,0,5431.0,8213.0,114,6,9,13.0,3,1
P01911,2025-06-02,X,Previa,Texto,0,29168.0,46076.0,272,23,14,29.0,13,4
P00470,2024-10-19,Facebook,Previa,Vídeo corto,1,10900.0,16252.0,256,23,17,17.0,14,3
P00417,2024-10-11,TikTok,Cantera,Vídeo corto,0,8811.0,13440.0,461,42,46,35.0,21,7
P00641,2024-11-13,Instagram,Afición,Carrusel,0,24732.0,29937.0,1211,108,134,55.0,57,23
P00974,2025-01-04,Facebook,Directo,Vídeo largo,1,16873.0,27574.0,280,26,15,31.0,18,4
P00603,2024-11-07,YouTube,Entrenamiento,Vídeo corto,0,2117.0,2587.0,69,5,6,9.0,2,1
P01255,2025-02-17,X,Fichajes,Texto,0,,25015.0,145,13,11,16.0,6,3
